person_age,person_income,loan_amnt,loan_int_rate,loan_percent_income,cb_person_cred_hist_length,cb_person_default_on_file_Y,actual,predicted,default_probability
24,28000,10000,10.37,0.36,2,False,0,1,0.5797730987266567
27,64000,10000,15.27,0.16,10,True,0,0,0.3645908795387
26,72000,16000,0.0,0.22,3,False,0,0,0.05245215352385842
23,27996,10000,0.0,0.36,2,False,1,0,0.2726511782942785
30,44500,13000,16.32,0.29,6,False,1,1,0.5332886861188224
25,63000,20000,9.99,0.32,2,False,0,0,0.29928180027244217
26,27031,6000,9.99,0.22,4,False,0,0,0.2916971680067339
30,40000,2500,5.79,0.06,10,False,0,0,0.05426343427806218
26,90000,9600,13.85,0.11,4,True,0,0,0.2173378493528534
35,41235,3000,7.14,0.07,9,False,0,0,0.06898534328735226
21,26400,4750,12.23,0.18,3,False,0,0,0.27994538862999874
26,59500,12000,6.62,0.2,3,False,0,0,0.12128136492561749
39,134000,25000,10.25,0.19,17,False,0,0,0.06514901093684573
22,60000,24250,15.31,0.4,2,True,0,1,0.7341530203888365
23,32000,8500,13.16,0.27,4,False,0,0,0.4586306660068951
25,30000,5300,15.27,0.18,3,False,0,0,0.35541971891234986
24,148000,25000,15.31,0.17,2,True,1,0,0.16446590025591232
35,138000,14000,7.9,0.1,8,False,1,0,0.039562670575118655
26,190000,20000,12.18,0.11,4,False,0,0,0.04282596594259606
23,167300,20000,12.21,0.12,2,False,0,0,0.050569864130739085
34,122400,6800,10.65,0.06,10,False,0,0,0.05917379009924331
23,120000,6000,9.99,0.05,3,False,0,0,0.05173626561450342
23,39000,15000,12.21,0.38,4,False,1,1,0.5992422282762546
27,35000,6000,7.49,0.17,10,False,0,0,0.14859951310453592
31,65800,25000,7.51,0.38,9,False,1,0,0.29440798143735125
32,52256,4400,0.0,0.08,5,False,0,0,0.02887342824659067
36,408000,35000,7.9,0.09,13,False,0,0,0.004212016659066713
25,51850,3600,13.99,0.06,2,False,1,0,0.12698183632222648
37,120000,5400,5.99,0.04,17,False,0,0,0.030169235462440085
26,188000,20000,17.74,0.11,2,False,1,0,0.08339221757583508
24,55000,7000,7.14,0.13,3,False,1,0,0.09059233045415511
24,60140,7000,8.59,0.12,3,False,0,0,0.0960318316789977
26,43000,7800,7.88,0.18,2,False,0,0,0.15316106664283577
27,88000,14000,12.42,0.16,10,False,0,0,0.13121448525627416
22,66300,7500,14.96,0.1,2,False,1,0,0.1545297585335372
26,126000,7500,13.92,0.06,3,False,0,0,0.08194705458990832
21,17000,5750,8.9,0.34,2,False,1,1,0.555187901020086
24,63000,20000,19.13,0.32,3,True,0,1,0.7196898912631786
26,24000,4800,0.0,0.2,3,False,0,0,0.09499931243463251
22,33000,12000,9.91,0.36,2,False,0,1,0.5296339178599441
30,100000,1000,11.71,0.01,6,False,0,0,0.062373080948795984
32,65000,10000,11.99,0.15,5,False,0,0,0.15550399949098048
32,62217,6000,14.27,0.1,6,True,0,0,0.2680743883926527
25,37000,7200,11.34,0.19,2,True,0,0,0.3850654021119305
23,40000,10000,10.75,0.25,4,False,0,0,0.3127993704499874
31,80400,12000,7.29,0.15,10,False,0,0,0.07777278428886968
31,135000,15000,13.85,0.11,10,False,0,0,0.08205452321086981
22,64000,6625,6.62,0.1,2,False,0,0,0.06394183563646885
25,13380,2800,14.61,0.21,2,True,1,1,0.6198944308488937
34,948000,2000,9.99,0.0,7,False,0,0,0.0029151964665581746
34,103363,15000,0.0,0.15,8,False,0,0,0.0258797227882364
24,42000,12000,7.66,0.29,4,False,0,0,0.2896782090819636
33,99000,24000,11.36,0.24,7,False,0,0,0.13766853388381103
25,29004,12000,12.84,0.41,4,True,1,1,0.8403885671686153
26,34000,5500,13.11,0.16,3,False,0,0,0.25177160510148416
23,65000,5000,7.43,0.08,4,False,0,0,0.06354373374358122
22,69600,12000,7.29,0.17,4,False,0,0,0.09549441204983036
31,40000,2500,13.23,0.06,5,True,0,0,0.22245738428093048
25,37200,2800,16.29,0.08,3,False,1,0,0.20670688708648066
28,28800,15000,14.65,0.52,8,True,1,1,0.9432285392581475
21,78000,14275,9.91,0.18,4,False,0,0,0.1203390169291287
24,34000,8000,16.49,0.24,3,True,1,1,0.6536124774575247
24,54996,12500,12.87,0.23,2,False,0,0,0.2860543262608803
25,46000,9500,0.0,0.21,3,False,0,0,0.07475056485895136
30,62496,3200,0.0,0.05,8,False,0,0,0.022009652090257945
27,99000,9000,7.14,0.09,8,False,0,0,0.04832286054629322
35,48000,3400,13.06,0.07,9,False,0,0,0.12932606565254132
23,36996,10000,7.51,0.27,3,False,0,0,0.27313918090542416
26,76000,11800,13.11,0.16,3,True,0,0,0.2776053869710709
24,72000,6000,7.66,0.08,3,False,0,0,0.06072003338935214
28,115000,2850,6.54,0.02,7,False,0,0,0.03138558200686727
24,26400,6000,8.9,0.23,4,False,0,0,0.283348358043642
29,40000,3600,8.59,0.09,5,False,0,0,0.09450321524294089
24,65000,3600,10.59,0.06,2,False,0,0,0.08315494016432923
26,39000,5600,16.49,0.14,3,True,1,0,0.4416352176166417
22,33000,9000,11.99,0.27,4,False,0,0,0.41343625152896657
37,35000,4000,9.32,0.11,16,False,1,0,0.1210192440485998
22,54000,5600,9.63,0.1,2,False,0,0,0.09874505660105229
24,37680,15000,19.82,0.4,2,False,1,1,0.8280072577293314
25,46000,19750,16.7,0.43,4,True,1,1,0.8601890345043722
28,25000,12000,9.83,0.48,9,False,1,1,0.7927019131606454
23,88000,12475,6.03,0.14,4,False,0,0,0.05766203558008991
22,39000,6600,0.0,0.17,2,False,0,0,0.061476479848348344
28,30422,5000,8.49,0.16,9,False,0,0,0.16269947420582248
22,42996,4800,11.03,0.11,4,True,0,0,0.23112952033433934
25,87000,13000,11.26,0.15,3,False,0,0,0.11340888643347082
26,74000,9000,10.0,0.12,3,False,0,0,0.09744534868021502
25,79000,14000,6.92,0.18,2,False,0,0,0.08865527228339161
23,36000,8000,15.65,0.22,4,False,0,0,0.4158839262142279
29,74000,11500,11.71,0.16,10,False,0,0,0.1450620879950751
23,70872,10000,0.0,0.14,2,False,0,0,0.03435834448980673
28,52000,2800,10.99,0.05,8,False,0,0,0.08588131425338427
38,17760,2800,0.0,0.16,16,False,1,0,0.07485258906774812
39,96500,14400,15.2,0.15,11,False,1,0,0.16023645979412315
24,53184,13500,10.99,0.25,4,False,0,0,0.26687487221897177
26,48000,4225,9.83,0.09,3,False,0,0,0.10223393643839285
44,171996,25000,9.62,0.15,11,False,0,0,0.03795916982425756
31,79100,19150,6.99,0.24,6,False,0,0,0.11663130166403607
24,118000,5000,5.42,0.04,2,False,0,0,0.029097687762259742
35,19200,3675,8.49,0.19,7,False,1,0,0.23360293204415186
24,29000,2500,0.0,0.09,4,False,1,0,0.03742158215137074
51,28000,8000,11.86,0.29,26,False,0,0,0.48559191160370124
25,80000,14000,15.62,0.17,4,True,0,0,0.33284075150636516
29,85000,7000,6.92,0.08,8,False,0,0,0.05050776453358885
24,53000,9800,7.51,0.18,4,False,0,0,0.12735222602567944
22,100000,12000,11.11,0.12,3,False,0,0,0.08558930713673189
22,37000,15000,6.54,0.41,3,False,0,1,0.5000150189413631
36,72000,16500,13.61,0.23,11,False,0,0,0.2479974641603627
24,72000,14000,7.9,0.19,4,False,0,0,0.1097064286241884
23,83600,15000,8.49,0.18,2,False,1,0,0.0982834421382088
32,60000,7125,9.99,0.12,7,False,0,0,0.11313997022784403
23,20000,6400,10.65,0.32,4,False,0,1,0.5474950666647155
23,50400,8375,7.51,0.17,2,False,0,0,0.12711848393762756
21,80400,14400,0.0,0.18,4,False,0,0,0.03744765112383318
23,27000,1000,15.99,0.04,3,True,1,0,0.2701133238944763
29,70004,8000,9.63,0.11,9,False,0,0,0.09048757421567274
40,125000,24250,0.0,0.19,17,False,0,0,0.020438489270533777
24,47928,6000,12.53,0.13,2,False,0,0,0.17602082933259333
22,128165,14000,8.94,0.11,3,False,0,0,0.049485517297553315
28,38000,8400,7.51,0.22,7,False,0,0,0.2005003372577339
33,36000,7800,7.14,0.22,10,False,0,0,0.20122001794705888
26,62900,11000,7.9,0.15,3,False,1,0,0.09335926633789564
23,50004,2700,5.99,0.05,2,False,0,0,0.04847387321947596
22,51600,7000,12.98,0.14,2,True,0,0,0.3075404535139409
24,24000,1000,17.99,0.04,3,False,1,0,0.20020389078435252
21,57500,4000,7.9,0.07,3,False,0,0,0.06597082649949851
25,65000,12000,7.9,0.18,4,False,0,0,0.11447070832937647
25,58000,17000,10.95,0.29,4,False,0,0,0.30172340783910495
36,62400,14100,12.98,0.23,14,True,0,0,0.40974805460144226
26,38000,15000,15.33,0.39,3,False,0,1,0.7131685815581745
26,78000,18000,13.49,0.23,4,False,0,0,0.22309464865796058
23,56900,11200,0.0,0.2,3,False,0,0,0.05935920938480181
23,38000,10000,10.99,0.26,2,False,0,0,0.3444827059355587
44,24000,5000,14.74,0.21,15,True,0,1,0.5890836942237565
22,30000,12000,10.99,0.4,3,False,1,1,0.6600147306859124
26,36000,5000,10.37,0.14,4,False,0,0,0.1661608245238532
29,145000,25000,10.08,0.17,8,False,0,0,0.0507936189739384
28,52000,10000,6.92,0.19,8,False,0,0,0.12945163078244262
36,45000,2000,9.88,0.04,12,False,0,0,0.074585080359684
27,70000,5600,5.42,0.08,7,False,0,0,0.04783171706269131
40,52479,6600,14.54,0.13,13,False,1,0,0.21029035649006003
38,30132,3000,13.85,0.1,14,False,1,0,0.19326679212707634
27,58000,5900,9.32,0.1,6,False,0,0,0.09304410253273726
24,40000,3900,12.23,0.1,3,True,0,0,0.2540092882887278
22,50000,4800,6.03,0.1,3,False,0,0,0.06890274905648687
29,50000,3000,7.29,0.06,6,False,0,0,0.06157913024558078
23,65000,10000,13.98,0.15,4,False,0,0,0.18686330446971097
27,84000,7000,7.29,0.08,5,False,0,0,0.05307722932797434
25,108000,21000,11.71,0.19,4,False,0,0,0.10357380334912296
22,25000,7000,12.87,0.28,2,True,0,1,0.6616849428792044
30,70000,6000,0.0,0.09,7,False,0,0,0.027021261982670734
22,59600,6000,5.42,0.1,3,False,0,0,0.0581538145607329
26,16000,2450,0.0,0.15,2,True,1,0,0.1267811604259841
34,103000,16000,10.62,0.16,7,False,0,0,0.0950715911596103
27,56253,10000,11.36,0.18,8,False,0,0,0.18734556274857572
26,48000,6000,16.45,0.13,4,False,1,0,0.258839414831219
23,41496,7200,0.0,0.17,2,False,0,0,0.059132183139478954
31,24000,3000,7.49,0.13,10,False,0,0,0.12838671815073494
29,27600,7500,6.62,0.27,9,False,0,0,0.2879613679119753
25,25200,6000,9.76,0.24,3,False,0,0,0.32984583787697547
25,125000,12000,11.11,0.1,3,False,0,0,0.0665419502927178
31,77000,6000,12.69,0.08,8,False,0,0,0.10749572078106148
22,60000,2500,15.99,0.04,3,False,0,0,0.13570669321552403
23,65000,5400,8.9,0.08,3,False,0,0,0.07395847181834367
35,88000,13600,7.9,0.15,6,False,0,0,0.07638277370838549
24,100000,10000,12.87,0.1,4,True,0,0,0.17240819340997396
41,31000,3700,16.32,0.12,17,False,1,0,0.27630101264008095
24,30000,8000,14.26,0.27,2,True,0,1,0.6623489613104645
22,61000,12000,7.49,0.2,2,False,0,0,0.13161028140835787
23,26976,9000,7.51,0.33,4,False,1,0,0.42946843647059857
22,45996,3000,15.62,0.07,2,True,1,0,0.28440516248669945
22,31200,3000,11.86,0.1,4,False,0,0,0.15381783498391224
30,105000,20000,11.83,0.19,5,False,0,0,0.1132355337417883
23,93000,10000,14.26,0.11,2,False,0,0,0.127542226209238
23,36000,15000,14.59,0.42,4,False,1,1,0.7527101313165429
30,230000,12000,13.98,0.05,10,True,0,0,0.07750950778024052
24,56533,20000,11.11,0.35,2,False,0,0,0.40355137452143464
29,75000,6125,0.0,0.08,8,False,0,0,0.023776477078360843
23,48000,10500,7.51,0.22,2,False,0,0,0.17575126149344983
24,120000,20000,7.9,0.17,4,False,0,0,0.056342855586342326
33,75000,12000,7.88,0.16,10,False,0,0,0.093307663894646
29,43108,7200,6.03,0.17,7,False,0,0,0.11796176597236638
26,100000,9200,6.03,0.09,3,False,0,0,0.042194506423052267
36,55000,12000,0.0,0.22,13,False,0,0,0.06968726003227033
22,26400,7300,13.61,0.28,2,True,0,1,0.6771370474365278
30,60000,12000,11.71,0.2,9,False,0,0,0.2059535168474602
23,55000,5200,8.9,0.09,4,False,0,0,0.08431090255120828
24,56000,17400,5.99,0.31,2,False,0,0,0.21851588240514977
23,49000,4000,13.99,0.08,3,False,0,0,0.14781677822053726
27,112548,24000,0.0,0.21,7,False,0,0,0.025949068737985363
24,65000,10000,8.59,0.15,3,False,0,0,0.10532883679684944
30,143000,18000,8.49,0.13,7,False,0,0,0.04358421768399628
23,19200,3000,0.0,0.16,3,False,1,0,0.07300186771626517
28,75000,20000,12.18,0.27,5,False,0,0,0.2463788676838307
23,60000,22000,10.25,0.37,4,False,1,0,0.3916060728600602
23,113200,24250,10.62,0.21,3,False,0,0,0.09006978453846484
27,15000,3000,13.23,0.2,7,False,1,0,0.385565575382244
40,86000,20000,14.54,0.23,13,True,1,0,0.35658918480727825
23,69000,3800,15.28,0.06,3,True,1,0,0.23334331432812358
28,158367,12000,6.62,0.08,8,False,0,0,0.028766888006059723
22,52000,6000,7.9,0.12,4,False,0,0,0.09525969552871942
28,90000,5000,14.79,0.06,8,True,0,0,0.19918267161032638
35,55000,15000,8.49,0.27,10,False,0,0,0.23122696384987262
26,115000,15000,12.87,0.13,3,True,0,0,0.16643044778925156
25,24000,4000,7.75,0.17,3,False,0,0,0.17662359270226555
29,37200,15000,6.03,0.4,10,False,1,0,0.45922322636114576
25,74000,16000,8.49,0.22,3,False,0,0,0.13706033451306848
26,120000,20000,13.79,0.17,4,True,0,0,0.19491018943183636
31,39000,9000,10.71,0.23,6,False,0,0,0.2874418348405101
25,30600,14500,17.04,0.47,3,False,1,1,0.8788830368770119
21,24000,9600,14.27,0.4,4,False,1,1,0.7745375508400494
24,135000,10000,0.0,0.07,3,False,0,0,0.0140757967327906
35,77268,7500,11.03,0.1,7,False,0,0,0.09985257678845152
28,107364,8000,6.76,0.07,9,False,0,0,0.039350133754305384
29,89000,28800,7.49,0.32,6,False,1,0,0.14356780347365833
29,56048,4800,6.39,0.09,6,False,0,0,0.06510869887591442
25,58650,5600,14.84,0.08,4,False,1,0,0.14543378960044875
23,60000,2000,14.26,0.03,3,True,0,0,0.18541914499339765
28,142000,18000,10.38,0.13,8,False,0,0,0.054244357956280666
30,31200,3100,13.35,0.1,10,False,0,0,0.18005642241680306
31,54000,19400,18.53,0.36,10,False,1,1,0.6644945069752695
30,52000,4200,0.0,0.08,6,True,0,0,0.054282536785438484
27,60000,7000,19.47,0.12,7,False,0,0,0.2930561609931524
29,52000,7800,10.36,0.15,9,False,0,0,0.14897786866733648
24,55000,10000,5.42,0.18,2,False,0,0,0.09985488002769506
25,52000,7200,12.69,0.14,3,False,0,0,0.18105661736633694
32,30000,3600,14.11,0.12,9,True,1,0,0.3586837074440635
24,36500,7000,13.16,0.19,4,True,0,0,0.4412707881426187
31,75000,6000,7.68,0.08,10,False,0,0,0.06040602987407879
26,36000,4000,14.54,0.11,2,False,1,0,0.20999067388045134
29,44000,12000,15.96,0.27,7,True,1,1,0.6451585078850377
26,63000,3800,12.04,0.06,4,True,0,0,0.17237047480574288
22,34992,5000,0.0,0.14,3,False,0,0,0.05117263150990964
25,50000,2900,8.0,0.06,4,False,0,0,0.06684640544744885
25,30000,10500,16.29,0.35,2,False,1,1,0.7169588500996839
31,24000,1800,8.59,0.07,6,False,0,0,0.09150572039697993
30,120000,4800,7.4,0.04,8,False,0,0,0.03724758737599759
24,54000,9000,11.14,0.17,4,False,0,0,0.17877761189508581
38,72000,6000,5.99,0.08,11,False,0,0,0.050909616910344936
31,29000,5000,15.99,0.17,7,False,0,0,0.3597922405942675
21,30000,10000,11.99,0.33,4,False,1,1,0.5497155025752501
24,122000,15000,11.58,0.12,3,False,0,0,0.07189095593879631
31,28000,2600,10.08,0.09,7,False,0,0,0.12212950613893962
23,90000,8000,6.92,0.09,3,False,0,0,0.05140576058680258
22,49920,10000,12.53,0.2,3,False,0,0,0.24974529577969296
25,85000,20000,17.39,0.2,2,False,1,0,0.2309051178982024
33,51000,7200,6.76,0.14,5,False,0,0,0.0972700376053687
34,128000,12325,8.49,0.1,5,False,1,0,0.04859555672510814
38,313000,21600,0.0,0.07,16,True,0,0,0.0075683488123636945
25,46500,6000,8.88,0.13,2,False,0,0,0.11995209815126609
30,33000,1000,14.79,0.03,10,False,0,0,0.12811337498635678
28,50000,10000,10.74,0.2,8,False,0,0,0.21083894000375766
30,120000,3000,11.49,0.03,8,False,0,0,0.061214362878421094
39,31200,6400,11.49,0.21,15,False,0,0,0.3040104694700495
22,40000,4800,5.42,0.12,2,False,0,0,0.07995191346150413
29,158000,11000,8.49,0.07,7,False,0,0,0.03500424369834273
26,69912,8000,6.99,0.11,2,False,0,0,0.06747214620655309
23,100000,8000,11.49,0.08,4,False,0,0,0.07734947320728308
25,45000,7500,8.0,0.17,3,False,0,0,0.14301378148390614
33,34000,2400,11.99,0.07,9,False,0,0,0.12551388138101077
31,33600,7000,7.14,0.21,9,False,0,0,0.19367090510131457
24,118000,7000,8.49,0.06,2,False,0,0,0.045486502425745326
23,85000,7000,8.63,0.08,2,False,0,0,0.06174674183777086
23,60000,7200,0.0,0.12,2,False,0,0,0.03453349569002814
26,38100,3900,7.9,0.1,3,False,0,0,0.0943409185774511
30,65000,24000,7.9,0.37,5,False,1,0,0.29885680079607374
30,26400,3250,14.35,0.12,9,False,1,0,0.23512171763734335
24,176004,3200,10.0,0.02,4,False,0,0,0.038423874974913876
33,77000,13000,0.0,0.17,7,False,0,0,0.03846292491142981
30,48000,7500,7.49,0.16,6,False,0,0,0.12376976718942907
26,61200,3200,9.91,0.05,2,False,0,0,0.07293745173769245
23,60000,15000,7.9,0.25,3,False,0,0,0.18064681438981248
26,77368,15000,10.0,0.19,3,False,0,0,0.13021109006807288
44,80000,25000,15.33,0.31,17,True,0,1,0.5072445894097625
25,54000,5500,10.59,0.1,4,False,0,0,0.11096987227319861
33,32004,4000,8.32,0.12,9,False,0,0,0.12035426727563256
27,140000,2800,11.99,0.02,9,False,0,0,0.05548284850792342
28,48879,5000,12.42,0.1,7,False,0,0,0.141420360063927
30,30000,14500,0.0,0.48,8,False,1,0,0.4875636486434421
24,43000,10000,16.89,0.23,4,False,1,0,0.44392020132429116
25,94000,25000,0.0,0.27,2,True,1,0,0.08642646948765778
36,15000,5000,13.92,0.33,15,True,1,1,0.8126652623852192
23,75000,5400,12.69,0.07,2,False,0,0,0.10133772730502706
22,30000,4350,6.03,0.14,4,False,0,0,0.1079825484822413
54,53700,29850,0.0,0.56,28,True,1,1,0.601859743077172
26,60000,16000,7.49,0.27,2,False,0,0,0.19629897061320764
34,30000,4300,7.9,0.14,5,False,0,0,0.1375369808602419
21,37000,4000,10.08,0.11,3,False,0,0,0.1292465983870632
27,36000,4000,11.49,0.11,9,False,0,0,0.15107521089407233
34,103000,3525,5.42,0.03,8,False,0,0,0.030651073545196233
23,150000,25000,10.36,0.17,3,False,0,0,0.05147986724093267
25,85000,24000,10.99,0.28,4,False,0,0,0.1898718611017592
24,74700,19750,11.12,0.26,3,False,0,0,0.20706907207091924
28,131040,10000,13.35,0.08,7,True,0,0,0.14104408146594807
25,25000,8000,12.42,0.32,3,False,1,1,0.5764793255100212
30,114132,14400,14.54,0.13,10,False,1,0,0.11652403972615658
22,30000,6000,10.65,0.2,2,False,0,0,0.2644663018089382
24,73399,27000,0.0,0.37,2,False,1,0,0.11256988681439653
43,30000,11525,13.57,0.38,17,True,1,1,0.8170982446484308
34,38769,2400,8.9,0.06,6,False,0,0,0.08079314120369599
22,49500,2500,14.27,0.05,2,True,0,0,0.21855626797357638
23,21360,7500,7.14,0.35,3,False,1,0,0.4960587184312723
22,60000,6850,7.14,0.11,2,False,0,0,0.0745647652568208
23,51600,5000,10.59,0.1,3,False,0,0,0.11443938331585939
28,70000,13000,12.18,0.19,7,False,0,0,0.18460132827267298
30,200000,16000,0.0,0.08,5,False,0,0,0.008901514101003259
31,42100,5000,10.36,0.12,9,False,0,0,0.1377232666214152
23,90000,4000,5.42,0.04,3,False,0,0,0.03350500615142817
26,34000,7500,7.9,0.22,4,False,0,0,0.2203692222640971
22,55000,4800,12.98,0.09,4,False,0,0,0.13554216836832766
25,38000,18800,0.0,0.49,3,False,0,0,0.4404389939083801
24,94000,10000,18.64,0.11,2,False,0,0,0.20201525856216734
25,80000,12000,5.99,0.15,2,False,0,0,0.06725132055869942
23,45600,14000,7.9,0.31,3,False,0,0,0.3100703150668051
24,42000,10000,7.49,0.24,4,False,0,0,0.21427068425914594
22,52000,5200,0.0,0.1,4,True,0,0,0.060726565701458214
22,36000,7500,9.63,0.21,2,False,0,0,0.23843134405261524
26,110000,28000,8.9,0.25,2,False,0,0,0.08858640935695253
24,84200,24500,13.85,0.29,4,False,0,0,0.2644129791214245
29,160000,7000,0.0,0.04,8,False,0,0,0.01156954934883603
26,35000,1800,11.36,0.05,3,False,0,0,0.1003768490934453
27,80000,7500,11.71,0.09,10,False,0,0,0.0944532170158812
24,52000,15000,10.0,0.29,4,False,0,0,0.3058180290477256
23,38000,17500,11.11,0.46,4,False,0,1,0.7151072696970748
22,28000,12300,6.62,0.44,2,False,0,1,0.6247655499271308
31,42000,12000,0.0,0.29,9,False,0,0,0.13601409077029075
25,77000,7200,18.53,0.09,2,False,1,0,0.2044213982287307
25,34000,2000,7.66,0.06,4,False,1,0,0.07098294419173182
27,48000,6000,13.49,0.13,7,False,0,0,0.19323436599126823
21,40000,10000,7.51,0.25,4,False,0,0,0.23147218258357508
36,49000,7000,10.74,0.14,16,False,1,0,0.1499131951462552
25,39996,12000,8.94,0.3,3,False,0,0,0.3491753824671349
22,72000,25000,9.83,0.35,3,False,0,0,0.28548775241938146
22,24000,9250,8.94,0.39,2,False,1,1,0.6216846908875813
37,63000,14900,9.63,0.24,13,False,0,0,0.20049243937721262
33,65000,7000,14.26,0.11,10,False,0,0,0.16254777278917362
23,96260,25200,15.65,0.26,2,False,0,0,0.2352773785548174
26,92700,1500,9.63,0.02,2,False,0,0,0.053250064302569504
22,110000,8000,13.85,0.07,2,False,0,0,0.09001828925355626
25,42000,10000,10.99,0.24,2,False,0,0,0.29924842562886284
22,32484,6250,7.51,0.19,4,False,1,0,0.1755378722865761
25,253000,25000,17.26,0.1,4,False,1,0,0.04372545640854568
33,57500,2000,0.0,0.03,5,False,0,0,0.020118584601302242
24,70000,6000,7.88,0.09,3,False,0,0,0.06887701172947867
23,30000,5000,12.99,0.17,2,True,1,0,0.4225654926797839
33,28800,4000,9.88,0.14,5,False,0,0,0.17236603710257245
22,43000,6650,10.37,0.15,3,False,0,0,0.16155590983691795
32,60000,15000,14.83,0.25,9,False,0,0,0.34713960902373947
30,31000,12000,14.42,0.39,9,False,1,1,0.730598394077747
21,45000,8000,0.0,0.18,2,True,0,0,0.11118024714341573
30,30000,4500,13.92,0.15,8,False,0,0,0.26573020531977626
37,52000,10000,11.71,0.19,14,False,0,0,0.21523128381564208
28,55000,18000,14.11,0.33,5,False,0,0,0.47886976307470375
22,54000,5000,17.27,0.09,2,True,1,0,0.34008288691528094
28,33600,3000,5.42,0.09,5,False,0,0,0.06894182326378435
23,67476,25000,13.49,0.37,3,True,1,1,0.6024467250757822
24,117996,18000,17.04,0.15,3,True,0,0,0.2521225714072246
32,100000,14400,13.35,0.14,5,False,0,0,0.11864418926181859
30,48996,10000,15.45,0.2,5,False,1,0,0.3296382634626148
22,43200,5000,12.69,0.12,2,False,0,0,0.17443263605261963
24,14400,4050,6.91,0.28,4,False,1,0,0.37390289409772554
30,50000,10000,15.95,0.2,7,True,0,0,0.49949969139380324
23,57500,9000,6.91,0.16,2,False,0,0,0.103039711461215
22,42000,14750,12.99,0.35,4,False,0,1,0.549849870536355
23,44724,6500,10.96,0.15,3,False,0,0,0.1728252856105095
23,44160,10000,14.27,0.23,3,True,0,1,0.524278767240049
23,45000,10000,11.11,0.22,3,False,0,0,0.25786577966850416
30,70000,8000,13.11,0.11,6,True,0,0,0.23082395419977292
23,30000,1500,7.51,0.05,3,False,0,0,0.06591008978810832
25,34000,3000,10.51,0.09,3,False,1,0,0.12234576664565942
28,11029,2150,10.78,0.19,6,True,1,0,0.46323311752241075
26,36588,10000,10.65,0.27,3,False,0,0,0.3604166869941944
23,83000,10000,6.54,0.12,3,False,0,0,0.059504224554767705
32,52000,20000,0.0,0.38,9,False,0,0,0.18830858449505947
24,70000,7125,6.92,0.1,2,False,0,0,0.06360722629884553
26,45000,1500,7.05,0.03,2,False,0,0,0.04994726370737275
32,138000,20000,7.88,0.14,7,False,0,0,0.04056474594908998
24,185000,35000,12.42,0.19,2,False,0,0,0.040190360914519475
29,74872,15000,7.88,0.2,9,False,0,0,0.11256178978220456
26,109000,20000,6.54,0.18,3,False,0,0,0.0550871412295132
30,55000,15800,14.72,0.29,9,False,0,0,0.4299087610817282
31,120000,7500,10.99,0.06,9,False,0,0,0.059198459613850556
23,45000,2000,13.49,0.04,2,False,0,0,0.1111840616364416
23,70000,3000,14.27,0.04,2,True,0,0,0.1871549969505024
37,84000,8225,12.99,0.1,11,True,0,0,0.20252982367441386
47,79500,16000,7.51,0.2,14,False,0,0,0.10514269456889808
21,37232,17500,12.53,0.47,2,False,1,1,0.7686989459819205
33,71000,5300,11.49,0.07,7,False,0,0,0.09151929676918161
26,40000,10200,0.0,0.26,3,False,0,0,0.11585394793603451
29,84000,6000,11.49,0.07,6,False,0,0,0.08386733323043054
25,23460,7000,0.0,0.3,2,False,0,0,0.200977342959994
45,36700,2000,7.51,0.05,16,False,0,0,0.06480377670156484
22,30000,8000,5.42,0.27,4,False,0,0,0.24932287399113034
22,25200,7000,6.03,0.28,4,False,0,0,0.299790656920572
26,66000,14000,6.62,0.21,3,False,0,0,0.11679346799743437
28,71000,6000,8.49,0.08,10,False,0,0,0.0665963480773101
30,51000,2000,10.99,0.04,10,False,0,0,0.08218673616767208
26,52000,2500,14.82,0.05,2,True,0,0,0.2315641164080467
28,55200,3000,11.72,0.05,10,False,0,0,0.09091152259938659
21,14400,5000,13.72,0.35,4,False,1,1,0.7259853982583161
26,22440,4750,11.86,0.21,4,False,0,0,0.34027028155458094
27,183000,15000,19.03,0.08,6,True,0,0,0.17222751185000806
28,33600,3000,5.42,0.09,5,False,0,0,0.06894182326378435
30,102000,12250,7.66,0.12,8,False,0,0,0.056716514572968474
26,48000,9000,8.94,0.19,3,False,0,0,0.17230783234483102
30,85000,4200,5.99,0.05,10,False,0,0,0.03976867599847265
29,20000,2000,18.3,0.1,9,False,1,0,0.31171050590128185
28,71000,12000,8.49,0.17,9,False,0,0,0.10931109112546193
29,74000,16000,13.79,0.22,8,True,1,0,0.3721306630640935
34,35316,7200,14.84,0.2,10,False,1,0,0.3606152567020323
44,70000,9500,14.22,0.14,14,False,0,0,0.184464959094537
22,80000,35000,0.0,0.44,2,False,0,0,0.1326552476107515
37,39600,11500,13.48,0.29,15,False,0,0,0.4701499746491157
47,48000,16750,10.62,0.35,12,False,0,0,0.4555695499191551
29,150000,15000,16.32,0.1,9,False,0,0,0.0946292960598601
26,95000,15000,15.96,0.16,2,True,0,0,0.29868785599778513
30,76000,6250,7.88,0.08,10,False,0,0,0.06058039213471273
22,72000,5000,12.69,0.07,3,False,0,0,0.10387664499895718
38,85000,15000,6.03,0.18,15,False,0,0,0.07452439603804821
32,44500,15000,7.51,0.34,5,False,0,0,0.35903940364674564
33,118000,25000,14.96,0.21,9,True,1,0,0.23862117207351602
24,40000,1000,6.76,0.03,4,False,0,0,0.049814528436087725
36,80000,5000,7.29,0.06,16,False,0,0,0.04965739690757899
22,31800,12000,5.42,0.38,2,False,1,0,0.44059679716031347
22,73000,10000,18.25,0.14,2,True,1,0,0.4002765472378977
25,77078,3425,12.18,0.04,2,False,0,0,0.08110104869873148
36,75000,10000,6.99,0.13,13,False,0,0,0.07146320496202041
24,50000,15000,11.36,0.3,2,False,0,0,0.36918921330504195
25,80004,6000,8.0,0.07,2,False,1,0,0.0564495856024194
28,75000,11000,7.51,0.15,9,False,0,0,0.08518967302473171
22,17352,2250,15.27,0.13,3,True,0,0,0.44359840533475337
23,95004,10000,7.51,0.11,4,False,0,0,0.05831935454287133
26,15600,5000,5.99,0.32,3,False,1,0,0.43046710519735143
29,96050,15200,13.85,0.13,5,True,1,0,0.19232339882482175
21,34000,7800,13.79,0.23,2,False,1,0,0.3884441373678717
21,45000,4800,7.51,0.11,4,False,0,0,0.09047209591198559
27,33600,3200,11.99,0.1,9,False,0,0,0.15349113761834687
36,250000,31400,14.27,0.13,16,True,0,0,0.05289067005522345
23,40000,17475,9.91,0.44,2,False,1,1,0.6387564384455995
28,81000,6225,7.9,0.08,7,False,0,0,0.06004106222024244
25,50000,18000,7.88,0.36,2,False,0,0,0.3663889344135825
24,42000,2000,15.62,0.05,2,True,1,0,0.26056573264311256
26,62500,8000,11.49,0.13,2,False,0,0,0.1374388182273228
29,65004,5000,6.17,0.08,7,False,0,0,0.05534654580220097
21,104740,19200,11.99,0.18,3,False,0,0,0.10778091676527059
49,42000,3000,8.9,0.07,15,False,0,0,0.08665244319560006
22,36021,15000,0.0,0.42,3,False,1,0,0.32834394786511345
27,80000,35000,0.0,0.44,8,False,0,0,0.13242914547744933
26,92652,10000,13.23,0.11,2,True,0,0,0.20010480117532004
29,18000,5375,12.69,0.3,9,False,1,1,0.5790136436262902
30,36000,4500,13.49,0.13,6,True,0,0,0.34752119908615225
24,36000,3600,7.29,0.1,2,False,0,0,0.08974842229043146
24,87000,1000,13.99,0.01,4,False,0,0,0.08344033569342364
25,79200,11200,14.79,0.14,3,True,1,0,0.2840691113498744
29,113000,25000,13.16,0.22,9,False,1,0,0.12592138345981269
28,48715,12000,12.87,0.25,10,False,0,0,0.33759247445135004
25,68000,6500,12.99,0.1,3,True,0,0,0.22639686136727966
22,81800,2500,6.39,0.03,2,False,0,0,0.038312122543848894
21,36000,5000,12.99,0.14,4,False,0,0,0.2138311358194861
23,50000,14000,10.33,0.28,2,False,0,0,0.30822224097881973
36,34000,8000,17.74,0.24,17,False,1,1,0.5332868845110986
24,41160,4000,0.0,0.1,4,False,0,0,0.036334150886493485
20,34800,7000,13.61,0.2,2,True,0,0,0.4798156431686125
22,40000,6000,7.66,0.15,2,False,0,0,0.12635250169375897
23,108000,5000,7.66,0.05,4,False,0,0,0.04296397765530974
23,34000,8500,13.92,0.25,3,False,1,0,0.43160605889719994
28,140000,15000,11.26,0.11,5,False,0,0,0.060089929957501786
27,110004,25000,12.73,0.23,6,True,0,0,0.22733411895537778
23,63000,2500,14.72,0.04,2,False,0,0,0.11777386940894716
24,69500,12000,10.65,0.17,2,False,0,0,0.14020385997366894
38,40000,9600,11.11,0.24,11,False,0,0,0.3124182322145842
26,34099,7200,12.73,0.21,3,False,0,0,0.32351644376157673
61,90000,10000,5.79,0.11,20,False,0,0,0.05209655123552708
31,78000,8000,10.0,0.1,6,False,0,0,0.08537068981892644
31,49500,10000,10.75,0.2,6,False,0,0,0.21412467462330373
22,42500,11850,14.11,0.28,2,True,1,1,0.6159959371220549
27,96000,10000,7.88,0.1,10,False,0,0,0.05495524168286128
29,34999,12000,11.58,0.34,10,False,1,1,0.529616194651412
27,37000,7900,11.11,0.21,7,False,0,0,0.26848841432061027
26,35000,2500,8.9,0.07,2,False,0,0,0.0878980158541587
27,40000,5000,11.99,0.13,9,False,0,0,0.17706986750808335
22,43200,6000,7.68,0.14,4,False,0,0,0.11419361524390777
31,53000,15875,7.9,0.3,5,False,0,0,0.265404535342855
31,102000,4000,7.88,0.04,10,False,0,0,0.04362468895542487
32,24000,12000,0.0,0.5,8,False,1,1,0.5820011883473752
47,65000,9500,11.89,0.15,14,False,0,0,0.16096241907488187
26,50400,15000,10.75,0.3,2,False,0,0,0.3528477173601912
24,40000,4500,12.84,0.11,3,False,0,0,0.16913992254759022
25,100000,20000,13.06,0.2,2,False,0,0,0.1425040182618
27,91800,25000,15.95,0.23,9,False,1,0,0.19386085597802913
24,37876,8000,9.63,0.21,2,False,0,0,0.23306430797951339
23,66500,22000,8.88,0.33,2,False,1,0,0.2631277138833415
25,78000,6000,0.0,0.08,4,False,0,0,0.02370466513346296
26,52700,7500,13.8,0.12,2,False,1,0,0.17002334585092538
22,28000,7125,0.0,0.25,4,False,0,0,0.12754496171140792
26,36000,5650,0.0,0.16,3,True,0,0,0.10977461775452166
28,50000,15000,7.49,0.3,8,False,0,0,0.26383696037986665
31,86500,25000,13.57,0.29,10,True,0,0,0.3925625060990394
23,44400,5000,16.29,0.11,4,True,1,0,0.3644532179832575
33,118000,35000,17.49,0.3,7,True,1,0,0.3676523914914281
23,83004,3500,12.61,0.04,2,True,0,0,0.1481073954662659
22,95000,7200,12.23,0.08,4,True,0,0,0.15847829889307877
25,48500,19500,15.57,0.4,3,False,1,1,0.6745191106213886
23,67000,3000,10.99,0.04,2,False,0,0,0.0741418344362459
37,155000,20000,6.54,0.13,15,False,0,0,0.02943381570508502
25,250000,10575,6.99,0.04,2,False,0,0,0.016663791225258254
33,65000,4000,12.87,0.06,7,False,0,0,0.106792985606433
32,34000,4000,7.49,0.12,9,False,0,0,0.10880162224149617
24,41600,8000,10.59,0.19,4,False,0,0,0.2157370093033547
28,34000,5000,14.26,0.15,9,True,1,0,0.40789919918987
21,16200,2200,16.49,0.14,2,False,1,0,0.3494971463099529
25,46000,6000,14.72,0.13,4,True,0,0,0.351845243196841
25,76000,13200,12.23,0.17,4,False,0,0,0.15276291729119473
21,21000,5000,20.89,0.24,2,False,1,1,0.6792269136657885
31,84996,2500,8.49,0.03,10,False,0,0,0.049046005037557364
34,50000,12000,0.0,0.24,9,False,0,0,0.0856502840242689
23,86000,4800,9.62,0.06,3,False,0,0,0.06475723308135803
22,19200,4000,10.25,0.21,3,False,1,0,0.3061798132511032
27,22800,3500,13.99,0.15,10,True,1,0,0.42923914862403134
28,35000,5000,8.9,0.14,9,False,1,0,0.14146513333461774
23,50000,10000,0.0,0.2,2,False,0,0,0.06513761257004155
30,36000,15000,11.83,0.42,5,False,0,1,0.6874386227039733
22,22560,4200,15.2,0.19,4,True,1,1,0.557097354488422
27,157544,35000,12.99,0.22,10,True,0,0,0.11197351391213786
28,93200,8800,7.88,0.09,7,False,0,0,0.05469014571614815
25,50000,4000,10.37,0.08,2,False,0,0,0.0998715838467259
24,64000,12000,17.56,0.19,4,True,1,0,0.4800348157338891
28,78000,12000,10.62,0.15,10,False,0,0,0.11322500061587293
33,50750,7500,11.91,0.15,6,True,0,0,0.2999094596332954
29,45000,14000,13.48,0.31,5,True,0,1,0.6389010809693848
25,70000,15000,13.16,0.21,3,True,1,0,0.34834177858191345
30,26000,1200,10.99,0.05,6,False,0,0,0.10254641863424614
26,41400,7300,9.45,0.18,4,False,0,0,0.1848429920998797
29,37440,3000,5.42,0.08,8,False,0,0,0.06166439214296582
31,36000,10000,10.65,0.28,5,False,0,0,0.38696135785878477
21,25200,6000,8.94,0.24,3,False,0,0,0.3046080381836216
24,24000,5500,14.27,0.23,2,False,0,0,0.4476627770397005
22,36850,5200,12.42,0.14,4,False,0,0,0.20021201331976507
23,57188,17450,6.62,0.31,3,False,0,0,0.22988559470321954
22,38000,6400,20.62,0.17,3,False,1,0,0.46775180790743853
35,165000,8000,11.49,0.05,8,False,0,0,0.049088207482645196
24,27600,2000,14.27,0.07,2,True,0,0,0.27607866933419967
31,36000,6000,6.99,0.17,9,False,0,0,0.14251722970142502
27,75000,3900,10.51,0.05,8,False,0,0,0.071048326856131
24,150000,15000,13.16,0.1,3,True,0,0,0.1194543076219515
39,250000,4000,15.23,0.02,13,False,0,0,0.05566603927332405
24,195000,5000,8.9,0.03,3,False,0,0,0.031500245899811555
29,91440,23000,6.54,0.25,7,False,0,0,0.09396143602251725
25,75000,7200,0.0,0.1,4,False,0,0,0.027110216195367156
25,126000,10200,0.0,0.08,4,False,0,0,0.01581046794376659
32,22000,10000,18.39,0.45,6,True,1,1,0.9489396009595662
39,125000,4500,6.62,0.04,11,False,0,0,0.03467565678603632
23,38400,13000,11.71,0.34,3,False,1,1,0.516088498586505
45,180000,10000,5.99,0.06,11,False,0,0,0.024159096558686102
35,42000,3200,15.62,0.08,5,False,0,0,0.1914147712933442
26,34000,4000,17.58,0.12,3,False,1,0,0.3015352431853288
22,35500,4000,12.53,0.11,2,False,0,0,0.1695162689697203
21,63000,4000,11.49,0.06,3,False,0,0,0.08956471515852393
28,80000,2200,9.99,0.03,6,False,0,0,0.06067342793988232
23,45000,15000,7.9,0.33,4,False,1,0,0.3405531733266662
35,65000,6500,5.42,0.1,7,False,0,0,0.057277741286238734
24,54000,6300,14.65,0.12,2,True,1,0,0.3182509988688939
24,55000,5500,8.59,0.1,4,False,0,0,0.08800632679677185
38,56524,22000,10.75,0.39,15,False,1,0,0.46289646985881344
30,190000,15000,11.48,0.08,8,False,0,0,0.03955238702119866
29,144000,5000,13.06,0.03,7,False,0,0,0.06099084743008741
22,36250,6000,14.22,0.17,3,True,0,0,0.4387445656567285
23,70000,20500,13.16,0.29,3,True,0,0,0.4590531259962702
28,32640,4500,7.14,0.14,8,False,0,0,0.12107617510213307
23,128000,6000,7.49,0.05,2,False,0,0,0.03752141546135227
22,45630,2500,18.64,0.05,4,True,1,0,0.32733781262846573
33,186996,25000,14.46,0.13,8,True,0,0,0.09537861684209632
27,30000,5350,13.06,0.18,6,False,1,0,0.2935851404331514
31,110000,6000,6.99,0.05,6,False,0,0,0.03790854959517935
23,90000,12000,8.9,0.13,3,False,0,0,0.07522826726240056
33,74000,20500,6.54,0.28,10,False,0,0,0.14801489261065331
25,41000,12000,10.0,0.29,3,False,1,0,0.355767550794719
22,34000,11500,10.99,0.34,2,False,0,1,0.5199823498597043
22,100000,24000,13.47,0.24,4,False,0,0,0.16770897590661643
22,55082,12000,0.0,0.19,3,True,1,0,0.09489323417772329
36,24960,5000,6.62,0.2,15,False,0,0,0.19097195359813438
25,36000,7500,13.49,0.21,4,False,0,0,0.33769109404618325
26,115000,6000,10.75,0.05,2,False,0,0,0.05822716386419045
24,102000,9800,10.36,0.1,4,False,0,0,0.07362338511313578
23,25200,1000,11.48,0.04,4,False,0,0,0.09872781798741666
29,144000,16000,6.62,0.11,9,False,0,0,0.03183003306767313
29,80000,12500,11.71,0.16,7,False,0,0,0.13646699952453598
25,70000,15600,11.71,0.22,3,False,0,0,0.1979910625074493
27,23400,4000,7.49,0.17,6,False,0,0,0.1718269700738545
23,48600,4800,10.36,0.1,3,False,0,0,0.1137487772074335
32,44000,5000,20.17,0.11,10,False,1,0,0.3292628087866248
39,45000,8625,0.0,0.19,13,False,0,0,0.06634492229809334
26,68000,25000,15.65,0.31,2,False,1,0,0.36336724487382427
29,24960,4000,5.42,0.16,10,False,0,0,0.12522699607874757
29,75000,8000,11.99,0.11,5,False,0,0,0.11759904778504975
35,30000,1500,7.29,0.05,8,False,1,0,0.06577581950188148
26,29400,12000,9.32,0.41,4,False,1,1,0.6381427471217109
39,24000,2000,10.99,0.08,11,False,0,0,0.13072532192575015
21,21600,3500,7.51,0.16,2,False,0,0,0.1621428948207798
24,85000,6250,14.91,0.07,2,False,0,0,0.12075493085336207
28,145000,25000,0.0,0.17,9,False,0,0,0.014806347091339444
39,56000,10000,12.73,0.18,12,True,0,0,0.3517369834367966
22,115000,12000,5.99,0.1,3,False,0,0,0.03694944609381444
30,50000,4500,13.11,0.09,7,True,0,0,0.24432894750477743
23,33000,6500,7.51,0.2,2,False,0,0,0.18949458378474748
25,48996,11000,7.88,0.22,2,False,0,0,0.1785855281174948
22,72204,18000,12.53,0.25,3,False,0,0,0.23895953783231308
24,42000,12000,7.66,0.29,3,False,0,0,0.2903377161739537
21,50000,10000,6.99,0.2,4,False,0,0,0.14170702938163224
23,46000,10000,13.43,0.22,4,False,1,0,0.31587530944734343
24,72800,2300,10.62,0.03,4,False,0,0,0.06593971476254146
22,24960,4525,7.51,0.18,4,False,0,0,0.17981965539521527
25,48902,6000,15.23,0.12,3,True,1,0,0.3420994103660796
22,62000,12500,7.29,0.2,2,False,0,0,0.1250228023885397
26,84996,3600,11.99,0.04,2,False,0,0,0.07696626229066905
23,38400,13250,10.99,0.35,4,False,1,1,0.514081290734026
31,54996,5000,8.0,0.09,9,False,0,0,0.0776923521883034
25,24996,7500,12.98,0.3,3,True,0,1,0.7031952035425936
22,42500,5000,12.42,0.12,4,False,0,0,0.1690325415990824
21,45000,6250,5.42,0.14,3,False,0,0,0.08680916217337598
22,21600,2000,16.89,0.09,2,False,1,0,0.25417418792041346
25,24000,13250,10.37,0.55,2,False,1,1,0.8862182204586299
38,12000,4800,7.29,0.4,12,False,1,1,0.6737198887207486
29,108000,16000,0.0,0.15,7,False,1,0,0.02369798369846662
28,79200,10000,7.66,0.13,10,False,0,0,0.0750134216971311
23,15600,4500,5.99,0.29,4,False,1,0,0.3623922692428924
28,45000,10000,9.91,0.22,6,False,0,0,0.23150400902919038
38,40000,9000,7.49,0.23,16,False,0,0,0.21039986231266064
22,33600,5000,18.25,0.15,2,False,0,0,0.37181925049698655
26,59000,12000,0.0,0.2,4,False,1,0,0.05670170227558204
28,62040,13400,13.06,0.22,6,True,0,0,0.39803507846634184
22,74000,12600,10.65,0.17,3,False,0,0,0.13295927190254217
25,57500,6000,11.28,0.1,3,False,1,0,0.11576434062745769
26,34515,5400,7.68,0.16,4,False,0,0,0.1457340265094156
28,56461,5400,15.68,0.1,6,True,0,0,0.31301073811368985
26,43200,2500,9.88,0.06,4,False,0,0,0.08702402192605971
24,60000,7000,7.88,0.12,3,False,0,0,0.08861698497295442
24,66000,8400,0.0,0.13,2,False,0,0,0.03490949326002411
26,108000,7500,16.77,0.07,3,True,1,0,0.22357682588786634
27,25000,7000,8.9,0.28,10,False,0,0,0.3799102938247533
32,66504,3500,11.99,0.05,8,False,0,0,0.08981772281792848
22,44400,5500,12.73,0.12,4,False,0,0,0.16932524291779877
22,48000,13000,7.88,0.27,2,False,1,0,0.24013267970949617
35,66000,3000,6.03,0.05,10,False,0,0,0.04623743462501335
32,100000,5000,0.0,0.05,6,False,0,0,0.017761471673884987
30,168000,18000,14.46,0.11,9,True,1,0,0.12189774004093563
25,44000,7500,10.08,0.17,4,False,1,0,0.1780293632629753
25,32000,8000,10.62,0.25,3,False,0,0,0.3441444436715893
24,85000,12000,11.14,0.14,3,False,0,0,0.10833269809312668
47,244000,9000,13.61,0.04,11,False,0,0,0.04372544011786689
22,86000,18000,13.48,0.21,2,False,1,0,0.18485735398637582
25,80000,5000,14.96,0.06,4,True,1,0,0.20831332029219654
23,100000,10000,11.46,0.1,2,False,0,0,0.08338366906992012
31,93000,3000,8.49,0.03,8,False,0,0,0.046756348701419405
21,15300,3150,10.99,0.21,4,False,1,0,0.33910878934039335
37,38400,2400,6.99,0.06,17,False,0,0,0.06328851683108733
33,48000,14400,12.42,0.3,10,False,0,0,0.4123612656207552
31,100000,6000,10.99,0.06,6,False,0,0,0.06917596007582226
25,160000,9000,0.0,0.06,3,False,0,0,0.012536515986033222
23,67200,8000,0.0,0.12,3,False,0,0,0.032100927257249154
29,136000,7775,14.96,0.06,5,True,1,0,0.1575706706545175
24,108000,5000,12.69,0.05,4,False,0,0,0.0780137501709675
40,21600,3000,14.09,0.14,13,True,1,0,0.4247308455795436
23,135000,16000,6.91,0.12,3,False,0,0,0.037320702144692006
28,62000,12800,13.16,0.21,5,True,0,0,0.38656322485442496
27,30000,16000,10.99,0.53,6,False,1,1,0.8500925613926323
23,78000,8000,12.87,0.1,3,True,1,0,0.20181352158353716
24,31000,2500,14.54,0.08,3,True,1,0,0.29435755064406377
31,30000,4400,15.62,0.15,8,False,0,0,0.3113587180546844
23,37500,7000,12.69,0.19,4,False,0,0,0.27759143724600055
23,50205,5300,5.42,0.11,4,False,0,0,0.06847023297642825
31,78996,15600,12.53,0.2,5,False,1,0,0.1805711270996544
21,36000,15000,6.62,0.42,2,False,1,1,0.5284158853492581
32,60000,6000,11.36,0.1,8,False,0,0,0.11679526919186842
24,105804,15000,7.49,0.14,3,False,0,0,0.05643827046699823
28,125000,10000,9.99,0.08,9,False,0,0,0.053690770463522476
28,45000,15000,15.99,0.33,8,True,0,1,0.7334731050307238
26,79700,7200,9.99,0.09,3,False,0,0,0.08034320227435662
34,195000,6000,6.92,0.03,10,False,0,0,0.02359155474626965
27,57500,5000,0.0,0.09,6,False,0,0,0.029625240359077196
28,80000,35000,15.62,0.44,10,False,1,1,0.5187330939448237
24,60000,3400,0.0,0.06,2,False,0,0,0.024152334359909003
34,55000,2500,13.49,0.05,7,False,0,0,0.11720374277308913
28,109200,8000,11.12,0.07,6,False,0,0,0.06629433990729067
31,52000,10000,8.49,0.19,5,False,0,0,0.15589472005004415
26,85200,8000,6.03,0.09,4,False,0,0,0.047244970547965566
22,24000,7125,9.67,0.3,3,False,0,0,0.4523292135783946
33,51200,13075,16.7,0.26,8,True,1,1,0.6251078604203913
30,36000,5000,10.65,0.14,9,False,0,0,0.17076612450035075
24,54000,5500,8.07,0.1,2,False,0,0,0.08365167957150897
23,51600,7200,10.65,0.14,3,False,0,0,0.14548421798418937
27,75860,24000,10.99,0.32,5,False,1,0,0.2660728390718122
38,27600,5000,14.59,0.18,16,True,1,1,0.5009204540668178
29,35000,3600,8.0,0.1,9,False,0,0,0.09711955919705859
22,24000,3000,13.61,0.13,2,False,0,0,0.23980661250952204
23,38000,5000,11.58,0.13,3,False,0,0,0.17139270545784585
24,57000,6000,5.99,0.11,3,False,0,0,0.06931471557655892
22,40800,17050,0.0,0.42,2,True,0,0,0.45051006758433176
23,47000,2400,13.75,0.05,4,True,0,0,0.20949436289553197
33,92259,11500,10.0,0.12,7,False,0,0,0.08114247296831041
24,29000,6000,15.62,0.21,3,False,1,0,0.42742288440153287
31,36000,7000,13.72,0.19,8,False,0,0,0.3083835147923693
23,40800,10400,10.0,0.25,2,False,0,0,0.28869616132542575
24,81600,8000,12.84,0.1,2,True,0,0,0.2003974027093644
24,51996,7000,7.49,0.13,3,False,0,0,0.09510901526802344
27,55200,4000,0.0,0.07,10,False,0,0,0.025715740869526067
30,40525,4800,14.65,0.12,10,False,1,0,0.21653364515588033
27,88000,10000,7.51,0.11,7,False,0,0,0.05981828603449332
25,40000,10000,13.48,0.25,3,False,0,0,0.3929749582093246
35,40800,5000,6.54,0.12,5,False,0,0,0.09260543941946106
22,54000,7000,14.96,0.13,4,True,1,0,0.3366170249620624
33,103000,9000,14.65,0.09,9,True,1,0,0.20103902767327758
23,65000,4000,11.49,0.06,4,False,0,0,0.0893361059709657
25,45996,5000,0.0,0.11,2,True,1,0,0.06981649362278369
30,97000,25000,16.32,0.26,5,True,0,0,0.39757508086121846
24,66766,9000,6.99,0.13,2,False,0,0,0.07708409398440574
28,20000,4000,10.99,0.2,10,False,0,0,0.3035782244625117
25,78000,14200,11.48,0.18,3,False,0,0,0.14543400482625213
28,10800,4200,11.83,0.39,5,False,1,1,0.7723915839216403
21,50000,1000,13.49,0.02,3,False,0,0,0.09575739829103355
21,68000,18000,10.65,0.26,2,False,0,0,0.21757018351851462
33,44000,2725,12.18,0.06,6,False,1,0,0.11295569449572082
37,186000,3000,6.39,0.02,13,False,0,0,0.02468503112607801
32,49000,11500,10.99,0.23,9,False,1,0,0.2564740702115613
22,110000,6000,9.99,0.05,3,False,0,0,0.05318123046514358
27,42500,8000,13.06,0.19,5,False,0,0,0.2735050874585468
30,200000,10000,8.59,0.05,7,False,0,0,0.027186408957959863
25,25000,3450,11.99,0.14,4,False,1,0,0.21705555149757658
25,45000,17000,11.89,0.38,2,False,0,1,0.5581462024228497
25,20400,4750,12.98,0.23,4,True,0,1,0.5836262411404908
22,48000,9925,9.63,0.21,2,False,0,0,0.20608589956532516
28,55000,4800,5.79,0.09,6,False,0,0,0.06067618676655412
24,43300,24000,10.62,0.55,2,False,0,1,0.7957806618797667
22,110500,9000,5.79,0.08,4,False,0,0,0.035845130712498216
36,74000,3600,15.62,0.05,12,True,1,0,0.22520078324517395
25,31000,9600,16.77,0.31,3,False,1,1,0.6537143362736089
22,66996,7000,14.72,0.1,3,True,0,0,0.25929568206785203
36,64000,6800,18.39,0.11,12,True,1,0,0.3899459992965685
35,25000,3000,15.33,0.12,8,False,1,0,0.2657110637061156
25,60000,3200,5.42,0.05,4,False,0,0,0.0426524987472957
35,44000,5000,16.95,0.11,9,True,1,0,0.390149501706407
21,35000,6400,12.69,0.18,4,False,0,0,0.26518347684674254
22,54996,7200,7.66,0.13,2,False,0,0,0.09473233637098324
23,56004,10000,13.61,0.18,4,False,0,0,0.23405579207228813
28,30000,12000,6.62,0.4,7,False,1,1,0.5308558506561314
27,20000,6000,13.11,0.3,5,True,0,1,0.7285665214939852
22,24996,13000,8.88,0.52,4,False,0,1,0.8262327635752675
29,40000,5000,5.42,0.13,10,False,0,0,0.08658901631019256
21,42000,13000,15.31,0.31,3,False,1,1,0.548559279796156
22,35004,3000,7.9,0.09,4,False,0,0,0.0899440596112016
28,51000,6000,12.69,0.12,5,False,0,0,0.16383245818679357
24,73000,22400,16.7,0.31,4,True,1,1,0.5878627500407843
21,75000,12000,12.09,0.16,2,True,0,0,0.24838690556340257
26,68000,3600,6.54,0.05,3,False,0,0,0.046772762630444595
23,44400,6500,7.51,0.15,4,False,0,0,0.11917621007152485
24,72000,13200,7.29,0.18,3,False,0,0,0.09808011562681374
26,53004,5000,10.0,0.09,4,False,0,0,0.09812527589145248
29,75000,8000,11.99,0.11,8,False,0,0,0.1166055863188589
22,39396,5000,6.62,0.13,4,False,0,0,0.09898148721629679
27,69000,3325,16.32,0.05,7,True,1,0,0.24419119632203456
23,60000,10000,0.0,0.17,3,False,0,0,0.047348789664878585
23,52000,6000,14.22,0.12,4,False,0,0,0.18915065822600866
24,46000,2000,7.66,0.04,2,False,0,0,0.056831815473660834
42,35010,3500,12.68,0.1,16,True,0,0,0.27692218241496874
28,83137,3600,14.72,0.04,9,False,0,0,0.10417838469550603
27,60000,5000,9.63,0.08,6,False,0,0,0.08386126846402273
29,42000,7500,12.87,0.18,8,True,0,0,0.3972151560963383
25,58296,5000,6.17,0.09,4,False,0,0,0.061868135902497304
23,60000,8000,10.25,0.13,3,False,0,0,0.11946004694092442
23,39996,6000,7.51,0.15,3,False,0,0,0.12432022724395257
26,21000,3000,10.59,0.14,2,False,0,0,0.19655476948081194
38,90000,25000,0.0,0.28,17,False,0,0,0.052035725058051166
28,32000,5000,6.99,0.16,7,False,0,0,0.13883602808736825
22,65496,10000,11.11,0.15,4,False,0,0,0.13761198564787028
23,30000,9000,14.61,0.3,4,True,1,1,0.7208525410217971
22,65000,8000,6.54,0.12,4,False,0,0,0.07003723466148508
34,51600,1600,15.21,0.03,6,True,1,0,0.2174034370310778
22,50000,6000,13.49,0.12,2,True,0,0,0.2926110729960214
25,96000,12000,11.99,0.13,3,False,0,0,0.10580000515456689
23,46300,1675,6.54,0.04,3,False,0,0,0.050342198226776685
24,82632,10000,12.21,0.12,4,False,0,0,0.11422179907816737
24,68004,4000,6.39,0.06,3,False,0,0,0.04907709107436561
50,39204,10000,5.99,0.26,12,False,0,0,0.22920734196116122
30,120000,5000,10.38,0.04,9,False,0,0,0.05244201831037329
30,95000,12000,8.94,0.13,5,False,0,0,0.07568158420682763
25,27040,6000,7.9,0.22,2,False,0,0,0.24119156557107196
23,24000,9250,6.54,0.39,3,False,1,1,0.5488865538983569
23,50000,6100,0.0,0.12,4,False,0,0,0.03778703111438686
43,39000,8000,9.99,0.21,16,False,0,0,0.2443616542181898
29,110000,12800,16.82,0.12,6,False,0,0,0.15186646985816962
25,20000,3500,10.28,0.17,3,True,0,0,0.3719421387342823
22,32496,6000,13.04,0.18,4,False,0,0,0.2810477813638995
27,56000,20000,12.18,0.36,10,False,1,0,0.45774197296359403
36,76464,20000,13.22,0.26,12,True,0,0,0.3933797669060901
34,42000,22750,6.91,0.54,10,False,0,1,0.7076625253146385
32,54000,12000,7.66,0.22,6,False,0,0,0.16525401332905684
25,27024,2500,16.69,0.09,2,False,0,0,0.24242773422360456
39,48840,15000,9.88,0.31,15,False,0,0,0.35283649690337876
28,65000,22000,15.65,0.34,5,False,0,0,0.48297893294349264
24,38450,5500,7.49,0.14,4,False,0,0,0.1171730605777157
32,80000,5000,0.0,0.06,6,False,0,0,0.020896333310094693
24,39996,3000,0.0,0.08,3,True,1,0,0.05972728300708662
23,50004,2000,11.91,0.04,2,True,0,0,0.16271545421515496
37,55200,12000,11.71,0.22,15,False,0,0,0.24461230342534337
28,80000,13000,13.47,0.16,5,False,0,0,0.1608373250250119
32,44500,6000,8.9,0.13,9,False,0,0,0.12109068789561295
22,18000,3000,0.0,0.17,2,False,1,0,0.08038585149787582
32,54000,10000,7.74,0.19,7,False,0,0,0.1427603779552842
25,73000,12000,0.0,0.16,2,False,1,0,0.03707852354386663
26,72500,10000,9.96,0.14,3,False,0,0,0.11047876399815483
39,44000,8000,12.53,0.18,14,False,0,0,0.24299474650959574
25,35000,7000,0.0,0.2,2,False,0,0,0.08131002906216653
25,42264,3000,10.71,0.07,2,False,0,0,0.10244025061488013
39,24000,3000,14.12,0.13,11,False,1,0,0.2573101222863015
27,60000,17000,0.0,0.28,10,False,0,0,0.08859374080279449
21,87500,25000,13.98,0.29,3,True,0,0,0.40119115086998647
22,50000,6800,6.92,0.14,4,False,0,0,0.09841978272383564
24,60000,9700,8.88,0.16,3,False,0,0,0.12263450171190364
28,48000,2000,7.68,0.04,7,False,0,0,0.056499771907859236
28,63000,18000,10.65,0.29,9,False,0,0,0.27691720067244563
25,30000,4800,11.22,0.16,3,True,0,0,0.3500459171089247
25,38000,6400,7.88,0.17,3,False,0,0,0.15245705759148273
23,62000,10000,8.94,0.16,2,False,0,0,0.1207548936135513
30,165000,15000,13.92,0.09,9,True,0,0,0.11401649558726695
28,64000,10000,11.66,0.16,5,False,0,0,0.16201931782062018
26,95000,8000,0.0,0.08,2,False,0,0,0.020116754185573783
24,49200,15000,18.39,0.3,4,True,1,1,0.7303425527790922
31,85000,7500,10.08,0.09,5,False,0,0,0.07935387886291374
37,50000,5000,11.89,0.1,12,False,0,0,0.13486947677401287
23,42000,5400,11.78,0.13,4,False,0,0,0.16918604486597158
31,50000,5000,6.91,0.1,7,False,0,0,0.07674785644932838
23,80000,2000,7.9,0.03,4,False,0,0,0.0474170241797719
51,667680,10000,13.98,0.01,22,True,0,0,0.015573418259370836
28,30000,4800,13.47,0.16,8,False,0,0,0.2694627693118568
41,60000,16800,17.99,0.28,16,True,0,1,0.6501765991271452
26,30000,5400,10.0,0.18,4,False,0,0,0.2206930899764756
27,258000,35000,18.64,0.14,10,False,1,0,0.04110129040108725
22,21000,8000,16.77,0.38,4,True,1,1,0.8920597305129434
24,60000,8000,15.65,0.13,3,False,0,0,0.21125962509707397
27,55000,7000,0.0,0.13,7,True,0,0,0.07250212695136023
27,49000,25000,11.36,0.51,5,False,1,1,0.7253416314473159
30,90000,4500,5.99,0.05,6,False,0,0,0.038944409549613104
27,49200,2500,5.42,0.05,10,False,0,0,0.04541432918919009
22,111460,5000,11.71,0.04,4,False,0,0,0.06230916402130558
24,63410,20000,17.51,0.27,4,False,1,0,0.3958125410882322
23,72000,3000,16.89,0.04,4,True,1,0,0.23991185776772742
37,60000,10000,7.51,0.17,11,False,0,0,0.11528699632930521
20,42000,6500,11.71,0.15,2,False,0,0,0.18693803431313616
25,50450,2000,9.88,0.04,3,False,0,0,0.0727528360846259
31,68004,6000,10.95,0.09,9,False,0,0,0.09904361579182065
26,60000,3050,7.29,0.05,3,False,0,0,0.054120953263538905
32,24600,4800,8.9,0.2,7,False,1,0,0.24365628871093842
35,100000,5000,7.74,0.05,7,False,0,0,0.045841450046310135
28,30000,3000,7.29,0.1,7,False,0,0,0.09425922770035515
23,26400,7000,7.4,0.27,2,False,0,0,0.31618896926890555
35,60000,10000,11.11,0.17,9,False,0,0,0.16978325617693948
26,70000,4000,13.06,0.06,4,True,0,0,0.1860188532483315
38,18720,6000,15.99,0.32,12,False,1,1,0.7139310159043305
29,150000,10000,13.49,0.07,10,False,0,0,0.06834182647972685
30,71000,12000,8.9,0.17,9,False,0,0,0.11511626619076147
28,70000,14000,16.29,0.2,8,True,0,0,0.4306374732004832
37,85000,5600,5.42,0.07,13,False,0,0,0.04207781894526326
28,21600,8000,11.49,0.37,5,False,0,1,0.6704593693316123
23,67000,10000,0.0,0.15,3,False,0,0,0.03820395956970447
28,44000,16000,13.48,0.36,5,False,1,1,0.573633180220956
27,36500,7000,10.78,0.19,8,False,0,0,0.23297836677161526
32,85000,7500,10.78,0.09,10,True,0,0,0.15172095832443533
22,54000,5000,6.54,0.09,3,False,1,0,0.0650284283215797
41,45600,5000,6.17,0.11,14,False,0,0,0.0792172135086217
22,56000,12000,6.91,0.21,2,False,0,0,0.13675261831080138
32,80000,6000,0.0,0.07,6,True,0,0,0.040984328123901966
34,32000,6400,15.62,0.2,5,False,1,0,0.4015046373043536
25,78000,8000,5.79,0.1,2,False,0,0,0.05180748281754738
27,46000,10000,9.32,0.22,7,False,0,0,0.21692357123250583
36,100111,20000,13.49,0.2,11,False,0,0,0.15033302876087956
27,50000,10750,13.48,0.21,7,False,0,0,0.28456647077853586
33,39000,15000,17.56,0.38,5,True,1,1,0.8530749925284312
26,24000,6000,6.62,0.25,2,False,0,0,0.2706847925567272
27,21600,4000,10.62,0.19,9,False,0,0,0.2723301550742975
24,33000,6400,9.99,0.19,2,False,0,0,0.22554859096601768
30,150000,25000,12.53,0.17,6,False,0,0,0.06740734728640918
31,51000,6625,10.38,0.13,10,False,0,0,0.13438980108102758
24,48000,7800,11.89,0.16,4,False,0,0,0.19178920333589014
39,36000,5000,0.0,0.14,16,False,0,0,0.05184378121935851
43,98004,6000,5.42,0.06,15,False,0,0,0.036319399683536
23,80000,8500,11.14,0.11,2,False,0,0,0.10157604214895949
34,138571,25000,14.59,0.18,8,False,0,0,0.09763474106027993
25,69600,7000,11.49,0.1,2,False,0,0,0.10869165720018027
26,132750,12000,11.49,0.09,4,False,0,0,0.06185611732167084
25,51780,12000,13.47,0.23,3,False,1,0,0.3104246272578256
26,56000,10000,12.69,0.18,2,False,1,0,0.21685673317599125
35,74000,5000,7.9,0.07,5,False,0,0,0.061616086866227986
25,43800,13000,10.38,0.3,4,False,0,0,0.37309762357376985
28,108000,20000,15.31,0.19,7,False,1,0,0.16178011636618733
29,150000,10700,14.22,0.07,9,False,0,0,0.07171900626761787
22,49920,10000,11.14,0.2,2,False,0,0,0.21909132090324737
23,76800,7200,20.89,0.09,2,False,1,0,0.25552294252623436
25,80004,12000,10.36,0.15,3,False,0,0,0.11053912550768787
28,90700,20000,6.91,0.22,8,False,0,0,0.08765376851324326
22,60000,9000,11.86,0.15,4,False,0,0,0.1594640069188079
52,35000,6000,0.0,0.17,22,False,0,0,0.06682665585255769
27,29000,7750,11.86,0.27,5,False,0,0,0.43473933999830855
38,175000,10000,11.26,0.06,17,False,0,0,0.044562092057794774
23,27996,8000,17.58,0.29,4,True,1,1,0.783793105523185
30,49110,19775,12.42,0.4,10,False,1,1,0.5768720629566351
25,97000,6600,0.0,0.07,2,False,0,0,0.019629812588050813
26,51500,9600,15.21,0.19,4,True,0,0,0.4551122038628901
30,29000,6000,15.58,0.21,8,True,1,1,0.5895557958375425
25,70000,1000,12.69,0.01,2,False,0,0,0.07626055483683643
29,120000,35000,8.9,0.29,6,False,0,0,0.08382563535269984
26,60000,10000,14.27,0.17,4,False,0,0,0.23037844565287835
28,38004,10000,13.61,0.26,7,False,0,0,0.42218588780834976
23,41000,7500,10.71,0.18,2,False,0,0,0.20737122792100604
26,38244,18000,9.63,0.47,3,False,0,1,0.6937490925645887
26,76668,7200,9.63,0.09,4,False,0,0,0.07754698938804844
29,55200,4000,10.59,0.07,10,False,0,0,0.09108072040988419
28,34000,2500,12.23,0.07,9,True,1,0,0.2176043224058537
27,40000,4800,0.0,0.12,8,False,0,0,0.042118893405114995
23,40000,14000,0.0,0.35,3,False,0,0,0.2028035933883224
24,100000,15000,12.21,0.15,2,False,0,0,0.10888243520326311
23,114750,24000,20.03,0.18,3,True,1,0,0.31637527080396116
36,250000,20000,7.88,0.08,17,False,0,0,0.015518390734061272
24,35000,4800,5.42,0.14,3,False,0,0,0.0978229406060357
24,40000,15000,12.87,0.38,3,True,1,1,0.758276450465159
22,24605,10000,0.0,0.41,2,True,0,1,0.5460367714926142
23,45240,3200,7.37,0.07,3,False,0,0,0.06779891613434215
58,100000,6000,5.42,0.06,19,False,0,0,0.03747244177735403
24,12360,1600,13.57,0.13,3,False,0,0,0.2627835942883173
23,36000,4000,10.99,0.11,4,False,1,0,0.14348499848936813
31,41000,4000,10.99,0.1,8,False,0,0,0.13138053962982568
25,60000,13000,14.17,0.22,3,True,0,0,0.43925535318075615
27,30000,4975,10.37,0.17,10,False,0,0,0.2132032632262394
22,37000,15000,10.25,0.41,4,False,1,1,0.613443922414918
26,91800,15450,10.91,0.14,3,True,1,0,0.1534024424906231
28,65000,1450,9.76,0.02,6,False,0,0,0.05871719862332071
25,55000,2000,13.22,0.04,2,False,0,0,0.1054426309044896
58,51252,13500,11.58,0.26,21,False,0,0,0.31718090820525974
22,35325,6500,15.95,0.18,3,False,1,0,0.3517942443641795
26,30000,4000,10.75,0.13,3,False,0,0,0.17047537366259793
23,42048,8500,7.74,0.2,3,False,0,0,0.17087225696785968
28,76113,14500,12.61,0.19,7,False,1,0,0.1760652218440816
29,25000,4125,11.71,0.17,6,False,0,0,0.2592608457678973
32,21600,5500,14.72,0.25,7,True,0,1,0.6730230062898095
27,69996,6000,11.86,0.09,6,False,0,0,0.10865813084655834
27,59619,7750,14.84,0.13,9,True,1,0,0.31943560231768947
24,60500,6000,7.68,0.1,4,False,0,0,0.07580590293436958
24,45000,1000,7.4,0.02,3,False,0,0,0.04825049524713501
23,189996,24000,11.83,0.13,3,False,0,0,0.03912203509605745
27,65000,6000,14.65,0.09,7,True,0,0,0.2521852380913723
29,48712,11050,5.42,0.23,9,False,0,0,0.1487651754011629
22,50400,12000,7.9,0.24,3,False,0,0,0.19760016901133629
26,85000,7200,8.9,0.08,4,False,0,0,0.06324345446238801
37,48257,7000,15.21,0.15,17,True,1,0,0.39726061459346984
28,24000,10000,12.87,0.42,8,False,1,1,0.7767657281164503
27,110000,16000,7.9,0.15,7,False,0,0,0.06055590008273406
39,70000,13000,11.99,0.19,17,False,0,0,0.18192386280895192
27,43218,5300,14.65,0.12,10,True,0,0,0.3360713728620886
26,28608,7000,6.92,0.24,3,False,0,0,0.24349439431413084
32,25200,4000,6.54,0.16,6,False,0,0,0.14416855204708545
22,62000,9200,12.98,0.15,3,False,0,0,0.17691431032401703
36,90000,20000,14.61,0.22,11,True,0,0,0.3312525545496152
32,52000,12000,7.29,0.23,6,False,0,0,0.17381685313827697
22,33000,6500,6.17,0.2,4,False,0,0,0.16368123069791837
31,70000,8000,7.88,0.11,5,False,0,0,0.07534877991330635
28,37000,14000,14.42,0.38,10,False,1,1,0.6780865995018835
22,44412,12000,13.11,0.27,2,True,0,1,0.5575370881710501
24,82800,10000,10.59,0.12,3,False,0,0,0.09546218728307336
28,54263,3500,11.66,0.06,5,False,0,0,0.0978887001189435
23,18000,3000,11.71,0.17,4,False,1,0,0.2743787231519177
32,51000,10000,9.99,0.2,5,False,0,0,0.19881589490179025
34,126000,9600,11.49,0.08,10,False,0,0,0.06644512477271056
26,20000,1500,7.74,0.07,3,False,0,0,0.08485074376147299
25,38340,12000,11.71,0.31,2,False,1,0,0.45853730816239424
35,30000,6475,5.42,0.22,6,False,0,0,0.1863416945998889
24,52000,7000,14.09,0.13,4,True,0,0,0.31560707256914355
22,27048,10000,12.61,0.37,4,True,1,1,0.7937833628751647
25,38599,12000,10.38,0.31,4,False,1,0,0.4157699487145674
31,24996,10750,12.53,0.43,7,True,1,1,0.8726129497980158
22,40000,2800,7.49,0.07,2,False,0,0,0.07144524702399152
26,80000,12000,16.29,0.15,2,False,0,0,0.2082668975528609
29,6000,3250,8.59,0.54,9,False,1,1,0.9161083822519127
36,82000,18000,13.22,0.22,17,False,0,0,0.19743553018630647
26,122000,4800,0.0,0.04,2,True,0,0,0.028585028658644835
32,66996,8000,0.0,0.12,9,False,0,0,0.032491526493851376
31,273655,19600,7.51,0.07,5,False,0,0,0.013016580992814901
24,33396,2800,16.0,0.08,3,False,1,0,0.20224621406284343
21,72000,24000,7.49,0.33,3,False,0,0,0.2051644434431562
28,65000,7500,10.96,0.12,5,False,0,0,0.12088305918624667
29,36100,14000,14.27,0.39,5,False,0,1,0.7004163269194431
22,26000,5000,11.99,0.19,2,False,0,0,0.2928762243313455
21,192000,20000,6.54,0.1,4,False,0,0,0.0191123497610166
28,24000,5000,11.86,0.21,8,False,0,0,0.3343959197001774
28,41500,11000,15.33,0.27,5,True,1,1,0.643625434479174
36,24000,1500,9.63,0.06,14,False,0,0,0.09485346359054535
26,155000,24000,10.99,0.15,4,False,0,0,0.04815015883068269
34,25200,3750,12.99,0.15,6,True,0,0,0.40217358797577646
28,78000,12000,16.95,0.15,7,True,1,0,0.35423606262549917
21,53000,9600,0.0,0.18,4,True,0,0,0.09894071108128231
26,25500,5600,11.91,0.22,4,False,0,0,0.3504454692427536
43,68000,5000,6.99,0.07,15,False,0,0,0.056136449635530626
26,57000,10000,7.9,0.18,4,False,0,0,0.1307842382182436
24,91000,7500,10.39,0.08,2,False,0,0,0.07262431163271121
29,42000,5000,14.96,0.12,9,False,1,0,0.22021542911237374
33,300000,25000,14.42,0.08,7,True,0,0,0.042190364571113734
31,371000,5875,7.74,0.02,9,False,0,0,0.013482281915177105
28,31000,6000,15.33,0.19,9,False,0,0,0.36771563801346535
21,33000,5000,12.84,0.15,2,False,0,0,0.23077754422677454
29,40000,5000,5.42,0.13,5,False,0,0,0.08786407692275665
30,33736,13600,13.57,0.4,9,True,1,1,0.8234466887306912
24,16000,3250,12.42,0.2,4,False,1,0,0.357371123895822
26,62000,12000,7.9,0.19,2,False,0,0,0.12724299681221202
27,28800,3000,7.88,0.1,7,False,1,0,0.10080513388367356
21,25000,8800,9.33,0.35,3,False,0,1,0.5400206013796811
21,14400,1000,16.29,0.07,4,False,1,0,0.21783634468186608
25,92000,13000,11.26,0.14,2,False,0,0,0.10246441057892938
27,70000,10000,10.99,0.14,6,False,0,0,0.12403049447630034
30,29004,6250,0.0,0.22,8,False,0,0,0.10341234174751986
33,20244,7000,9.45,0.35,8,False,1,1,0.580893200482531
27,31000,12000,12.73,0.39,6,True,0,1,0.8084467759036003
25,50000,10000,7.49,0.2,3,False,0,0,0.1516758378475754
22,99600,7125,7.51,0.07,4,False,0,0,0.04621988806490984
24,41000,6600,10.71,0.16,2,False,1,0,0.18486556420861236
32,107800,5200,14.65,0.05,9,False,0,0,0.0976153078124533
22,50000,10000,9.32,0.2,2,False,0,0,0.1825268456729801
23,95000,35000,7.9,0.37,4,False,0,0,0.16189136600369766
31,47000,20000,13.49,0.43,5,False,0,1,0.681069532942931
30,31000,4750,14.84,0.15,9,False,1,0,0.28437836678737144
29,50000,6000,13.99,0.12,8,False,0,0,0.1869473201786683
25,54000,7575,6.99,0.14,4,False,0,0,0.09481554049025731
26,58000,3000,6.92,0.05,4,False,0,0,0.05210893403986657
34,44400,4500,16.02,0.1,9,False,1,0,0.21535859601126406
21,45000,7200,9.38,0.16,4,False,0,0,0.15227366075068896
23,45000,3500,10.59,0.08,4,False,0,0,0.10550156509788707
31,19200,8500,0.0,0.44,6,False,1,0,0.4898795113468648
21,55260,14000,6.54,0.25,2,False,0,0,0.16665566588467223
26,20280,7000,8.0,0.35,2,False,0,1,0.5348606330800509
25,49963,2100,11.49,0.04,3,False,1,0,0.087231767079658
33,66000,6400,14.96,0.1,6,False,1,0,0.1671316954323701
27,185300,35000,0.0,0.16,5,True,1,0,0.012405510147854371
28,44000,10000,13.48,0.23,8,False,1,0,0.34188901998962373
27,30000,8600,7.51,0.29,8,False,0,0,0.33823373969532
26,24996,8500,6.91,0.34,4,False,1,0,0.4474100748383597
27,30548,14000,7.88,0.46,5,False,1,1,0.6823251618392377
22,30000,8000,9.32,0.27,4,False,0,0,0.35127024597745
22,28000,15000,10.99,0.54,2,False,1,1,0.8698083754259904
23,55000,6500,7.9,0.12,3,False,0,0,0.09239524288507521
21,60000,7800,9.99,0.13,2,False,0,0,0.11695368041767526
28,55000,15000,17.06,0.27,5,True,0,1,0.6269908996400699
29,32000,11500,14.22,0.36,7,False,1,1,0.6683657261930755
24,36000,4000,15.23,0.11,3,True,1,0,0.355767567248241
25,52000,10000,0.0,0.19,2,False,0,0,0.0592898922841088
24,30000,6000,13.22,0.2,3,False,0,0,0.33245543535227595
23,49000,5000,15.21,0.1,3,True,1,0,0.30919392607624807
32,28000,7500,10.99,0.27,6,False,0,0,0.416057825983557
26,69000,11000,0.0,0.16,2,False,0,0,0.03995229933347275
34,40000,8000,11.36,0.2,10,False,0,0,0.25483286225215973
22,22800,9200,9.88,0.4,2,False,1,1,0.6730840344244982
24,39000,5000,0.0,0.13,3,False,1,0,0.04622745260987432
26,72000,4800,11.86,0.07,3,False,0,0,0.0968384998610038
23,43000,9000,9.63,0.21,2,False,0,0,0.21884990466301482
26,58000,9600,13.99,0.17,4,True,0,0,0.3645981901503897
35,21340,8000,11.14,0.37,7,False,1,1,0.6648518059981035
28,42000,12000,9.62,0.29,7,False,0,0,0.34363911620281773
24,40800,8000,11.99,0.2,4,False,0,0,0.26660179001068285
22,38004,12000,10.75,0.32,3,False,1,0,0.4505842962128464
34,55500,10450,7.51,0.19,10,False,0,0,0.1351125203510901
22,70000,21000,8.88,0.3,3,False,0,0,0.21606981480756796
48,228000,25000,15.31,0.11,13,False,1,0,0.04323247122036729
22,46000,20000,16.0,0.43,4,True,1,1,0.8459897616007266
34,73000,7500,15.99,0.1,5,True,1,0,0.2879035631865329
25,90000,7000,13.16,0.08,2,False,0,0,0.1031580014157713
30,34000,2400,15.57,0.07,5,False,1,0,0.1839072688905742
53,138000,15000,12.69,0.11,21,False,1,0,0.07383538215232568
32,75000,2000,15.65,0.03,10,True,0,0,0.20652436677806288
40,15864,2375,11.11,0.15,12,False,0,0,0.23669411372999785
37,60000,6000,9.32,0.1,16,False,0,0,0.09219116808426296
25,66800,12000,9.63,0.18,4,False,1,0,0.1376545487649144
35,200000,5000,0.0,0.03,10,False,0,0,0.010541146586796758
22,52880,5000,14.59,0.09,4,False,1,0,0.16024747381239843
29,89000,12000,7.29,0.13,5,False,0,0,0.06337314245935873
23,66000,10000,5.42,0.15,3,False,0,0,0.07287444818365675
42,22000,9000,7.66,0.41,11,False,1,1,0.6455779325192597
53,34000,10000,10.39,0.29,30,False,1,0,0.4037999753937605
26,130000,3000,17.58,0.02,3,True,0,0,0.19105778216623215
30,70000,10000,10.25,0.14,8,False,0,0,0.11470073916871458
24,48000,8000,7.51,0.17,4,False,0,0,0.1302342828061544
31,34000,2400,12.21,0.07,5,False,0,0,0.1292352785102889
33,54000,10000,10.99,0.19,6,False,0,0,0.20123535144843802
21,87500,25000,13.98,0.29,3,True,0,0,0.40119115086998647
21,60000,6000,10.62,0.1,4,False,0,0,0.10517373789935083
30,100000,16000,16.49,0.16,9,True,0,0,0.2945907977795534
48,29120,3000,12.49,0.1,14,True,1,0,0.2876674214823398
34,84000,9000,5.79,0.11,10,False,0,0,0.05307115431219221
44,88000,8000,10.38,0.09,12,False,0,0,0.0808039296034236
27,19200,1400,16.77,0.07,6,False,0,0,0.22374917010693635
22,48000,13000,9.99,0.27,2,False,0,0,0.29162249441048116
32,140000,11000,5.42,0.08,8,False,0,0,0.028332086862138558
32,48000,5200,5.42,0.11,5,False,0,0,0.07114116716887695
22,65000,13000,0.0,0.2,4,True,0,0,0.09524242197038675
26,125000,16000,8.94,0.13,4,False,0,0,0.05440295487718145
31,72000,9800,6.62,0.14,7,False,0,0,0.0768352960040702
26,39996,12000,0.0,0.3,3,False,0,0,0.14936135279307952
37,79000,6000,10.0,0.08,16,False,0,0,0.07833910621085424
24,39000,1500,8.49,0.04,3,False,1,0,0.06568289056572577
22,43200,11000,5.42,0.25,2,False,0,0,0.178921041241666
27,68120,8000,10.0,0.12,5,False,0,0,0.10446284583448073
23,43000,3600,15.62,0.08,3,False,0,0,0.18189451659949468
26,62900,20000,13.85,0.27,3,False,1,0,0.29528131058367824
23,65000,16500,7.49,0.25,3,False,0,0,0.15823990947111505
28,60000,4600,7.88,0.08,6,False,0,0,0.07027970711351995
21,50000,3500,6.03,0.07,4,False,0,0,0.05557331628136535
27,60000,8400,12.73,0.14,9,False,1,0,0.16576543943446964
26,44000,22500,0.0,0.51,3,False,1,0,0.43035268993947484
27,54000,6000,14.59,0.11,5,True,0,0,0.2992355951987492
36,25000,3000,8.7,0.12,14,False,0,0,0.13433470160384234
27,63945,3500,7.9,0.05,5,False,0,0,0.05584233357892188
26,63000,10000,9.25,0.16,3,False,0,0,0.12536748310083579
27,85248,10000,9.99,0.12,9,False,0,0,0.08780645466075002
22,40000,4800,0.0,0.12,2,False,0,0,0.04219830462761789
25,42996,7200,14.11,0.17,4,False,0,0,0.26833652696812316
23,80796,5000,0.0,0.06,2,False,0,0,0.020474397890969262
30,30000,4400,11.99,0.15,5,False,1,0,0.22399330849907115
24,43000,10000,13.16,0.23,4,False,0,0,0.33342642289103636
23,58000,8000,13.61,0.14,4,True,0,0,0.3062656092179985
30,36000,7000,10.65,0.19,5,False,0,0,0.23392568726210988
35,80004,10000,7.51,0.12,10,False,0,0,0.06849321121028695
32,60000,18800,9.99,0.31,7,False,1,0,0.2973167807417717
42,78456,25000,10.36,0.32,16,False,0,0,0.241093494612972
27,42996,5000,13.61,0.12,6,False,0,0,0.1924559093212093
27,120000,11050,12.69,0.09,6,False,0,0,0.07783924843999285
29,180000,15000,5.79,0.08,6,False,0,0,0.020484415991820368
25,39000,16000,15.65,0.41,2,False,1,1,0.7479370288250762
27,56331,10000,10.36,0.18,10,False,0,0,0.16807450255861128
21,12000,4000,10.99,0.33,3,False,1,1,0.6231659482869929
60,60000,9000,13.8,0.15,27,False,0,0,0.20397234113842472
25,78200,6000,6.54,0.08,3,False,0,0,0.05235577773419464
26,92795,19000,10.37,0.2,4,False,0,0,0.11404071778358205
25,73163,25000,16.45,0.34,3,False,0,0,0.45465548058601707
29,90444,12000,7.14,0.13,8,False,0,0,0.061436369247785484
24,115000,12000,6.54,0.1,3,False,0,0,0.03974457110034207
40,75000,10000,6.62,0.13,17,False,0,0,0.06850983634006556
42,78000,20000,10.99,0.26,11,False,0,0,0.2061122003499342
23,62000,10000,14.27,0.16,2,True,0,0,0.3401803074316688
23,33000,8000,0.0,0.24,3,False,0,0,0.11039861200936908
35,70000,10000,16.45,0.14,10,True,0,0,0.3541352492242082
26,80040,10000,0.0,0.12,2,False,1,0,0.027738501204317055
22,30000,4000,0.0,0.13,3,False,0,0,0.050053931454995794
23,72000,10800,7.88,0.15,2,False,0,0,0.09109773152024787
30,105000,24250,15.65,0.23,7,False,0,0,0.19108100038976672
28,65500,11000,6.03,0.17,8,False,0,0,0.08916866367031974
25,60626,2500,6.92,0.04,3,False,0,0,0.04834697747226078
26,125000,11000,12.98,0.09,4,True,0,0,0.14293219010980318
23,110000,25000,9.91,0.23,3,False,0,0,0.09657702337152037
31,55000,15000,11.36,0.27,5,False,0,0,0.3016400653119253
35,40000,5000,6.92,0.13,7,False,0,0,0.10548479097229824
31,68000,6000,7.49,0.09,6,False,0,0,0.0671135094543031
31,140000,12000,7.88,0.09,9,False,0,0,0.03939756888625897
25,72000,25000,11.89,0.35,2,False,0,0,0.3439641115885267
30,160000,7000,13.98,0.04,5,False,0,0,0.06400539065335013
24,125375,12000,14.27,0.08,2,False,1,0,0.07959265614642831
24,28440,6000,9.99,0.21,3,False,0,0,0.26970285809310357
26,53000,2800,6.03,0.05,3,False,0,0,0.04830347612626011
29,35000,1800,5.42,0.05,7,False,0,0,0.05021439702601491
22,82000,20000,9.88,0.24,4,False,0,0,0.14822186878084412
41,63000,1500,8.0,0.02,17,False,0,0,0.04824496157828712
43,61000,16000,0.0,0.26,17,True,1,0,0.14346806219484562
24,85000,7000,12.69,0.08,3,False,0,0,0.0986857940511335
27,61200,4500,11.86,0.07,7,False,0,0,0.10076607545386576
33,71000,10000,5.79,0.14,9,False,0,0,0.06922522776336221
23,55000,6625,16.77,0.12,3,True,0,0,0.37146873182182916
24,58000,6000,5.42,0.1,4,False,0,0,0.0586432647599187
21,16000,1000,15.65,0.06,3,True,1,0,0.3086593777136672
29,45324,15150,14.54,0.33,10,False,0,1,0.5405556058709649
43,122500,9150,6.03,0.07,12,False,0,0,0.03343865250470406
25,57000,15000,13.85,0.26,2,True,0,1,0.5022738147135529
22,50000,3000,10.99,0.06,3,False,0,0,0.09323865001007578
27,37000,8000,13.49,0.22,10,True,0,1,0.5089403398117891
25,44400,5000,12.72,0.11,3,True,0,0,0.27024235908768224
33,54000,2100,9.99,0.04,6,False,0,0,0.07371085987016032
31,18240,3200,9.63,0.18,8,False,1,0,0.24402733073962563
24,49000,7000,7.49,0.14,4,False,1,0,0.1047473248924081
29,12000,4500,11.14,0.38,6,False,1,1,0.7335456515838963
24,95004,16000,5.79,0.17,4,False,0,0,0.05970721473773911
26,30000,12000,11.36,0.4,3,False,0,1,0.6733841291804892
23,60000,8000,12.53,0.13,3,False,0,0,0.15292872332357155
22,38000,18500,7.66,0.49,4,False,1,1,0.6737964704229596
22,90000,12000,10.99,0.13,2,False,0,0,0.09557929301464951
22,51420,8400,11.97,0.16,3,True,0,0,0.30468259980478474
21,18000,2500,11.36,0.14,3,False,0,0,0.21558606870551278
23,59000,14400,8.9,0.24,3,False,0,0,0.19040468768253646
25,57996,7400,10.36,0.13,2,False,0,0,0.12670191484863488
25,57000,12000,13.23,0.21,3,False,0,0,0.25988245112560976
36,60000,8000,13.92,0.13,15,False,0,0,0.17781909972751236
38,40000,12000,10.59,0.3,11,False,0,0,0.40211428480901595
23,59000,9000,15.28,0.15,4,False,1,0,0.2267229807672286
27,62400,1000,5.42,0.02,7,False,0,0,0.03594744513613063
24,47211,10000,11.83,0.21,3,False,0,0,0.2551573511718585
24,61100,25000,17.49,0.41,3,False,1,1,0.6657682766399904
22,30000,4000,11.49,0.13,3,False,0,0,0.1819304664203333
21,30000,8000,0.0,0.27,2,False,0,0,0.14448457865940506
23,32400,4500,7.49,0.14,3,False,0,0,0.12577198420221428
35,36000,12000,16.29,0.33,9,False,1,1,0.6522257681103026
27,18000,5000,7.9,0.28,9,False,1,0,0.3853433407355525
22,54000,10000,13.79,0.19,4,False,1,0,0.2574568070342033
26,74000,8000,13.92,0.11,3,False,0,0,0.14502308503405478
30,28000,12000,14.22,0.43,8,False,1,1,0.8003264790050624
23,87000,7500,11.28,0.09,4,True,0,0,0.15751393475444028
29,138000,24000,16.35,0.17,6,False,1,0,0.11387871137084588
26,122000,6000,7.51,0.05,2,False,0,0,0.038708088053183765
38,75000,25000,10.59,0.33,16,False,0,0,0.26507892455106163
28,75000,10000,12.21,0.13,5,False,0,0,0.12873272424054327
33,61500,6000,5.79,0.1,10,False,0,0,0.061282095314345766
31,125000,25000,10.75,0.2,7,False,0,0,0.0782290873533369
24,32000,4500,7.29,0.14,4,False,0,0,0.12320890845006885
27,88000,20000,10.38,0.23,7,False,0,0,0.14203140867115785
27,87000,21125,13.92,0.24,5,False,0,0,0.21192818428084195
25,42500,2000,5.42,0.05,3,False,0,0,0.048450426881287076
31,44000,17350,13.55,0.39,7,True,0,1,0.7656181432553347
26,32500,3000,13.22,0.09,4,False,0,0,0.16442770486936434
26,47000,6000,10.33,0.13,4,False,0,0,0.13994525154346307
28,56000,20000,18.25,0.36,10,True,1,1,0.7772244427327356
23,25500,7850,13.49,0.31,4,False,0,1,0.5839928992964217
23,61041,9000,11.36,0.15,2,False,0,0,0.15207567196769084
26,55000,10500,5.79,0.19,2,False,0,0,0.11150483766692802
23,9000,2000,13.35,0.22,2,False,1,0,0.4584320558824606
38,64700,20000,11.11,0.31,13,False,1,0,0.3085387612894938
23,60000,3600,9.99,0.06,3,False,0,0,0.0782893244520409
23,81000,18000,13.98,0.22,2,False,0,0,0.2140455665509003
27,54996,8000,14.11,0.15,9,True,0,0,0.3437283499326124
27,104000,10000,10.65,0.1,7,False,0,0,0.0748844701086171
26,18000,8500,14.27,0.47,3,False,1,1,0.8855673933601583
28,34000,3000,10.37,0.09,10,False,1,0,0.11920112823793243
28,28800,2000,10.59,0.07,8,False,0,0,0.11013718925903185
29,59000,12000,16.49,0.2,9,True,1,0,0.4760662670313093
28,56000,4800,16.45,0.09,7,False,1,0,0.19621792319390755
22,50000,11400,17.58,0.23,4,True,0,1,0.5988608625548307
23,81600,25000,11.36,0.31,3,False,1,0,0.23935743178250915
27,15600,2800,10.65,0.18,5,False,1,0,0.2740781901296593
29,110000,8500,7.51,0.08,10,False,0,0,0.045680090490702686
22,57996,2500,12.53,0.04,4,False,0,0,0.09264779287458463
24,74900,3500,6.39,0.05,3,False,0,0,0.044934512073619266
21,33000,10000,0.0,0.3,4,False,1,0,0.16590047870333077
23,64000,2100,6.03,0.03,2,False,0,0,0.03983993632084617
29,62000,3600,7.14,0.06,9,False,0,0,0.05582887241441978
24,29200,2500,6.76,0.09,2,False,0,0,0.08359941492031958
47,21000,5000,15.99,0.24,16,True,1,1,0.697585115841611
22,40000,4000,7.43,0.1,4,False,0,0,0.0870696148430211
38,35427,5950,11.72,0.17,11,True,0,0,0.37185792001761586
22,48000,14400,13.49,0.3,2,True,0,1,0.6040537968490419
38,34800,2100,14.72,0.06,13,False,0,0,0.15715009459871282
24,33996,5000,12.92,0.15,4,False,1,0,0.232688126003623
32,4200,1200,12.73,0.29,9,False,1,1,0.6303441047797933
23,44000,5400,10.99,0.12,2,False,1,0,0.14292479933693028
27,95500,12000,11.11,0.13,6,False,0,0,0.0957169523861313
27,104550,23000,18.43,0.19,9,False,1,0,0.19213448915919867
51,115900,12000,7.88,0.1,29,False,0,0,0.046983399038159075
37,55900,17000,8.7,0.3,12,False,0,0,0.2693779289213138
41,55000,9000,5.99,0.16,17,False,0,0,0.09474691907698977
24,34600,4000,5.42,0.12,2,False,0,0,0.08552075552097818
24,64000,4000,10.0,0.06,2,False,0,0,0.0761817384461997
23,54000,16750,0.0,0.31,4,False,1,0,0.12040320428354513
23,42000,5750,13.57,0.14,2,False,0,0,0.2173142533591126
25,115000,20000,6.91,0.17,2,False,0,0,0.05135551385949737
23,14650,1400,15.62,0.1,3,True,1,0,0.39638431306633065
25,30000,1200,16.69,0.04,3,True,1,0,0.2846702829620467
29,180000,12000,12.99,0.07,5,True,0,0,0.09759968297757125
24,52000,5000,14.22,0.1,2,False,0,0,0.16996231379436388
25,46000,8600,0.0,0.19,2,False,0,0,0.06543440469291227
23,195000,20000,9.63,0.1,3,False,0,0,0.027908389607221907
27,100000,14400,0.0,0.14,8,False,0,0,0.02400305734912015
29,45000,14000,12.69,0.31,5,False,1,0,0.45431824590354913
21,38400,4200,0.0,0.11,2,False,0,0,0.039753360045372436
23,70000,6000,13.16,0.09,4,True,0,0,0.21514642326013947
22,75000,24000,12.69,0.32,4,False,1,0,0.30728581542390676
25,170000,25000,10.75,0.15,2,False,0,0,0.04224257415118773
24,130000,5000,12.42,0.04,2,False,0,0,0.06480816868263187
26,32000,5000,6.03,0.16,2,False,0,0,0.1260671647568796
27,68400,8000,14.26,0.12,7,False,1,0,0.164925731308876
33,65000,12000,0.0,0.18,8,False,0,0,0.04647984488742701
23,70000,3600,10.59,0.05,4,False,0,0,0.07398382259689555
25,110000,20000,7.88,0.18,2,False,0,0,0.06429967420839744
41,76000,4800,5.42,0.06,16,False,0,0,0.041346707083517696
23,44000,4000,15.27,0.09,2,False,0,0,0.18675219947653912
35,23000,6500,8.63,0.28,6,False,0,0,0.3902505997445642
29,62000,20000,0.0,0.32,10,True,0,0,0.18900997825762048
23,140000,12000,11.71,0.09,4,False,0,0,0.06148820651756042
21,76000,14000,12.69,0.18,3,False,0,0,0.16599392104619712
21,42000,4500,6.03,0.11,4,False,0,0,0.07833012460034644
36,53000,10000,13.98,0.19,16,False,1,0,0.2645801898831331
25,48074,12000,13.85,0.25,4,True,0,1,0.5286081386282627
25,83000,13000,10.99,0.16,2,False,0,0,0.12203327761574526
33,40000,6000,12.68,0.15,9,True,0,0,0.34657924855816175
22,54600,8000,7.51,0.15,2,False,0,0,0.10695409575351926
22,42000,3000,11.49,0.07,2,False,0,0,0.11084497861718026
32,98300,5000,12.23,0.05,10,False,0,0,0.07674876059494527
36,93000,12000,13.48,0.13,12,True,0,0,0.21858470870004001
25,60000,8400,13.99,0.14,3,True,0,0,0.3119786528067177
22,39000,5500,5.99,0.14,4,False,1,0,0.0983092408221016
26,59000,20000,13.48,0.34,3,True,1,1,0.612097781793216
22,25000,1000,15.95,0.04,2,False,1,0,0.16142914330614702
25,78000,25000,9.64,0.32,4,False,0,0,0.22172129269601956
35,124596,20000,11.49,0.16,5,False,0,0,0.07949094881395509
27,132000,20000,12.73,0.15,10,False,0,0,0.07854569929159018
28,84000,1000,9.99,0.01,10,False,0,0,0.052478074410386544
27,26400,6000,6.91,0.23,9,False,1,0,0.23451803742306954
22,70000,2000,10.74,0.03,2,False,0,0,0.06857445776447187
30,62000,15000,6.03,0.24,10,False,0,0,0.1356620213971134
39,56100,8000,16.07,0.12,14,False,1,0,0.20813510874278632
28,44894,3600,7.88,0.08,6,False,0,0,0.07783771871668135
27,50000,5500,12.73,0.11,7,False,1,0,0.15424572593554844
30,120000,8275,9.01,0.07,8,False,0,0,0.04922176735638342
30,44760,3300,11.71,0.07,5,False,0,0,0.11265501242393094
22,90000,12000,5.79,0.13,2,False,0,0,0.05220167585401437
25,49500,2400,7.51,0.05,2,False,0,0,0.05954365797521307
45,210000,12000,9.63,0.06,12,False,0,0,0.030307575937784246
29,31000,9950,7.9,0.32,6,False,0,0,0.4030556791220371
23,145000,20800,11.83,0.14,4,False,0,0,0.059436865888789686
25,87000,9000,13.49,0.1,4,False,0,0,0.11518121653452618
22,42000,17000,7.66,0.4,4,False,1,0,0.47449921899222514
38,50000,10000,0.0,0.2,13,False,0,0,0.06615093244940581
28,65000,10000,7.49,0.15,5,False,0,0,0.09365255027736867
23,75600,20000,16.32,0.26,3,True,0,0,0.48554462057213776
35,65000,20000,10.25,0.31,5,False,0,0,0.2889597865671138
28,39000,3375,14.83,0.09,8,False,1,0,0.18635579972031527
25,39396,6000,15.31,0.15,3,True,1,0,0.42288881054097516
29,70000,25000,14.83,0.36,6,False,1,0,0.45784166532965404
25,45000,11250,9.38,0.25,2,False,0,0,0.2615001038504297
26,75000,20000,6.91,0.27,4,False,0,0,0.1440343648110834
28,74000,7000,15.38,0.09,9,False,1,0,0.14883888720496272
31,111000,5150,6.62,0.05,6,False,0,0,0.037995415803686025
24,37920,6000,6.99,0.16,3,False,0,0,0.12938452630902078
40,148350,5000,6.03,0.03,16,False,0,0,0.026080133072513147
23,47000,15000,12.04,0.32,2,True,1,1,0.6015793238662327
23,45000,9000,10.65,0.2,2,False,0,0,0.22239743797623346
24,65000,10000,7.66,0.15,4,False,0,0,0.0945653467571095
34,75000,25000,10.38,0.33,8,False,1,0,0.26226468091003186
31,30000,3000,10.95,0.1,8,False,0,0,0.1422327535346357
21,22200,2500,16.29,0.11,2,True,1,0,0.417890719068323
30,90000,24000,11.49,0.27,6,False,0,0,0.18327850293369996
38,30000,5000,13.61,0.17,11,True,0,0,0.44729108796892014
23,20664,4550,13.72,0.22,3,True,0,1,0.5835593142745052
28,49000,7000,7.51,0.14,8,False,0,0,0.10507558481827879
23,30000,3800,5.79,0.13,3,False,0,0,0.0995721146028714
26,38400,3200,13.49,0.08,2,False,0,0,0.1521907618890691
24,48000,2000,12.69,0.04,4,False,0,0,0.10050055689736782
25,22776,7000,9.91,0.31,4,False,1,0,0.48957272840625277
24,35000,13400,0.0,0.38,3,False,1,0,0.2669095281011694
26,180000,10000,8.0,0.06,4,False,0,0,0.02960182936153674
28,60000,8000,7.88,0.13,5,False,0,0,0.09247963573075305
24,25000,2400,13.8,0.1,4,True,0,0,0.3222970382920502
22,14400,4500,7.88,0.31,4,False,1,0,0.46846952402950004
21,43971,4600,5.42,0.1,4,False,0,0,0.06568604561015119
28,115000,16000,13.85,0.14,8,True,0,0,0.1887858465615041
27,55000,8000,7.29,0.15,9,False,0,0,0.10374582791327262
21,30000,6300,11.71,0.21,3,False,0,0,0.3069643522774255
25,62500,4000,10.37,0.06,3,False,0,0,0.079885932935595
30,48000,4000,0.0,0.08,5,False,0,0,0.029767368259733903
22,22000,2000,7.29,0.09,3,False,0,0,0.0924489064482764
29,38000,2450,0.0,0.06,6,True,0,0,0.05166194237422926
24,33600,7000,13.61,0.21,4,True,0,1,0.5078022790009681
35,38760,8000,18.09,0.21,7,True,1,1,0.6325219314050384
22,33000,4800,7.49,0.15,4,False,0,0,0.13410582780025537
24,145000,7000,10.99,0.05,2,False,0,0,0.051223333493646266
24,30000,5000,11.14,0.17,2,False,0,0,0.23228023246798782
28,45996,11000,14.74,0.24,7,True,1,1,0.5483681708937542
29,95000,2400,13.72,0.03,8,False,0,0,0.08817134668132474
21,44000,6000,12.61,0.14,3,False,1,0,0.19253822277875632
27,42000,10000,0.0,0.24,8,False,0,0,0.09617070173763265
24,48720,10000,13.85,0.21,3,True,0,0,0.4580451457012341
41,56000,9000,5.99,0.16,16,False,0,0,0.09474270075885523
22,72644,5900,7.49,0.08,3,False,1,0,0.05935540084064851
21,35000,15000,0.0,0.43,4,False,0,0,0.3501631141938885
22,125000,10000,0.0,0.08,2,False,0,0,0.015991089458308617
32,48000,5000,11.49,0.1,8,False,0,0,0.12935903631731385
24,95000,14000,0.0,0.15,2,False,0,0,0.02778761801769529
22,75000,20000,0.0,0.27,2,False,0,0,0.06564668798249154
22,41604,14400,0.0,0.35,4,False,0,0,0.19699159064092372
24,141000,12000,12.53,0.09,4,False,0,0,0.06770522913749603
25,40800,8000,5.79,0.2,2,False,0,0,0.1444155529568815
21,21600,6700,6.92,0.31,4,False,1,0,0.39937756515140843
26,51400,9000,13.61,0.18,2,False,0,0,0.25112114805678104
26,24000,3500,10.71,0.15,4,False,0,0,0.20767696753880394
21,121352,7750,0.0,0.06,4,False,0,0,0.015048188722875147
21,24396,4000,15.05,0.16,4,False,0,0,0.3222372741534277
23,65000,5125,10.71,0.08,4,False,0,0,0.0922089924644518
24,57000,6500,13.04,0.11,4,True,1,0,0.2511125611832113
23,60000,5000,6.99,0.08,3,False,0,0,0.061453394428872425
25,60000,12000,11.86,0.2,4,False,0,0,0.2088404236747424
29,46344,3500,11.36,0.08,8,False,0,0,0.11531965607575762
21,67400,20000,17.74,0.3,2,True,1,1,0.6331779439121709
39,25000,8000,7.51,0.32,14,False,0,0,0.4270404661647899
30,45000,6000,7.51,0.13,5,False,0,0,0.10413906224069297
31,31000,12500,8.94,0.4,8,False,0,1,0.5957145558489965
35,63600,4800,12.42,0.08,6,False,1,0,0.11782210855599079
24,54000,10000,13.35,0.19,4,False,0,0,0.2483425995341615
31,90400,9500,10.37,0.11,6,False,0,0,0.08654694771909666
21,40000,3000,0.0,0.07,3,False,0,0,0.028685201004801597
24,29232,11000,11.71,0.38,2,False,0,1,0.6515779963920172
30,16500,4000,14.22,0.24,7,True,1,1,0.6592570090708809
27,120000,10000,12.61,0.08,6,False,1,0,0.07456740266111746
24,76000,16000,10.99,0.21,3,False,0,0,0.16283803209076853
24,72000,8000,10.0,0.11,3,False,0,0,0.0939909519367396
24,99750,12000,9.62,0.12,3,False,0,0,0.07257848052467404
25,200000,35000,17.14,0.17,3,True,0,0,0.10186503565447834
33,75000,6000,7.68,0.08,7,False,0,0,0.06134989373628326
25,39996,5000,11.89,0.13,4,False,0,0,0.17657424004289698
25,58650,7500,15.37,0.11,4,False,1,0,0.17966719444562051
27,54000,12000,16.49,0.22,10,False,1,0,0.3674691632328218
29,92000,11200,0.0,0.12,5,False,0,0,0.024883028983080112
22,39000,5000,12.23,0.13,3,True,1,0,0.30023036873800524
25,27500,9000,7.49,0.33,4,False,0,0,0.4301276635581458
25,71004,2400,17.04,0.03,3,False,1,0,0.13707035852291002
25,60000,3000,13.47,0.05,3,True,1,0,0.19279525934299072
29,40000,8000,8.59,0.2,10,False,0,0,0.1919480419435653
21,27600,1000,15.27,0.04,2,True,0,0,0.2516313849141295
27,21600,8000,10.59,0.37,5,False,1,1,0.6442871907416503
25,45000,5800,6.99,0.13,2,False,0,0,0.09862169888044726
30,270000,35000,19.69,0.13,8,False,0,0,0.041442626824076824
25,125000,25000,10.59,0.2,2,False,0,0,0.07646370697164251
24,75744,15000,10.38,0.2,2,False,0,0,0.1481492563632493
45,29676,2700,12.84,0.09,17,True,0,0,0.27548166006082436
22,36000,9600,17.27,0.27,4,True,1,1,0.7151037100800565
22,29000,10000,7.29,0.34,3,False,1,0,0.430722401540117
30,50000,10000,0.0,0.2,5,False,0,0,0.06602882589483307
26,66948,20000,10.95,0.3,4,False,0,0,0.27936891289888993
39,60000,7000,7.68,0.12,15,False,0,0,0.08767285603622665
30,90000,12000,12.29,0.13,5,False,0,0,0.1124034214600852
37,200004,5000,0.0,0.02,12,False,0,0,0.009545581258457999
21,19000,700,12.29,0.04,2,False,0,0,0.11185763307433808
32,34000,7500,10.01,0.22,5,False,1,0,0.2725779776853791
23,39500,10000,14.22,0.25,2,True,0,1,0.5770497260696926
25,49000,12000,13.49,0.24,4,False,1,0,0.33423439900770274
22,8000,2100,7.51,0.26,2,False,1,0,0.3770500891734396
22,27996,2200,15.95,0.08,2,True,1,0,0.33778511741316364
25,25000,5200,12.53,0.21,3,True,0,1,0.5101495291351708
25,175000,10000,15.05,0.06,4,True,0,0,0.12579172744209144
30,95000,10000,7.51,0.11,9,False,0,0,0.05876855452506694
30,72000,12400,0.0,0.17,5,False,0,0,0.04031755756632789
24,91800,25000,13.43,0.27,3,True,0,0,0.3374995707048334
25,23712,1000,11.49,0.04,2,False,0,0,0.10046744491441098
38,96000,10000,19.04,0.1,14,False,0,0,0.1945130353519086
35,31000,8875,11.99,0.29,7,False,1,0,0.4752723802817046
26,75000,7000,10.59,0.09,4,False,0,0,0.08800985904216892
27,90000,15000,0.0,0.17,6,False,0,0,0.03226510817317579
42,70000,10500,6.99,0.15,12,False,0,0,0.08679111473321528
27,45000,5000,6.03,0.11,9,False,0,0,0.07579414854702259
25,66143,24000,6.99,0.36,3,False,1,0,0.25311807543332543
23,33000,4600,11.71,0.14,3,False,0,0,0.1949644363757332
24,20000,3000,8.94,0.15,3,False,0,0,0.17932756813158124
23,56100,18000,14.22,0.27,2,True,1,0,0.4921637570466361
22,32000,4500,9.63,0.14,2,False,1,0,0.15847457387148237
33,55920,22000,7.88,0.39,6,False,0,0,0.3787564884758011
23,39000,1200,15.95,0.03,2,False,1,0,0.14152953853642586
31,80000,12000,5.79,0.15,10,False,0,0,0.0653945015745997
24,25632,1500,9.91,0.06,3,False,0,0,0.0969002641199406
34,33500,11200,12.21,0.33,9,False,1,1,0.5426796371483684
22,68000,10000,7.49,0.15,2,False,0,0,0.09189775844487012
23,48000,6600,11.11,0.14,2,False,0,0,0.15960094788434886
22,41500,7000,15.7,0.17,3,True,1,0,0.46529831934349397
31,200000,15000,11.36,0.07,8,False,0,0,0.03440378841473204
25,60000,2400,11.49,0.04,3,False,0,0,0.08325592883038045
54,129000,9000,11.49,0.07,24,False,1,0,0.06343492959955743
24,90996,20000,16.32,0.22,4,True,0,0,0.3750899853290432
28,50000,16200,13.99,0.32,5,True,1,1,0.6412756922536933
28,18600,5000,0.0,0.27,9,True,1,0,0.2887707464960935
22,70000,3000,7.29,0.04,4,False,0,0,0.0470632765558438
27,49272,3250,0.0,0.07,6,False,0,0,0.027743305822778622
42,360000,25000,9.99,0.07,17,False,0,0,0.009667431022543978
25,36000,12000,9.91,0.33,3,False,1,0,0.4536287544377338
28,57600,10625,12.42,0.18,6,False,0,0,0.20306165218939198
23,24000,9600,9.99,0.4,4,False,1,1,0.6692119880238777
25,85000,4000,6.54,0.05,3,False,0,0,0.04319971162047363
32,78000,13000,12.87,0.17,10,True,0,0,0.2754008188943606
28,60000,20000,10.99,0.33,10,False,1,0,0.3474613784048755
28,83000,5000,0.0,0.06,9,False,0,0,0.02022842857676096
24,45000,3000,7.49,0.07,4,False,0,0,0.06960972183204993
22,8280,2400,9.91,0.29,2,False,1,1,0.5203669451294402
27,67000,2800,13.04,0.04,10,False,0,0,0.09385804064838094
23,38400,6000,13.24,0.16,3,True,0,0,0.38383214276831473
29,173000,28000,17.49,0.16,10,True,1,0,0.15109137919837473
22,10000,7000,12.21,0.7,2,False,1,1,0.9853888285223279
24,48000,18000,6.54,0.38,2,False,1,0,0.3749050998166142
24,80000,7500,8.63,0.09,4,False,0,0,0.06675943267958392
29,69000,15000,10.62,0.22,6,False,0,0,0.18371909952734217
40,52000,15000,18.62,0.29,17,True,1,1,0.7168622691651193
29,17000,1450,0.0,0.09,6,False,0,0,0.04175600156757745
35,26400,6600,5.99,0.25,8,False,0,0,0.24921878112796017
37,27000,5500,0.0,0.2,12,False,0,0,0.09132846814039544
21,26000,14500,14.61,0.56,2,True,1,1,0.9624136672077163
22,60635,6800,13.49,0.11,2,True,0,0,0.25598145271390504
27,72000,15000,0.0,0.21,5,False,0,0,0.050380903515189236
25,18000,8500,10.28,0.47,2,False,1,1,0.82432793707201
22,29916,6000,15.65,0.2,2,False,1,0,0.40227722834693785
22,36000,6000,10.0,0.17,3,False,0,0,0.19323189274164643
23,65000,7300,9.99,0.11,3,False,0,0,0.09930557653210731
33,30000,17975,8.49,0.6,8,False,1,1,0.8829172542925096
29,74004,13000,11.26,0.18,6,False,0,0,0.15344394974106487
27,50000,6400,13.23,0.13,5,True,0,0,0.3033376426160172
21,23916,4500,9.62,0.19,4,False,0,0,0.24031287713194385
22,46000,11000,7.49,0.24,4,False,0,0,0.20093517327363902
36,20000,5075,11.48,0.25,11,False,1,0,0.4238964392171399
21,75000,14125,10.99,0.19,2,False,0,0,0.15086426893076058
23,56000,4500,11.83,0.08,4,False,0,0,0.1111461490994456
33,62000,8000,11.48,0.13,7,False,0,0,0.13845077430732272
22,22800,3000,8.94,0.13,2,False,0,0,0.14993588418760212
23,60000,16000,7.49,0.27,3,False,0,0,0.19416943618259436
27,145986,5500,5.42,0.04,6,False,0,0,0.025790182447892294
28,72000,16000,15.95,0.22,5,False,0,0,0.2901714129984908
21,44000,12000,0.0,0.27,2,False,0,0,0.11216901038469775
29,44991,5000,14.72,0.11,5,True,0,0,0.3236012593361287
29,68000,10000,10.65,0.15,5,False,0,0,0.1323761123191838
38,78000,15000,15.27,0.19,17,False,1,0,0.22371859857123516
23,40000,15000,7.49,0.38,3,False,1,0,0.45282243684066975
33,77000,12000,7.29,0.16,10,False,0,0,0.08672087788524918
23,51000,12000,12.99,0.24,3,False,0,0,0.318221004996085
33,60000,17000,16.07,0.28,5,True,0,1,0.5925669044819983
23,95004,5000,9.63,0.05,4,False,0,0,0.056555027402673916
21,28600,10000,11.34,0.35,3,True,1,1,0.7275119778994017
22,60000,2100,14.65,0.04,2,False,0,0,0.12007953724770376
38,65004,8000,11.83,0.12,11,False,0,0,0.13120126358097411
21,71688,7500,13.17,0.1,4,True,0,0,0.2147736331449951
30,49000,4800,13.79,0.1,9,True,0,0,0.2759417731306573
23,90000,15000,16.32,0.17,2,False,0,0,0.20478351152869884
27,68000,8700,7.88,0.13,5,False,0,0,0.08658845967870664
53,40000,4000,12.99,0.1,22,True,0,0,0.27908357481705837
26,46800,5000,12.87,0.11,4,False,1,0,0.16287618517348004
24,62500,6000,5.79,0.1,2,False,0,0,0.06078461642996019
23,62000,7000,9.91,0.11,4,False,0,0,0.10064455334459804
29,44000,5400,16.0,0.12,8,True,1,0,0.37589303594983436
25,50000,5000,5.79,0.1,2,False,0,0,0.0670803838103262
34,82000,5000,8.32,0.06,9,False,0,0,0.056595019399368326
23,73500,12000,12.99,0.16,2,False,1,0,0.16280660225710591
22,21600,1600,0.0,0.07,4,True,0,0,0.06170477766469352
42,60000,7200,5.79,0.12,11,False,0,0,0.0712051408397118
30,78111,25000,7.51,0.32,7,False,1,0,0.18015114534974327
25,70000,12000,8.9,0.17,2,False,0,0,0.11597692414859141
23,44000,9400,16.32,0.21,3,True,1,1,0.5473437673357914
34,51312,18000,13.85,0.35,10,False,1,1,0.5252074707279404
36,174462,20000,17.04,0.11,16,False,1,0,0.07935353668941048
29,62400,3500,10.99,0.06,5,False,0,0,0.08883955196664477
30,219300,35000,19.69,0.14,9,False,1,0,0.05321449105707347
24,50000,6000,5.79,0.12,4,False,0,0,0.07571309164202485
22,46500,4000,10.62,0.09,3,False,0,0,0.11216677658824556
29,66352,7000,7.88,0.11,5,False,0,0,0.08008834514360502
33,54400,5000,11.86,0.08,9,False,1,0,0.11083651685890264
22,35500,2500,15.62,0.07,2,False,1,0,0.18052132129181603
39,73882,7000,9.91,0.09,13,False,0,0,0.08288806366133869
23,42000,10000,15.58,0.24,3,True,1,1,0.5912383083651777
22,36000,6000,10.75,0.17,3,False,0,0,0.208308485778302
34,75000,14000,12.69,0.19,7,False,0,0,0.18568427160039702
33,44784,10000,0.0,0.22,6,False,1,0,0.08137181211344988
32,385000,19925,7.9,0.05,9,False,0,0,0.007597562005180026
22,72000,5000,0.0,0.07,2,False,0,0,0.023156700400626368
23,69000,19000,9.51,0.28,2,False,0,0,0.21773882863750763
27,120000,3775,0.0,0.03,6,False,0,0,0.014463688895415383
37,175000,15000,9.76,0.09,17,False,0,0,0.036950378688281875
25,40000,7100,0.0,0.18,2,False,0,0,0.06608470167045755
28,32000,7750,14.22,0.24,5,True,0,1,0.5937919057633378
26,37000,10400,8.94,0.28,3,False,0,0,0.3289412869980645
32,42500,4375,12.23,0.1,5,True,0,0,0.2509905884938508
28,103832,24000,16.69,0.23,5,False,0,0,0.21516554326891316
24,24000,4750,10.62,0.2,3,False,0,0,0.28354210290027315
32,66725,15000,0.0,0.19,5,False,1,0,0.04296588947955185
32,50000,8000,7.49,0.16,10,False,0,0,0.11918081011426239
28,36000,2500,15.99,0.07,8,True,0,0,0.30751504199157004
23,65000,7000,10.71,0.11,2,False,0,0,0.10976204048292652
24,52000,5600,7.29,0.11,2,False,0,0,0.08390717175304889
24,55000,7500,6.03,0.14,3,False,0,0,0.08506570589805738
22,44000,15000,11.11,0.34,3,False,1,0,0.46136777163369125
23,40000,16000,12.99,0.4,2,True,1,1,0.7855415275794909
30,84996,8000,12.69,0.09,7,False,0,0,0.1029846366958055
22,23587,2000,11.89,0.08,4,False,1,0,0.13983521426834558
31,120000,12000,6.03,0.1,6,False,0,0,0.0373139693420851
22,35000,5000,7.9,0.14,3,False,0,0,0.12675251568904589
27,78000,12000,15.58,0.15,7,False,0,0,0.19302938404150982
37,65000,9000,6.91,0.14,15,False,0,0,0.08447718380541779
23,40104,10000,12.72,0.25,2,True,0,1,0.5301439957123855
30,30000,5000,7.14,0.17,7,False,0,0,0.155500854421164
29,120000,12000,10.65,0.1,9,False,0,0,0.06369299897884365
29,52800,4800,14.79,0.09,9,False,0,0,0.1664928228476531
27,170000,16000,5.79,0.09,8,False,0,0,0.0216966584083544
36,33481,13475,15.68,0.4,15,True,1,1,0.8598773299138802
24,36000,3500,13.06,0.1,3,True,0,0,0.28174084592653853
38,200000,3000,7.68,0.01,15,False,0,0,0.02498746814512312
22,65000,3000,6.99,0.05,4,False,0,0,0.05075307140634347
24,40000,6000,0.0,0.15,3,False,0,0,0.05265553781838997
24,28800,5500,0.0,0.19,3,True,0,0,0.14613180303675252
29,46000,4000,6.76,0.09,9,False,0,0,0.07269631020883414
29,35000,4000,15.23,0.11,9,True,0,0,0.3560622866744767
24,64000,3000,0.0,0.05,4,False,0,0,0.021997915900684017
22,32000,14000,13.49,0.44,2,False,1,1,0.77795606908474
32,90000,25000,15.58,0.28,7,False,0,0,0.28120374435892737
25,82000,6000,9.91,0.07,2,False,0,0,0.07021294313190705
21,56000,15000,16.0,0.27,2,False,1,0,0.4289492730210699
29,48000,20000,11.36,0.42,10,False,0,1,0.5902228366493125
24,39000,7000,14.42,0.18,4,False,1,0,0.30116595379879774
37,39480,8000,8.49,0.2,13,False,0,0,0.1930597843914503
26,67983,15000,16.49,0.19,3,False,1,0,0.2582250640001804
22,16200,2000,12.42,0.12,3,False,0,0,0.21078011162854454
25,40000,6000,10.65,0.15,3,False,0,0,0.17483618604523937
26,80000,10800,11.99,0.14,3,False,0,0,0.1295678973785788
22,160000,10000,8.94,0.06,3,False,0,0,0.03497165335454645
28,26000,2500,7.49,0.1,8,False,0,0,0.09999819382327098
22,58000,4000,10.0,0.07,4,False,0,0,0.08405446880566156
23,32400,4500,7.49,0.14,4,False,0,0,0.12542022601239727
32,39600,8000,9.91,0.2,10,False,0,0,0.2209185974041177
29,45000,2400,0.0,0.05,6,False,0,0,0.02447746531074091
25,29000,3000,6.62,0.1,4,False,1,0,0.08753095228095102
21,35000,6500,13.43,0.19,4,False,0,0,0.3032474508044379
26,38000,1000,15.27,0.03,3,True,0,0,0.22963031545516988
40,120000,9600,10.59,0.08,14,False,0,0,0.06134048159814095
35,80000,15000,0.0,0.19,9,False,0,0,0.04112808528365208
25,78000,9600,14.11,0.12,4,True,1,0,0.2474251063071104
23,29120,6400,8.94,0.22,4,False,0,0,0.2572401885513188
22,33000,5600,13.23,0.17,4,True,1,0,0.4161757443435812
23,30000,10000,13.79,0.33,2,False,1,1,0.607880669937902
37,45000,8000,9.63,0.18,17,False,0,0,0.17953016826881463
31,36000,4000,13.8,0.11,9,True,0,0,0.3168984135945185
22,30000,4800,0.0,0.16,3,False,1,0,0.0635564297335338
23,66300,9800,15.7,0.13,2,True,1,0,0.31278937991373046
22,26000,4000,9.25,0.15,2,False,0,0,0.17272333366816747
23,95000,19000,7.51,0.2,4,False,0,0,0.08120649795947683
24,102000,7200,0.0,0.07,3,False,0,0,0.01851470278330585
33,96053,12000,15.68,0.11,6,False,1,0,0.1352284216594861
29,52000,4500,9.91,0.09,10,False,0,0,0.09934508511778785
39,24000,5000,11.14,0.21,12,False,0,0,0.32006741835142405
21,43008,11200,15.31,0.26,3,False,0,0,0.4497249199664449
23,50000,10000,9.91,0.2,3,False,0,0,0.1938583228549855
30,108000,10000,10.65,0.09,5,False,0,0,0.06843897864606899
21,33600,10000,7.88,0.3,2,False,0,0,0.349110607368436
22,130000,3000,13.49,0.02,2,False,0,0,0.06778913434581096
30,24000,7500,7.88,0.31,9,False,0,0,0.4183725817198304
22,97000,5000,6.99,0.05,4,False,0,0,0.040889895020071766
23,80000,14000,14.27,0.17,2,True,0,0,0.29628583415052573
21,93000,9800,12.73,0.11,3,False,0,0,0.10788958605734705
32,65004,13000,12.53,0.2,6,False,0,0,0.21287737484950006
39,60000,3600,5.99,0.06,11,False,0,0,0.050328792258274364
22,36000,5000,16.32,0.14,4,False,1,0,0.29292849070102195
40,68000,9200,8.94,0.14,11,False,0,0,0.10645884694959859
22,26796,3000,8.32,0.11,3,False,0,0,0.11604845045751905
25,55200,3600,13.98,0.07,4,False,0,0,0.13637017999012307
24,55680,7875,10.65,0.14,3,False,0,0,0.1392442443258683
30,75000,15000,7.88,0.2,9,False,0,0,0.11286521817724578
25,13200,6625,8.63,0.5,3,False,1,1,0.8542543289924514
24,89000,25000,13.11,0.28,3,True,0,0,0.3532555329463518
24,72000,14000,7.9,0.19,2,False,0,0,0.11033367364574412
23,22000,3200,12.69,0.15,4,False,0,0,0.2542001378318098
26,100000,17000,13.61,0.17,3,True,0,0,0.23340343243773443
23,126000,8000,13.23,0.06,2,False,0,0,0.07307456653329879
25,51500,1325,14.79,0.03,3,False,0,0,0.119979696091427
26,47000,8400,11.83,0.18,4,False,0,0,0.2190674205190262
22,54996,25000,12.42,0.45,2,False,0,1,0.6160096501675769
28,81000,5000,12.53,0.06,9,False,0,0,0.09084118716843527
22,50000,10000,12.69,0.2,4,False,0,0,0.25286646617035075
39,102000,7800,11.99,0.08,11,False,0,0,0.08488599806889868
32,35100,12000,5.99,0.34,10,False,1,0,0.3607894498648476
26,53400,13600,10.99,0.25,4,False,0,0,0.26689057976924013
31,30892,3100,10.59,0.1,9,False,1,0,0.13537974650706328
25,10008,1750,7.49,0.17,3,False,1,0,0.19959594979710585
22,78369,11000,17.99,0.14,3,False,1,0,0.23621053251391086
22,46000,9600,10.99,0.21,4,False,0,0,0.23898373117773639
31,45000,10000,9.88,0.22,8,False,0,0,0.2315369464880671
24,100000,16000,14.72,0.16,2,False,0,0,0.1482837815869895
22,45600,1600,7.88,0.04,2,False,0,0,0.05937310084840265
28,61350,7000,12.98,0.11,8,True,1,0,0.24159517939512462
24,66996,1000,9.32,0.01,4,False,0,0,0.05133390876888925
25,29000,10000,7.49,0.34,2,False,1,0,0.4402159751535177
21,78000,10000,15.57,0.13,4,True,1,0,0.2958798261819262
24,44000,14500,7.29,0.33,2,False,0,0,0.3332370228749971
30,30000,10000,0.0,0.33,7,False,1,0,0.2172645746045051
35,60000,25000,15.31,0.42,6,False,0,1,0.6337912123275453
23,57355,25000,13.49,0.37,3,False,1,0,0.44862109901882014
23,35000,14000,0.0,0.4,3,False,0,0,0.2996161982689708
37,28500,1800,6.76,0.06,12,False,0,0,0.06669651925671059
30,14400,1000,10.62,0.07,10,False,0,0,0.12163081308050931
44,83000,12000,16.0,0.14,15,True,1,0,0.30855052637451347
23,130000,6800,8.49,0.05,3,False,0,0,0.040004942387920295
48,40000,8050,12.98,0.2,13,False,0,0,0.3027285111559388
25,130000,25000,11.36,0.19,3,False,0,0,0.07480962861198587
23,85000,20000,0.0,0.24,4,True,0,0,0.0880001388526329
26,50200,9000,7.66,0.18,3,False,0,0,0.13733249442223824
30,75000,5000,0.0,0.07,10,False,0,0,0.022981404914151356
29,19200,2000,5.99,0.1,7,False,1,0,0.08900259010448314
38,70000,17000,6.03,0.24,13,False,0,0,0.12108688095639782
24,80000,16000,6.17,0.2,4,False,0,0,0.08641353268526189
57,40000,15000,8.9,0.38,20,False,1,1,0.5125707079512271
35,105000,7250,0.0,0.07,5,True,0,0,0.035676280106320256
37,38400,23500,0.0,0.61,16,True,1,1,0.791619831378844
32,63000,12000,6.62,0.19,10,False,0,0,0.10966684362475715
22,12996,3500,8.59,0.27,4,False,1,0,0.4074914170505534
26,57000,2500,11.58,0.04,3,False,0,0,0.08466864664528494
27,45727,1000,16.29,0.02,5,False,0,0,0.13398455460230116
27,123000,22350,14.07,0.18,6,True,1,0,0.19168323448001917
25,135000,7200,9.91,0.05,3,False,0,0,0.045922242860188645
22,49536,5200,6.62,0.1,3,False,0,0,0.07224608891153737
24,100000,10000,12.87,0.1,4,True,0,0,0.17240819340997396
41,150000,20000,19.47,0.13,15,False,0,0,0.13643459069895608
36,74000,10250,11.48,0.14,15,False,1,0,0.12792041983286578
31,73000,20000,15.05,0.27,5,True,1,0,0.47835032039298975
25,73000,9000,11.86,0.12,4,False,0,0,0.11959883032602667
25,95004,18000,7.51,0.19,4,False,0,0,0.07880497982513206
41,58650,12000,11.14,0.17,16,False,1,0,0.15406217389215124
28,103000,20000,14.17,0.19,9,True,1,0,0.24541291872097576
28,36000,2350,12.99,0.07,5,True,0,0,0.23704463916616444
31,73000,12000,0.0,0.16,8,True,0,0,0.0690984617983445
23,45000,5000,7.75,0.11,3,False,0,0,0.09279814380450528
25,91200,6000,7.68,0.07,4,False,0,0,0.05219197966461088
22,63000,9000,0.0,0.14,4,False,0,0,0.03700394367930406
26,44400,6500,14.35,0.15,2,False,0,0,0.24484895133452078
22,20796,10775,15.37,0.52,2,True,1,1,0.9602098811121469
23,56000,8000,10.0,0.14,3,False,0,0,0.1283999575917419
22,89440,8000,5.79,0.09,4,False,0,0,0.044715887601336275
34,30000,9050,5.99,0.3,9,False,0,0,0.3170082862419795
22,60000,7200,12.87,0.12,3,True,0,0,0.2554836776640018
24,58650,9500,16.49,0.14,3,False,1,0,0.23169619038848127
30,71400,9600,12.61,0.13,9,True,0,0,0.23559497353743664
34,45000,12000,6.03,0.27,9,False,0,0,0.21519582207503873
42,36000,13000,12.73,0.36,16,True,1,1,0.74652213529592
23,60036,7200,9.91,0.12,4,False,0,0,0.1095606753315216
22,37000,3000,11.11,0.08,2,False,1,0,0.11786488911465684
27,63000,8000,7.51,0.13,6,False,0,0,0.08734377474761863
26,120000,4000,7.14,0.03,3,False,0,0,0.03441198489454369
22,29553,6000,7.49,0.2,4,False,0,0,0.1940570150826571
28,70000,7800,7.9,0.11,8,False,0,0,0.07498605983299866
24,26400,5000,7.9,0.19,4,False,0,0,0.19863617650455012
24,33000,20000,10.99,0.61,3,False,1,1,0.9076839023328098
43,85000,9000,11.89,0.11,11,False,0,0,0.1098267457988458
26,38400,7200,9.91,0.19,2,False,0,0,0.21361871794000092
31,69000,22000,13.67,0.32,7,True,1,1,0.5319865825110504
22,35000,8000,5.79,0.23,4,False,0,0,0.18619921344247592
34,36000,3600,13.49,0.1,7,True,0,0,0.2960080907389328
22,50004,10200,15.21,0.2,4,False,0,0,0.31436026354595953
33,612000,5950,12.73,0.01,9,True,0,0,0.01994240428526129
24,54000,8000,7.88,0.15,3,False,0,0,0.11202523049318655
24,93000,12000,16.29,0.13,3,True,1,0,0.2820436228311511
27,63000,4500,8.88,0.07,7,False,0,0,0.07122232070990976
25,70000,4000,6.92,0.06,2,False,0,0,0.0522794359904794
22,76000,7000,11.12,0.09,2,False,0,0,0.09259064623801239
27,40000,3000,7.4,0.07,9,False,0,0,0.0695655361181349
24,65000,6000,0.0,0.09,2,False,0,0,0.027327230664658732
25,120000,4800,14.22,0.04,3,False,0,0,0.0832695333997282
29,242400,35000,10.37,0.14,8,False,0,0,0.015951205316235464
22,55000,6000,14.27,0.11,2,True,0,0,0.28865217824615214
25,144996,17600,14.84,0.12,3,False,1,0,0.08472295726225877
22,35000,7500,13.92,0.21,3,False,0,0,0.3489616404322895
23,75800,7000,6.54,0.09,4,False,0,0,0.05423343508359857
21,49000,2000,11.99,0.04,2,False,1,0,0.09223887911297461
28,32000,12000,12.69,0.38,10,False,1,1,0.6607857893683804
33,75693,22000,10.25,0.29,10,False,0,0,0.2172304843382126
32,62000,10000,17.27,0.16,7,True,1,0,0.4325440489659494
24,50000,15000,8.9,0.3,2,False,0,0,0.30069394171069364
26,26000,7000,10.99,0.27,4,False,0,0,0.4216069981885979
28,85000,8000,11.71,0.09,6,False,0,0,0.09186924859920641
22,64000,13000,14.11,0.2,3,True,0,0,0.3830897668002271
23,50000,12000,12.87,0.24,2,True,0,0,0.4711037185337598
21,100000,7800,7.88,0.08,2,False,0,0,0.051193220607828736
25,55000,3600,8.9,0.07,3,False,0,0,0.07737440792238472
24,31200,6700,14.26,0.21,2,True,0,1,0.5362456623121696
31,48000,2000,10.65,0.04,6,False,0,0,0.08094384045112799
38,54400,10000,15.33,0.16,15,True,1,0,0.3787600128256566
23,80000,4000,15.23,0.05,3,False,0,0,0.11927344664273717
22,24000,3000,0.0,0.13,4,False,1,0,0.053869508593120945
22,54000,2000,18.3,0.04,4,True,1,0,0.29730011111168836
24,52800,8000,12.87,0.15,3,True,0,0,0.31300304553980074
30,90000,13000,11.89,0.14,10,False,0,0,0.10977408091350967
23,138000,2700,11.86,0.02,4,False,0,0,0.05540658575064788
24,36000,6000,14.96,0.17,2,False,0,0,0.31057532917503355
27,125000,8000,6.76,0.06,10,False,0,0,0.03357524133088747
24,16800,5000,14.22,0.3,4,True,1,1,0.7669037099110457
22,71000,6000,0.0,0.08,4,False,0,0,0.023993673326780963
25,46800,5000,6.76,0.11,3,False,0,0,0.08294701721776315
41,19200,2950,16.49,0.15,12,True,1,1,0.5288702677899709
25,85000,2000,0.0,0.02,2,False,0,0,0.016400435840166573
33,34320,3000,14.11,0.09,5,False,1,0,0.18256325454431196
26,36000,5400,8.9,0.15,2,False,0,0,0.1525574408839866
27,50000,4000,0.0,0.08,9,False,0,0,0.02892239183192357
21,55000,12000,10.62,0.22,2,False,0,0,0.2180483999078506
22,94692,20000,11.49,0.21,4,False,0,0,0.1312210705354272
32,60000,6000,13.98,0.1,5,False,0,0,0.15641147705943478
53,43200,10000,9.88,0.23,30,False,0,0,0.25205851399313334
24,33000,4800,14.91,0.15,4,True,1,0,0.43204950692552635
32,98406,5400,9.38,0.05,6,False,0,0,0.05434404743031962
29,48000,17375,14.27,0.36,10,True,0,1,0.7192677591254788
40,1200000,10000,0.0,0.01,16,False,0,0,0.00024763741839439193
30,64000,10200,6.62,0.16,5,False,0,0,0.09277180144804492
25,83800,25000,15.95,0.3,3,True,1,0,0.49322909824459243
22,30500,7025,6.54,0.23,4,False,1,0,0.21305276363547787
24,53800,6000,10.99,0.11,2,False,0,0,0.12378880380243475
25,100000,6000,14.42,0.06,3,True,0,0,0.17860660114898336
25,60000,1800,12.21,0.03,2,False,0,0,0.08553132991550938
23,40000,11650,11.99,0.29,4,False,0,0,0.4182832524768346
28,55000,18000,7.9,0.33,6,False,0,0,0.29607875186167365
26,50000,13000,12.09,0.26,3,False,0,0,0.32718680327549604
25,150000,25000,10.37,0.17,2,False,0,0,0.05203725015125607
28,60000,15000,15.96,0.25,9,True,0,1,0.5376805975219648
24,51024,2000,12.99,0.04,4,True,0,0,0.18107470709916387
28,40000,14000,11.89,0.35,5,False,1,1,0.5329754742933704
23,32000,7500,12.98,0.23,3,False,0,0,0.3712601403491452
24,7500,1200,13.48,0.16,4,False,1,0,0.33099896660074496
38,36000,7500,11.36,0.21,13,False,0,0,0.2840387303915683
23,157500,10000,12.69,0.06,2,False,0,0,0.05557367258804743
31,150000,12000,10.74,0.08,9,False,0,0,0.048862671949124525
22,60000,7500,11.34,0.13,4,True,0,0,0.2346596685390533
27,57996,4800,8.59,0.08,9,False,0,0,0.07500749039623848
21,29760,8500,10.62,0.29,2,False,0,0,0.43143454154592176
22,47000,6850,10.65,0.15,4,False,1,0,0.16245784527648177
29,30000,4000,0.0,0.13,6,False,0,0,0.05074997301973422
33,37000,13000,10.36,0.35,7,False,0,1,0.5055315104658951
33,35000,10000,13.48,0.29,10,True,0,1,0.6557085908807527
28,63000,8575,13.49,0.14,8,False,0,0,0.17733573053691876
24,40000,3000,11.99,0.07,4,False,0,0,0.11789906111766377
36,65000,7000,11.49,0.11,11,False,0,0,0.12138345581914699
23,70550,25000,19.04,0.3,4,True,1,1,0.5970422106723131
23,57000,7000,0.0,0.12,2,False,0,0,0.035274288628907066
28,72000,18000,11.89,0.25,10,False,0,0,0.2244958820198653
28,19200,4800,0.0,0.25,6,False,1,0,0.14960684439580715
24,62000,7750,10.0,0.13,2,False,0,0,0.11779890713548762
26,70000,20000,13.16,0.29,3,False,1,0,0.31474153230722224
22,60000,20000,11.12,0.33,3,False,0,0,0.3515562928615506
36,25200,7200,7.29,0.29,11,False,0,0,0.3598435756767739
23,88000,9000,0.0,0.1,2,False,0,0,0.023356330153956106
21,61000,6000,0.0,0.1,3,False,0,0,0.03011909343659961
36,51996,7500,10.51,0.14,15,False,0,0,0.14170062975955383
31,29000,3500,12.53,0.12,5,False,0,0,0.19541637334628414
24,71004,5000,14.96,0.07,3,True,1,0,0.23051280339973484
27,42000,4200,6.76,0.1,9,False,0,0,0.07933456616723539
22,29000,7500,10.08,0.26,4,False,1,0,0.3577674004937404
28,18000,3500,14.22,0.19,5,False,1,0,0.3838818338875701
26,125000,6000,5.42,0.05,4,False,0,0,0.02958889154305031
28,150000,25000,15.25,0.17,8,True,0,0,0.161811821344836
38,35000,5600,11.11,0.16,11,False,0,0,0.2085932379156954
26,145000,18500,12.87,0.13,3,True,0,0,0.127546462269428
33,25200,5500,9.88,0.22,7,False,0,0,0.2994633955645882
22,48000,16500,8.9,0.34,4,False,1,0,0.3682377768310764
24,35000,10000,7.9,0.29,4,False,0,0,0.32700821739738967
39,49993,12600,16.89,0.25,15,False,1,0,0.45285025156468334
29,98850,12500,0.0,0.13,10,False,0,0,0.02447078204089688
24,38400,10000,10.38,0.26,3,False,0,0,0.3271986856350467
21,31000,6000,6.03,0.19,3,False,0,0,0.15284186779612927
22,61000,2100,6.62,0.03,3,False,0,0,0.04289387179627335
21,19140,5000,8.49,0.26,4,False,1,0,0.353709727146214
21,20004,3000,10.37,0.15,4,False,0,0,0.2050113672832268
47,28500,5000,5.42,0.18,15,False,0,0,0.1456609226961528
23,39996,12000,9.63,0.3,2,False,0,0,0.36821331653592576
25,65004,4800,13.49,0.07,4,True,0,0,0.20462261923192468
28,108800,35000,16.4,0.27,7,True,1,0,0.2752150181964226
25,24000,7000,16.45,0.29,2,True,1,1,0.7744782193168266
38,81000,11000,10.36,0.14,14,False,0,0,0.1073230435121406
22,84000,7500,8.63,0.09,2,False,0,0,0.06592304801026636
24,12480,7350,6.92,0.59,2,False,1,1,0.9181939524761014
24,74000,10000,14.54,0.14,2,False,1,0,0.179395478301662
24,62000,10000,10.74,0.16,2,False,0,0,0.14725860769216134
22,36000,5250,0.0,0.15,2,False,0,0,0.05547778341633838
21,35000,6900,12.42,0.2,3,False,0,0,0.2933783586414116
24,90000,20000,6.54,0.22,3,False,0,0,0.08436194359887873
37,70000,10000,0.0,0.14,11,False,0,0,0.035106381177247126
25,48000,2000,10.74,0.04,3,False,0,0,0.08095771526359513
31,50000,2500,17.04,0.05,10,True,0,0,0.2843169918385507
31,72000,16000,0.0,0.22,7,False,0,0,0.05267323728563913
21,60000,5000,8.49,0.08,4,False,0,0,0.07254953056575453
22,30996,8000,11.49,0.26,2,False,0,0,0.39197116042074626
23,43500,10450,13.57,0.24,3,False,0,0,0.36122447501704197
23,114000,17325,11.99,0.15,2,False,0,0,0.08939868591058257
33,96000,9000,7.49,0.09,7,False,0,0,0.052015510879205376
25,115000,19000,13.49,0.17,4,False,0,0,0.11538759601158675
26,30000,3600,15.99,0.12,4,False,1,0,0.2679620136441453
26,30000,8000,13.98,0.27,2,False,0,0,0.4976900423330056
26,71500,7500,10.99,0.1,3,False,0,0,0.099449280682656
26,94000,5000,7.68,0.05,3,False,0,0,0.04556897938567355
30,63000,6000,0.0,0.1,7,False,0,0,0.030463828871132092
22,60000,10000,8.9,0.17,3,False,0,0,0.13127097052796452
34,91200,12000,6.92,0.13,7,False,0,0,0.06088653100609094
24,85000,10000,0.0,0.12,4,False,0,0,0.026955544060939255
23,38000,5400,7.9,0.14,3,False,0,0,0.12338481723208775
32,37500,3400,9.88,0.09,9,False,0,0,0.11102872453220108
40,71599,6000,9.63,0.08,14,False,0,0,0.07793975633739332
34,55000,4050,0.0,0.07,9,False,0,0,0.02634821249685911
21,42000,3500,10.37,0.08,4,False,0,0,0.10319177893174092
22,14400,2100,11.14,0.15,4,False,0,0,0.23468802938329103
35,18200,2725,0.0,0.15,8,False,0,0,0.06935129270590024
40,66000,6125,14.65,0.09,17,True,0,0,0.2525483143850566
25,155000,18000,7.51,0.12,2,False,0,0,0.03382078834905205
31,105000,15000,10.59,0.14,8,False,0,0,0.08186628455940656
23,44400,7100,6.99,0.16,3,False,1,0,0.11938867264877823
30,50000,10000,0.0,0.2,9,False,0,0,0.06524310312218572
23,39600,19000,10.62,0.48,2,False,1,1,0.7250669383589236
24,38400,5000,10.99,0.13,2,False,0,0,0.16187021656706974
23,120000,5000,8.9,0.04,4,False,0,0,0.04361340578068899
38,22000,4000,12.68,0.18,12,True,0,0,0.46418989882087675
33,45000,8500,10.62,0.19,6,False,0,0,0.21350527552060622
24,30000,3000,7.49,0.1,3,False,0,0,0.09633485957306558
22,68000,14800,9.88,0.22,4,False,0,0,0.16989817476900373
25,53000,7500,12.92,0.14,4,False,1,0,0.18165286193444424
29,92000,24000,0.0,0.26,6,False,0,0,0.045437189839036066
25,170000,20000,12.53,0.12,4,False,0,0,0.05211953879450341
41,54500,7700,6.91,0.14,17,False,0,0,0.0943245846577675
53,54000,10000,14.59,0.19,27,True,1,0,0.432698401762314
27,40000,10000,0.0,0.25,7,False,0,0,0.10620424580638232
27,50000,8000,13.43,0.16,10,False,0,0,0.2187384892538447
27,56004,5000,7.74,0.09,7,False,0,0,0.0746487371484109
22,62589,7000,13.35,0.11,2,True,0,0,0.24916009102687547
31,72000,21000,11.99,0.29,6,False,1,0,0.27195734705744573
28,80000,3025,9.99,0.04,8,False,0,0,0.06321926522071271
22,85000,12000,11.99,0.14,3,False,0,0,0.11833833789683104
24,52000,5000,10.99,0.1,3,False,0,0,0.1198452607822345
22,50000,12000,7.29,0.24,3,False,0,0,0.18595535207142352
29,52100,5000,10.99,0.1,9,False,0,0,0.11960373153079619
24,78300,5000,7.74,0.06,3,False,0,0,0.05267432168067643
27,79200,15000,17.14,0.19,8,False,0,0,0.26448281957364755
28,54000,20000,7.9,0.37,8,False,1,0,0.3569170317836868
36,9600,3250,11.49,0.34,15,False,1,1,0.6755449654028955
25,28176,1000,9.63,0.04,4,False,0,0,0.07972647318585964
26,145000,10000,10.99,0.07,3,False,0,0,0.05228100669951668
38,110000,16000,11.99,0.15,17,False,0,0,0.09768461980866264
27,44000,5000,16.89,0.11,10,True,1,0,0.381070115140387
22,54000,14000,7.14,0.26,2,False,0,0,0.1937103519077809
24,130000,20000,11.58,0.15,2,False,0,0,0.07013492676819962
25,36000,9800,10.36,0.27,4,False,0,0,0.35379352299219524
23,34000,4000,12.69,0.12,2,False,0,0,0.1884698162008235
27,48000,5250,15.27,0.11,6,True,0,0,0.33103093562355346
25,80000,12000,12.99,0.15,3,False,0,0,0.14733863707856018
29,42500,15000,7.88,0.35,7,False,1,0,0.39109233244095254
24,75000,24000,0.0,0.32,3,False,1,0,0.08369985842265106
22,38400,10000,14.72,0.26,3,False,0,0,0.45416067041728464
22,35000,7000,18.09,0.2,2,True,1,1,0.6193814653660064
24,120000,5775,6.17,0.05,2,False,0,0,0.03334944799315125
23,38500,12800,8.9,0.33,4,False,1,0,0.4061813796950725
30,33300,1600,7.4,0.05,5,False,0,0,0.06512094862860786
31,50000,6000,5.99,0.12,8,False,0,0,0.07830041268651929
28,74000,18000,10.75,0.24,5,False,0,0,0.18637925558479215
26,45000,15000,7.29,0.33,4,False,1,0,0.3258693708166303
60,31500,4650,13.23,0.15,27,False,0,0,0.2545914429119262
24,72000,5000,13.93,0.07,2,True,0,0,0.20840962271257396
27,33600,6000,14.91,0.18,5,True,1,0,0.4900948624486099
28,150000,15000,7.88,0.1,6,False,0,0,0.03523109363979974
23,74064,22000,10.59,0.3,3,False,0,0,0.241338013880674
25,74004,20000,15.95,0.27,3,False,1,0,0.3438349320769475
23,68000,10000,10.37,0.15,2,False,0,0,0.12716126078178283
24,19200,4000,14.35,0.21,4,True,1,1,0.5876642736116663
23,65000,3600,10.59,0.06,3,False,0,0,0.08264909750220853
27,48000,25000,10.59,0.52,7,False,1,1,0.7255490396259996
22,36000,1500,13.16,0.04,4,True,1,0,0.1954106598616946
37,110000,25000,10.99,0.23,12,False,0,0,0.11095509136738421
22,44004,9000,14.11,0.2,3,True,1,0,0.4584185533999906
24,55000,6000,8.0,0.11,2,False,0,0,0.08821285632035168
32,60000,4000,10.99,0.07,10,False,0,0,0.09486409363672324
26,56000,7000,9.07,0.13,3,False,0,0,0.11295574641206024
30,11292,2100,6.76,0.19,6,False,1,0,0.2146932802736606
25,30000,4000,9.76,0.13,3,False,0,0,0.15319176827933365
22,38400,16000,11.54,0.42,3,True,1,1,0.7885949639340244
22,35000,5000,11.71,0.14,2,False,0,0,0.1901105181491904
22,68000,16000,7.9,0.24,4,False,0,0,0.15361621498917635
40,74004,7125,6.62,0.1,14,False,0,0,0.061620581441721674
25,79404,20000,15.05,0.25,3,False,0,0,0.27328977202299143
36,55000,7000,6.92,0.13,16,False,0,0,0.08832737650219556
37,42000,8400,13.49,0.2,14,False,0,0,0.3016410082476492
36,88000,3200,10.99,0.04,13,False,0,0,0.06941879424179173
24,60000,15000,13.99,0.25,4,False,0,0,0.321149019157203
27,51600,6000,8.9,0.12,9,False,0,0,0.10686426711132269
32,140000,5000,10.38,0.04,6,False,0,0,0.05008200132181169
25,130000,6325,6.54,0.05,3,False,0,0,0.03272485293110847
23,54000,6000,14.09,0.11,3,True,1,0,0.28475457442692453
29,165000,10000,6.03,0.06,10,False,0,0,0.024201428630745123
24,56000,12000,0.0,0.21,3,False,0,0,0.06268929260128066
21,33000,3250,7.14,0.1,3,False,1,0,0.08965177161380558
34,52000,8000,11.14,0.15,7,False,0,0,0.1633562043478438
24,120000,8400,13.72,0.07,2,True,0,0,0.1512324647755477
34,56400,12100,5.79,0.21,9,False,0,0,0.12224635485575223
30,32000,6000,0.0,0.19,9,False,0,0,0.07873867001406304
36,62400,2400,7.49,0.04,14,False,0,0,0.05189252966508273
22,16800,4000,10.25,0.24,4,False,1,0,0.3748765411105558
24,25000,9000,11.48,0.36,2,False,1,1,0.6299231687788261
25,38000,10000,7.49,0.26,4,False,0,0,0.25321794128728475
32,85000,7500,10.78,0.09,10,False,0,0,0.0850215497818572
27,72000,17000,6.03,0.24,6,False,0,0,0.11876115936679553
30,50000,16000,16.77,0.32,5,False,1,1,0.5728809570205137
28,110000,4000,12.18,0.04,9,False,0,0,0.07031922608983701
22,118812,15000,13.35,0.13,2,False,0,0,0.09719315162215793
25,18000,4000,13.22,0.22,4,True,1,1,0.5795067964634766
29,82710,8000,13.49,0.1,9,True,0,0,0.21229768130983656
22,40000,12000,13.22,0.3,4,False,0,0,0.47506001313214896
34,30144,18000,12.84,0.6,5,True,0,1,0.9619991081600869
31,45500,7500,11.49,0.16,5,False,0,0,0.19137150128513264
21,30000,12000,5.79,0.4,2,False,1,1,0.5028559360783128
22,49500,9000,14.35,0.18,4,True,0,0,0.41117738366299666
27,62000,5000,0.0,0.08,5,False,0,0,0.026566392456528674
28,55000,8000,0.0,0.15,9,False,0,0,0.04451268653439529
24,60000,6000,7.51,0.1,3,False,0,0,0.07465963337567061
29,16800,5000,6.92,0.3,7,False,1,0,0.40826371002923123
28,70834,20000,12.21,0.28,9,False,0,0,0.2664268190166835
26,65000,6000,9.07,0.09,3,False,0,0,0.08078186306662627
24,150000,8000,8.9,0.05,4,False,0,0,0.03680039503700349
22,36750,7500,14.84,0.2,3,False,0,0,0.35098910735399347
28,84000,20500,10.0,0.24,5,False,0,0,0.14764761492207198
26,110000,8000,14.35,0.07,2,True,0,0,0.17049559449729476
27,81500,20000,17.51,0.25,8,True,1,0,0.492301091722248
39,53000,6500,7.29,0.12,17,False,0,0,0.08751874116484809
42,75744,12000,14.91,0.16,12,True,1,0,0.3283159149447545
23,30000,10625,6.92,0.35,4,False,1,0,0.43393341901058485
23,40000,5000,8.49,0.13,4,False,0,0,0.12209384688393304
30,36000,8000,11.36,0.22,8,False,0,0,0.29608799232831057
30,56000,1500,0.0,0.03,7,False,0,0,0.020490771525327175
36,77000,6000,6.99,0.08,12,False,0,0,0.05590927955301802
35,35000,5600,11.49,0.16,6,False,0,0,0.21752666105025883
32,32400,4800,9.99,0.15,6,False,1,0,0.17920052627469693
26,67000,29000,7.51,0.43,2,False,0,0,0.3511380459042067
21,95400,12000,5.42,0.13,2,False,0,0,0.048966665456256386
29,60000,2400,10.75,0.04,9,False,0,0,0.07606411095762496
26,44000,20000,17.27,0.45,2,True,1,1,0.8900011177653768
29,34000,7500,0.0,0.22,10,False,0,0,0.09428106460568772
29,80000,6000,6.99,0.07,10,False,0,0,0.04951533308268257
23,74424,15000,13.47,0.2,3,True,0,0,0.32971621649922617
25,44000,12000,14.54,0.27,2,False,0,0,0.44207336436130185
33,43200,11350,7.88,0.26,7,False,0,0,0.24709712025083652
24,90100,13000,12.69,0.12,4,False,1,0,0.10011112964847348
25,28800,6800,9.63,0.24,3,False,0,0,0.313065822664782
24,95000,10000,10.65,0.11,4,False,0,0,0.08434306599389953
38,40000,4000,11.49,0.1,12,False,0,0,0.1404505903696908
30,96600,16750,10.62,0.17,5,False,0,0,0.10110603162313861
27,75000,9475,0.0,0.13,5,False,0,0,0.031868268313367275
25,36000,8400,18.64,0.23,4,True,0,1,0.6841654204446254
24,98000,25000,11.83,0.26,3,False,0,0,0.1610191698141013
28,71007,25000,18.62,0.35,7,False,0,1,0.5486760197926227
35,60000,4000,6.03,0.07,7,False,0,0,0.054305670269896376
34,113000,9600,0.0,0.08,5,False,0,0,0.017561798581473918
26,29000,5000,12.99,0.17,2,True,1,0,0.4258881350289752
25,62496,8000,7.51,0.13,2,False,0,0,0.08794754027155768
27,82000,4000,7.9,0.05,10,False,0,0,0.050542170810169235
22,30000,5000,11.89,0.17,4,False,1,0,0.24697836122669464
32,73000,10000,8.59,0.14,8,False,0,0,0.09496249908056162
24,21600,8000,5.42,0.37,2,False,0,0,0.4863409120394403
26,29400,17000,12.99,0.58,2,True,1,1,0.9566618513674915
34,113500,3000,6.39,0.03,8,False,0,0,0.03440903141173413
31,50000,4800,6.03,0.1,5,False,0,0,0.07050085377337216
23,36000,5000,6.17,0.14,2,False,0,0,0.10495021683063976
30,60000,10000,6.03,0.17,7,False,0,0,0.09668095990905715
49,88000,12000,6.62,0.14,17,False,0,0,0.06644066487445942
38,34000,9500,14.46,0.28,15,False,1,1,0.511647811980988
31,32904,3000,0.0,0.09,5,False,0,0,0.03662525215546382
25,16000,3200,9.32,0.2,4,False,1,0,0.27512172504278526
27,24000,6000,8.9,0.25,10,False,0,0,0.3257250719616432
47,52000,5000,10.08,0.1,12,False,0,0,0.11330555857401452
27,85000,7200,7.68,0.08,10,False,0,0,0.053957251268494315
30,33000,2000,0.0,0.06,8,False,0,0,0.028637478992507896
25,42000,9100,0.0,0.22,3,False,0,0,0.08488662741760793
26,28000,14500,12.53,0.52,3,False,1,1,0.873477529317444
23,39456,14000,7.29,0.35,3,False,0,0,0.3885345217644062
25,57000,7250,10.59,0.13,4,False,0,0,0.13060669447337245
22,128000,21600,6.91,0.17,4,False,0,0,0.044227122289149025
27,52000,3000,15.96,0.06,6,True,1,0,0.2697511098545515
21,32268,8000,8.0,0.25,3,False,0,0,0.2713265352582548
33,53000,2500,9.99,0.05,7,False,0,0,0.07909092396534924
30,48000,10000,12.87,0.21,8,True,0,0,0.4294721968471014
30,98000,9000,11.49,0.09,5,False,1,0,0.08226624816247245
21,20000,9000,7.51,0.45,4,False,1,1,0.7191216513276404
27,48000,25000,10.59,0.52,5,True,1,1,0.8366336716938229
29,75000,12000,7.51,0.16,8,False,0,0,0.08885742678980516
28,45000,10000,5.99,0.22,10,False,0,0,0.1539535726630992
23,113000,22400,7.49,0.2,2,False,0,0,0.0636427464610987
24,60000,10000,9.63,0.17,2,False,0,0,0.14329637909646412
32,47004,12000,12.53,0.26,5,False,1,0,0.3588000425267147
25,22812,4125,14.54,0.18,2,True,0,1,0.5166204102573526
27,140000,18000,7.9,0.13,9,False,0,0,0.04033210227978434
23,64000,10325,12.92,0.16,2,True,1,0,0.2977434682311623
21,24000,13000,15.7,0.54,3,True,1,1,0.9634938757657094
24,75000,25000,10.25,0.33,4,False,1,0,0.25498227303463183
30,95000,4000,5.99,0.04,9,False,0,0,0.03550699027658068
28,75000,5625,6.91,0.07,5,False,0,0,0.05151718506621255
21,28500,4800,12.87,0.17,3,False,0,0,0.2738634681978713
27,72000,2500,14.35,0.03,6,False,0,0,0.10074013430740843
38,44000,10000,9.63,0.23,17,False,0,0,0.24384533651945814
25,70000,12000,13.55,0.17,3,True,0,0,0.31073064778145704
24,85000,11000,6.91,0.13,2,False,0,0,0.06450556137836079
24,42000,22250,11.11,0.53,2,False,0,1,0.7910782969773452
32,70197,4100,7.51,0.06,6,False,0,0,0.05630958104043583
29,99000,6000,10.25,0.06,5,False,0,0,0.06341127526444931
24,45000,10000,0.0,0.22,3,False,0,0,0.07973165715510593
25,65454,8400,11.99,0.13,2,False,0,0,0.14044566560222904
22,75000,20000,0.0,0.27,2,True,0,0,0.11912542283504801
24,70000,21500,9.99,0.31,3,False,1,0,0.25490871459255265
22,34560,1200,19.29,0.03,2,False,1,0,0.2021243306815901
22,50000,10400,0.0,0.21,4,True,0,0,0.12535149086474742
30,180000,20000,14.22,0.11,10,False,0,0,0.056037084423201426
25,30000,4200,12.23,0.14,4,True,0,0,0.3407068438588138
24,4800,2400,16.0,0.5,4,True,1,1,0.9740674427196176
25,15600,4750,13.85,0.3,4,False,1,1,0.6253590254378101
27,62000,15000,0.0,0.24,8,False,0,0,0.06840512231264058
27,93000,7000,5.42,0.08,8,False,0,0,0.0409062724735138
24,60000,12000,8.9,0.2,3,False,0,0,0.15405589413286985
51,500000,20000,10.37,0.04,19,False,0,0,0.006636528278247065
46,74000,20000,12.68,0.27,16,True,0,0,0.4084435531217218
33,49548,2800,12.84,0.06,5,True,0,0,0.2070525652134424
36,290000,25000,15.65,0.09,16,False,0,0,0.02907428083892583
23,62000,5000,5.42,0.08,3,False,0,0,0.05072317003474107
22,65000,3000,10.36,0.05,3,False,0,0,0.07563768847427957
33,40000,11175,14.96,0.28,5,True,0,1,0.6585598881343803
25,66000,15000,14.35,0.23,4,False,0,0,0.28478826197468665
35,20000,5500,12.69,0.28,9,False,0,1,0.5309317702953894
23,30680,10000,10.37,0.33,4,False,1,1,0.5002960680804506
32,65280,8400,13.61,0.13,9,False,0,0,0.16710707302598082
23,30000,8400,0.0,0.28,3,False,1,0,0.1546469159020779
25,63720,12500,7.51,0.2,3,False,0,0,0.12824385981768582
31,94350,15000,15.37,0.14,8,False,1,0,0.14386314161438166
30,79000,20000,13.72,0.25,10,False,0,0,0.24075719077525623
22,39996,11000,5.79,0.28,2,False,0,0,0.23779639055591223
22,32000,15000,9.88,0.47,4,False,1,1,0.7380530863708729
23,51000,4000,6.03,0.08,2,False,0,0,0.059933533676499916
24,42000,18000,14.46,0.43,3,True,1,1,0.8396944971607709
26,50000,13000,0.0,0.26,3,False,0,0,0.09655410621856504
27,85000,2000,14.22,0.02,9,True,0,0,0.15809324621868223
24,42500,4800,7.51,0.11,2,False,0,0,0.09254097312605916
35,105000,3000,10.37,0.03,7,False,0,0,0.0572522422649182
26,48000,7000,9.63,0.15,2,False,0,0,0.14677705676397257
25,37500,10000,15.96,0.27,4,True,0,1,0.6763675644701058
29,85000,35000,11.99,0.41,8,False,1,0,0.3343776070639189
27,21112,3600,15.99,0.17,10,True,1,1,0.5415181048505965
24,88000,24000,19.69,0.27,2,False,1,0,0.3850864793178056
24,23004,1500,7.68,0.07,2,False,0,0,0.08323524546394648
32,28672,4650,13.22,0.16,5,True,0,0,0.4165514609853877
28,100000,10000,12.84,0.1,5,True,0,0,0.17338610893355832
24,56500,10000,0.0,0.18,4,False,0,0,0.05268092836489059
29,97000,14600,15.65,0.15,9,False,0,0,0.16218872800966355
34,60000,10000,9.88,0.17,8,False,0,0,0.1491147824588548
26,30000,5000,0.0,0.17,4,False,0,0,0.06971319126099222
24,55000,4000,11.26,0.07,3,False,0,0,0.09879172116352689
23,75000,1000,13.23,0.01,3,True,0,0,0.14207834546597808
23,30000,10000,12.18,0.33,3,False,1,1,0.5580955608980336
29,63533,5400,7.66,0.08,7,False,0,0,0.06475743852232842
21,34000,1800,11.49,0.05,4,False,0,0,0.10029470204667805
30,10800,2400,9.99,0.22,7,False,1,0,0.3520738490054334
22,93240,7000,9.63,0.08,2,False,0,0,0.06748989043401138
25,55800,3500,14.17,0.06,3,True,0,0,0.22089540930319826
28,46000,9000,17.56,0.2,7,True,1,1,0.5663704952945828
23,38400,10000,7.14,0.26,3,False,0,0,0.24409006630287922
21,44004,7200,11.89,0.16,4,False,0,0,0.1979630509164226
22,108000,24150,14.96,0.22,3,True,1,0,0.2701679733964038
21,62500,13200,7.9,0.21,3,False,0,0,0.13947437617412617
24,70000,1600,10.99,0.02,3,False,0,0,0.06598954655507389
73,42000,5000,7.49,0.12,28,False,0,0,0.10816419945313174
26,44000,8400,14.5,0.19,3,True,1,0,0.45809644400463995
22,65000,8000,6.99,0.12,3,False,0,0,0.07401992582894971
27,20000,8000,11.89,0.4,10,False,1,1,0.7404324056953124
36,52000,8325,0.0,0.16,17,False,0,0,0.0486190056256529
30,145000,12000,0.0,0.08,8,False,0,0,0.013405170845176721
22,83200,10000,16.29,0.12,4,False,0,0,0.17570134719264757
41,50000,6000,8.88,0.12,17,False,0,0,0.10931063570246757
35,40000,11325,15.96,0.28,10,True,0,1,0.6822035058011181
23,50960,1800,16.02,0.04,2,False,0,0,0.14569425696399496
30,19200,2100,7.14,0.11,5,False,0,0,0.11132107079186973
28,157000,12000,13.92,0.08,9,True,0,0,0.12472804201826473
24,80000,20000,9.51,0.25,2,False,0,0,0.15782781197110285
50,36000,5000,10.37,0.14,16,False,0,0,0.1723998731298972
32,58000,12000,11.26,0.21,10,False,0,0,0.21500931449925353
27,55000,7500,12.22,0.14,6,True,0,0,0.2800735011117969
29,64402,13500,7.49,0.21,8,False,0,0,0.13193039515876712
25,48996,5000,9.88,0.1,2,False,1,0,0.10749536597851904
22,51000,7500,5.99,0.15,2,False,0,0,0.09360130594764697
31,60000,24250,12.18,0.4,7,False,0,0,0.4959347345825956
39,121200,1450,6.76,0.01,17,False,0,0,0.031333499825559184
23,30000,3600,9.7,0.12,3,False,0,0,0.1417990067087486
26,48000,3600,13.49,0.07,4,False,0,0,0.13235277741166404
24,85000,10000,13.72,0.12,2,True,0,0,0.23048936417009808
24,51500,20000,12.21,0.39,4,False,1,1,0.5398927696455377
23,55000,3600,5.99,0.07,3,False,0,0,0.05467289074712817
31,61400,15000,10.25,0.24,10,False,0,0,0.2112303344535702
29,57504,3200,7.68,0.06,9,False,0,0,0.06173115190608252
24,33996,7000,13.16,0.21,4,False,1,0,0.3359708819754812
31,50000,4000,6.62,0.08,8,False,0,0,0.06494064531193153
27,36200,3600,0.0,0.1,10,False,0,0,0.03746181689682568
37,30000,6500,10.37,0.22,11,False,0,0,0.2964532508718619
24,19464,2500,13.84,0.13,3,True,1,0,0.39626608712250233
28,14400,4800,14.65,0.33,9,True,1,1,0.827028444972112
25,24996,7500,12.98,0.3,2,False,0,1,0.5525387669061992
37,45000,9000,11.71,0.2,12,False,1,0,0.24924720936287825
42,39996,2500,5.42,0.06,12,False,0,0,0.053683409685650184
23,39000,8000,16.49,0.21,3,False,1,0,0.41540399792948585
32,90000,3025,0.0,0.03,5,True,0,0,0.032207694470705234
45,27012,6000,5.99,0.22,13,False,1,0,0.20559841392734737
35,42756,3500,7.74,0.08,8,False,0,0,0.07879568873230587
25,62000,7000,7.49,0.11,4,False,0,0,0.07681224072443255
32,64000,10000,12.69,0.16,8,False,0,0,0.1809383751448473
27,87360,7000,10.36,0.08,6,False,0,0,0.07510084811554574
22,84500,25000,18.3,0.3,4,False,0,0,0.4005361540242465
31,96000,12000,12.73,0.13,5,True,0,0,0.2022140252023424
55,54000,5800,6.76,0.11,24,False,0,0,0.08024109850333194
34,70000,5000,9.91,0.07,7,False,0,0,0.0781191338264742
25,29004,3200,17.49,0.11,2,True,1,0,0.44220943620013714
30,65000,12000,11.49,0.18,7,False,0,0,0.16962204502874004
37,32400,8000,15.99,0.25,11,False,0,1,0.5106467411144093
29,100000,20000,6.54,0.2,5,False,0,0,0.06865271774001458
31,135000,15000,13.85,0.11,9,True,0,0,0.14720137395026334
26,82000,1000,14.27,0.01,2,True,0,0,0.15749209242474455
26,300000,7800,13.49,0.03,4,False,0,0,0.03358245271094541
26,50000,4800,0.0,0.1,2,False,0,0,0.034145850743337924
58,45600,6000,12.99,0.13,25,False,0,0,0.19237028292421807
27,46000,8000,0.0,0.17,9,False,0,0,0.055240317343490004
25,61000,7000,5.79,0.11,4,False,0,0,0.06319390135999378
26,35000,4800,6.03,0.14,2,False,0,0,0.10573180137219869
33,52000,12000,13.85,0.23,5,False,0,0,0.3251880003534772
26,80000,2000,6.91,0.03,3,False,0,0,0.04266748863260502
24,46000,29100,12.99,0.63,2,True,1,1,0.9424999343053091
32,40320,8700,12.61,0.22,5,True,0,0,0.47629873167979836
25,114000,10000,9.32,0.09,4,False,0,0,0.05672394284407496
26,32400,14000,7.51,0.43,4,False,1,1,0.6010283811907622
24,71000,14000,10.99,0.2,3,False,0,0,0.16807395807914577
21,20400,4500,10.99,0.22,2,False,0,0,0.3408870426981025
34,92500,13050,7.66,0.14,6,False,0,0,0.06864125776364145
21,39900,6000,11.49,0.15,2,False,0,0,0.18896757204068598
27,101877,12500,11.99,0.12,7,False,0,0,0.09189714762121916
30,110400,14000,16.89,0.13,6,False,1,0,0.1568529112522937
29,80400,8000,7.14,0.1,7,False,0,0,0.06020798499694493
29,62000,3000,14.84,0.05,7,False,0,0,0.12779489812262496
24,50500,9600,0.0,0.19,2,False,0,0,0.06075100889697061
35,37000,2000,11.26,0.05,10,False,0,0,0.09835076743015365
27,103000,10000,8.59,0.1,10,False,0,0,0.05849722974186403
27,42000,2850,13.48,0.07,7,False,1,0,0.1391545837606272
23,66000,5000,10.39,0.08,4,False,0,0,0.08926314188646432
25,80000,12375,10.91,0.15,4,False,0,0,0.11481757544090605
21,35004,3000,15.58,0.09,3,False,0,0,0.20553193601551642
33,125000,8800,10.59,0.07,7,False,0,0,0.05744548346403046
22,33000,5000,10.25,0.15,2,False,0,0,0.17871662016797515
22,30400,10000,12.8,0.33,2,False,1,1,0.5767851155231826
36,16908,3000,5.42,0.18,11,False,1,0,0.16326507653366215
44,54000,10000,0.0,0.19,11,False,0,0,0.06099825650422902
37,29000,6725,8.88,0.23,16,False,0,0,0.27352493923353466
23,39000,12000,10.99,0.31,4,False,1,0,0.43243596393441014
28,56056,5600,10.37,0.1,6,False,0,0,0.10742637689304477
24,100000,7000,6.76,0.07,3,False,0,0,0.0429192812285417
25,32500,7350,13.43,0.23,3,True,0,1,0.5495522870431755
31,85000,18500,7.51,0.18,7,False,1,0,0.07267191902490308
48,140000,18000,9.99,0.13,11,False,0,0,0.055124401344328285
26,100000,12800,9.45,0.13,3,False,0,0,0.07507640930796272
123,78000,20000,0.0,0.26,4,False,0,0,0.08136480075186102
32,110000,9200,5.79,0.08,10,False,0,0,0.0360070627964358
25,50000,9000,6.03,0.18,2,False,0,0,0.11491402097533875
23,105600,15000,7.51,0.14,3,False,0,0,0.05642334301379702
24,20400,7550,14.79,0.37,4,False,1,1,0.7585359840820848
22,34000,5000,12.73,0.15,3,True,1,0,0.3621863203792357
23,60000,2000,13.06,0.03,3,True,0,0,0.16376948070244474
32,59363,6000,13.22,0.1,10,True,0,0,0.242405630633947
31,42000,7000,7.9,0.17,7,False,0,0,0.1474455729645934
25,61800,4000,7.75,0.06,4,False,0,0,0.05879106921174845
28,39520,6500,11.89,0.16,6,False,0,0,0.21016672142077994
24,87663,14400,0.0,0.16,2,False,0,0,0.030623107915890714
29,27000,5000,6.76,0.19,8,False,0,0,0.17723089518740517
34,105000,7000,9.63,0.07,10,False,0,0,0.06013956099097902
30,78000,7000,6.54,0.09,5,False,0,0,0.05494533662544037
29,75000,6400,7.49,0.09,8,False,0,0,0.06342085608172685
27,75000,12000,11.49,0.16,5,False,0,0,0.13869572564990257
24,50000,5000,11.03,0.1,2,True,0,0,0.21009600492198038
32,150000,24000,17.04,0.16,9,True,0,0,0.19009452112234898
22,67000,12000,11.99,0.18,4,False,0,0,0.17506553585946472
23,54996,11000,0.0,0.2,2,False,0,0,0.06057855358741485
26,108000,9000,5.79,0.08,2,False,0,0,0.03683747053175116
24,133800,9000,7.9,0.07,4,False,0,0,0.03927200702360254
37,90000,4000,6.62,0.04,15,False,0,0,0.039100916533578584
26,80000,4200,14.27,0.05,4,False,0,0,0.10671651988242134
46,336000,9000,11.49,0.03,13,False,0,0,0.02274159990025604
25,43500,4500,6.76,0.1,2,False,0,0,0.07877314948193931
22,42000,4000,8.88,0.1,4,False,0,0,0.10204233691745017
39,66200,13750,9.88,0.21,16,False,0,0,0.168438531455859
24,43000,3000,10.99,0.07,3,False,1,0,0.10485981854816166
30,14800,1200,8.0,0.08,9,False,0,0,0.09840570887293952
23,40000,6000,8.94,0.15,3,False,0,0,0.14517729455676692
22,60000,9000,13.79,0.15,2,True,0,0,0.31883960689938706
37,29536,4000,11.89,0.14,17,False,0,0,0.206840513381765
25,33500,10000,10.25,0.3,3,False,0,0,0.421892840494706
29,37000,2800,7.66,0.08,5,False,0,0,0.08178047294874523
30,95000,12000,8.94,0.13,6,False,0,0,0.0754578265957595
23,70000,6600,12.84,0.09,3,True,0,0,0.2029777565981409
28,110000,3500,11.49,0.03,10,False,0,0,0.06056399049855886
25,40000,16000,11.71,0.4,4,False,1,1,0.618575648036391
26,24000,3600,14.96,0.15,4,False,1,0,0.3073637698486631
32,95000,20000,10.65,0.21,5,False,0,0,0.12290756368875314
30,63000,3500,7.49,0.06,7,False,0,0,0.05888767493963972
32,80000,6000,12.69,0.07,7,False,0,0,0.09793534075817079
28,105000,12000,9.63,0.11,10,False,0,0,0.06459301583707366
21,38400,10000,7.66,0.26,4,False,0,0,0.2543927510496854
23,54000,1500,9.62,0.03,3,False,0,0,0.06499213900986804
26,76800,12800,6.92,0.17,4,False,0,0,0.08680794979901162
31,180000,10000,11.71,0.06,7,False,0,0,0.0466516069044384
22,120000,5000,14.79,0.04,2,False,0,0,0.08733009274210811
24,52800,8000,12.87,0.15,4,False,0,0,0.19090366064743772
22,45000,5000,12.42,0.11,2,False,0,0,0.15513003229403038
23,69000,6000,16.02,0.09,2,True,1,0,0.28371835993292177
31,72000,4000,9.99,0.06,5,False,0,0,0.07529080888217744
24,101000,24250,12.53,0.24,4,False,0,0,0.15040815761103046
21,44000,12875,15.31,0.29,2,False,1,0,0.4994516946597092
25,45000,1800,12.61,0.04,4,True,0,0,0.17925111011518774
22,85000,10000,0.0,0.12,2,False,0,0,0.026942574710016133
28,75000,15000,8.9,0.2,9,False,0,0,0.12555210015870266
37,39700,15000,13.23,0.38,11,True,0,1,0.7700468277274313
29,58000,14000,11.83,0.24,8,False,0,0,0.25965335111762866
32,42000,1800,10.2,0.04,9,False,0,0,0.078681497436605
22,108803,10000,12.23,0.08,4,False,1,0,0.07305971220081182
28,77500,8000,8.49,0.1,7,False,0,0,0.07091724610590237
28,52000,5000,13.48,0.1,7,True,0,0,0.26385656072372454
26,96000,11625,10.0,0.12,3,False,0,0,0.07884980651144563
25,60000,5000,15.27,0.08,2,True,0,0,0.2643594697495786
23,50000,15000,7.88,0.3,4,False,0,0,0.2725579521869739
23,145000,10000,11.71,0.07,3,False,0,0,0.05638357129583674
25,91229,20000,14.35,0.22,3,False,0,0,0.19682381733802065
22,90000,20000,11.26,0.22,2,False,0,0,0.14225696681545694
25,72000,25000,11.89,0.35,2,False,0,0,0.3439641115885267
29,130000,24800,7.49,0.19,10,False,0,0,0.04758678543960993
25,78500,16000,7.88,0.2,2,False,0,0,0.10629154464786843
27,144000,16000,16.77,0.11,6,True,0,0,0.18461112027681031
23,57996,8000,7.14,0.14,2,False,0,0,0.09305443993644219
23,64000,7200,15.96,0.11,3,False,0,0,0.1904011738914363
33,102000,35000,0.0,0.34,8,True,0,0,0.09257275141062214
22,42000,4000,14.09,0.1,4,False,0,0,0.1791976168810395
30,90000,7000,11.71,0.08,10,False,0,0,0.08685050422020008
21,13200,4000,6.39,0.3,3,False,1,0,0.4062537319422658
24,24000,8000,11.34,0.33,4,True,0,1,0.7160820925081148
26,58195,11000,9.91,0.19,2,False,0,0,0.16796721092995254
23,60000,16000,14.27,0.27,4,True,0,1,0.5195364557446286
23,54000,8800,10.99,0.16,4,False,0,0,0.16309743476107522
26,14400,2000,10.37,0.14,2,False,0,0,0.20539718868115553
34,37000,16000,12.99,0.43,9,True,1,1,0.8355703258680364
37,160000,24000,6.54,0.15,15,False,0,0,0.027778571356668606
25,42000,6000,12.42,0.14,2,False,0,0,0.19249108811701784
29,53000,5000,5.42,0.09,5,False,0,0,0.05813702263590345
24,24000,8000,5.99,0.33,4,False,0,0,0.40126263237931953
22,70000,11000,11.36,0.16,3,False,0,0,0.1448146109420754
25,115000,9000,7.51,0.08,3,False,0,0,0.044042154931239044
23,45000,11200,10.59,0.25,4,False,0,0,0.28971039735684495
24,27600,6000,15.62,0.22,2,True,1,1,0.6155983769637372
31,25000,3075,11.83,0.12,5,False,0,0,0.1878699898276731
23,90000,12000,12.18,0.13,4,False,0,0,0.10898435079890972
26,155142,23000,18.25,0.15,2,False,0,0,0.11845919023247507
23,34500,4000,11.49,0.12,4,False,0,0,0.16542488971522465
29,105000,17000,10.25,0.16,10,False,0,0,0.08362073814579282
23,83954,6000,0.0,0.07,2,False,0,0,0.021069244814410144
23,65000,8000,14.72,0.12,2,True,0,0,0.28981645667761324
27,89004,10000,7.51,0.11,9,False,0,0,0.059276688406294464
25,55000,9000,16.77,0.16,2,True,1,0,0.4357730665919653
25,82000,22000,17.51,0.27,2,False,1,0,0.3552818316773534
26,53000,4200,14.22,0.08,4,False,0,0,0.14917329015629333
26,50400,24000,9.91,0.48,3,False,0,1,0.6334135316229929
34,50000,4000,8.9,0.08,7,False,0,0,0.08565800287130888
34,90000,24250,10.62,0.27,6,False,0,0,0.16730941808199415
26,35000,12000,10.91,0.34,2,True,1,1,0.6692367527142639
24,102996,5000,14.22,0.05,4,True,0,0,0.16703402017224375
32,106000,10000,0.0,0.09,9,False,0,0,0.0189832072859473
30,35576,19000,13.72,0.53,7,False,1,1,0.8679487871329803
31,30000,6000,8.49,0.2,7,False,0,0,0.21779776418842578
23,70000,10000,14.79,0.14,2,True,0,0,0.3047605824287281
22,106982,30000,14.91,0.28,3,True,0,0,0.32072384829002
24,49150,14000,11.71,0.28,3,False,0,0,0.34694754267768624
38,62000,12000,0.0,0.19,16,False,0,0,0.05121923681176059
25,103000,12800,15.7,0.12,4,True,0,0,0.23322300331905638
22,21600,2100,9.99,0.1,4,False,0,0,0.1355161684084515
22,75000,12000,10.74,0.16,3,False,0,0,0.12663945733934884
28,60000,16000,12.72,0.27,7,False,0,0,0.31794010851910315
28,43000,15000,6.03,0.35,5,False,0,0,0.33777080448560637
47,37000,7400,8.0,0.2,15,False,0,0,0.19485140435705597
24,108000,4200,0.0,0.04,3,False,0,0,0.016165697215124123
28,75000,6000,7.49,0.08,6,False,0,0,0.05920554471826942
23,149385,7000,8.94,0.05,2,False,0,0,0.03940708476416055
32,25200,6000,16.49,0.24,5,True,1,1,0.6914972353671592
30,54000,5000,7.88,0.09,5,False,0,0,0.07751782623020315
25,125004,15000,7.88,0.12,3,False,0,0,0.046175973286198185
31,75000,2500,12.99,0.03,5,True,0,0,0.1548061030692151
30,84000,12000,11.11,0.14,7,False,0,0,0.10904785632886144
23,47000,15000,11.48,0.32,4,False,1,0,0.4208300168193408
21,33000,2500,6.03,0.08,4,False,0,0,0.06813388614496961
23,76000,20000,0.0,0.26,4,False,0,0,0.059386210027987774
36,53000,3500,9.32,0.07,17,False,0,0,0.08164543540351958
22,66000,20000,10.25,0.3,4,False,0,0,0.2599863376357749
33,67000,6500,7.74,0.1,5,False,0,0,0.07466771221143464
25,35004,7200,9.99,0.21,4,False,0,0,0.2514969315343658
31,42000,8000,12.42,0.19,7,False,0,0,0.25959053232248175
25,65000,15000,11.48,0.23,4,False,0,0,0.21801656199564626
22,36000,3000,11.49,0.08,4,False,1,0,0.12256765633992263
23,46000,12800,19.41,0.28,3,True,1,1,0.7441314358177779
23,39000,10000,7.51,0.26,2,False,0,0,0.25298348063934173
26,95400,5000,12.68,0.05,3,False,0,0,0.08167394550758728
26,82000,3200,5.99,0.04,3,False,0,0,0.03896918363608423
29,115000,20000,13.79,0.17,6,True,0,0,0.1981004388173988
22,43000,13000,12.87,0.3,4,True,0,1,0.6083038144250289
31,30000,5000,9.91,0.17,5,False,1,0,0.20831921610666418
22,43000,2000,0.0,0.05,3,False,0,0,0.024872929903221666
26,125000,10200,7.49,0.08,4,False,0,0,0.03970507648818412
23,120000,6000,13.06,0.05,4,False,0,0,0.07399174086889126
26,82305,18600,6.99,0.23,2,False,0,0,0.10845361935771061
21,28000,9700,11.34,0.35,2,False,1,1,0.5867908115554286
32,32004,10400,15.27,0.32,9,False,1,1,0.6226568966537503
25,20000,2500,15.7,0.13,2,False,1,0,0.30198512717388537
28,44000,7500,14.84,0.17,8,True,0,0,0.4302472806123462
39,30000,8450,5.99,0.28,16,False,0,0,0.2814242436278722
25,51000,7600,12.23,0.15,3,False,0,0,0.18431553433031764
32,53500,4200,13.98,0.08,10,True,0,0,0.24666275617171893
39,73500,18000,0.0,0.24,15,True,0,0,0.10353278843646109
22,42000,3000,6.03,0.07,3,False,0,0,0.05898837548253534
25,35000,1100,6.76,0.03,2,False,0,0,0.05076972631028633
22,38423,2000,8.49,0.05,3,False,0,0,0.06979157437794625
24,39600,12000,8.9,0.3,4,False,0,0,0.3468205762213273
22,36000,12375,0.0,0.34,3,False,0,0,0.20414519326036343
22,61300,13000,9.63,0.21,3,False,0,0,0.17033398037566386
22,44000,10000,10.65,0.23,4,False,0,0,0.265525152088218
26,30000,15000,12.84,0.5,3,False,1,1,0.8497228874403738
32,36000,5300,8.9,0.15,6,False,0,0,0.1543772161756723
22,30000,6600,14.42,0.22,4,True,0,1,0.5652995158118939
27,100000,20000,6.17,0.2,7,False,0,0,0.06493384929035854
23,75000,8000,7.05,0.11,2,False,0,0,0.06626303298002117
27,49000,6000,15.27,0.12,9,True,0,0,0.3403857657556887
28,102058,15000,13.92,0.15,8,True,0,0,0.22353510384703648
24,22000,3000,10.33,0.14,2,False,0,0,0.1898930762623738
23,95000,13600,11.11,0.14,2,False,0,0,0.09601572467286966
26,38000,7800,12.53,0.21,4,False,0,0,0.30675803678554814
27,40000,5000,8.49,0.13,8,False,0,0,0.122199912169821
23,72000,5600,11.12,0.08,2,False,0,0,0.09270945446982715
23,50000,7200,17.58,0.14,2,True,1,0,0.44059904932948324
26,38000,6025,10.99,0.16,3,False,0,0,0.19781584756489598
29,56200,7725,13.75,0.14,6,False,1,0,0.19498371373907125
35,67500,10000,10.65,0.15,7,False,0,0,0.13421550303051596
24,87000,15000,0.0,0.17,2,False,0,0,0.03264878079457441
23,65000,2275,0.0,0.04,2,False,0,0,0.020811843988456643
29,50000,6300,6.62,0.13,10,False,0,0,0.08966952784348138
27,73004,9000,9.63,0.12,7,False,1,0,0.0929251845815112
23,75000,10000,9.63,0.13,2,False,0,0,0.0959384379256037
21,24996,6000,13.61,0.24,2,False,0,0,0.44119421437333517
28,73992,20000,9.96,0.27,9,False,0,0,0.1969014583776378
24,85000,8100,0.0,0.1,2,False,0,0,0.02496528980787052
23,30000,1000,6.62,0.03,3,False,1,0,0.05051633849294374
25,54503,6300,7.51,0.12,2,False,0,0,0.09032652026364085
24,67200,4000,0.0,0.06,2,True,0,0,0.04293356439945054
26,83500,6500,8.59,0.08,2,False,0,0,0.06415346125081535
34,63996,6400,8.0,0.1,9,False,0,0,0.0774152799205105
26,33000,6000,14.84,0.18,2,False,1,0,0.3328956022974759
24,58000,8000,13.43,0.14,4,False,0,0,0.18368563219227113
23,54000,4000,15.62,0.07,3,False,1,0,0.15915820975459566
22,19200,5000,14.17,0.26,2,True,1,1,0.6842910811720412
21,18456,3500,13.35,0.19,2,True,1,1,0.5141628649268031
31,41000,5000,16.07,0.12,9,False,1,0,0.24691235548221624
24,72096,4800,7.14,0.07,2,False,0,0,0.05580868254476637
25,39000,7600,12.84,0.19,3,False,1,0,0.27505526516553286
24,91800,10000,19.29,0.09,2,False,1,0,0.18444451293927827
22,10200,3250,0.0,0.32,2,True,1,0,0.434924655343472
22,55000,1400,13.49,0.03,3,True,0,0,0.1784275754693635
30,110000,4800,5.99,0.04,5,False,0,0,0.03271098910648011
40,25000,8500,7.51,0.34,11,False,0,0,0.47250882058105287
35,34000,1600,14.84,0.05,6,True,1,0,0.25632581519766945
26,69575,14000,9.63,0.2,3,False,0,0,0.1470101305184663
23,55000,7500,7.51,0.14,4,False,0,0,0.10005614186566435
36,15000,5000,10.59,0.33,11,False,1,1,0.600625884069236
24,55000,9000,12.87,0.16,4,False,0,0,0.19595237240180044
21,36662,18000,10.25,0.49,4,False,0,1,0.7467754543257484
38,83000,24000,14.91,0.29,12,True,1,0,0.45553986374166033
34,65000,12300,0.0,0.19,10,False,0,0,0.05012760773173974
34,53000,3100,7.9,0.06,6,False,0,0,0.06623286216857383
36,40000,5000,7.88,0.13,12,False,0,0,0.11609220045931472
28,72000,7000,11.49,0.1,7,False,0,0,0.1073936384069787
34,70000,20000,6.54,0.29,6,False,0,0,0.1694259870706833
24,30000,7500,10.96,0.25,4,False,0,0,0.3608150103627993
26,60000,12500,6.92,0.21,2,False,0,0,0.13341783185970513
23,86000,25000,0.0,0.29,3,False,0,0,0.057562691453140594
25,33996,1500,16.82,0.04,4,False,1,0,0.16875157068490879
27,43495,10800,10.99,0.25,6,False,0,0,0.30791178002736536
23,70560,9600,7.9,0.14,4,False,0,0,0.08892739091934256
22,54000,22750,0.0,0.42,2,True,1,0,0.35657645369553115
30,110000,25000,11.12,0.23,9,False,0,0,0.11112775691576368
23,25000,1800,12.69,0.07,3,False,1,0,0.14151042985955284
27,84000,20000,12.29,0.24,8,True,1,0,0.31134926242770355
22,65000,13000,10.38,0.2,2,False,0,0,0.16815025962584276
35,67600,16000,11.58,0.24,5,False,0,0,0.23105408029455493
28,66920,5000,14.26,0.07,8,True,0,0,0.21719685086168294
22,53591,13750,14.96,0.26,2,False,0,0,0.39426608303286764
22,175000,18000,0.0,0.1,3,False,0,0,0.010216821497800207
23,70572,14500,5.99,0.21,3,False,0,0,0.10359386874005824
22,55992,14000,12.21,0.25,3,False,0,0,0.2888329033189102
25,55200,4225,12.42,0.08,2,False,0,0,0.12212995167156386
31,20000,5000,11.83,0.25,7,False,0,0,0.4346790493292108
28,59600,5000,5.79,0.08,10,False,0,0,0.05313544676216848
22,45673,7000,7.88,0.15,4,False,0,0,0.12003870486675011
23,29772,7700,16.77,0.26,4,True,1,1,0.7103096100720195
33,170000,21000,14.26,0.12,9,False,0,0,0.06102715868721004
26,65000,10000,14.27,0.15,4,False,0,0,0.1940623568330885
34,40000,5000,12.53,0.13,10,False,0,0,0.19035539859056425
26,45600,2000,0.0,0.04,3,False,0,0,0.022662123560330382
28,64000,18000,11.58,0.28,6,False,1,0,0.28138708974776183
34,136625,15000,7.88,0.11,6,False,0,0,0.04128618126127705
24,73500,15000,13.16,0.2,3,True,0,0,0.3225966246759692
28,24000,1500,7.14,0.06,10,False,0,0,0.07026586330057871
23,32000,5000,12.69,0.16,4,False,1,0,0.24632996113410932
25,38400,13000,10.74,0.34,3,False,1,0,0.4874305943116344
39,70000,8400,7.88,0.12,15,False,0,0,0.0805059406433962
22,54000,7000,8.94,0.13,2,False,0,0,0.11092919457265503
28,102000,15000,11.46,0.15,7,False,0,0,0.0993095954253154
22,32340,7000,6.62,0.22,2,False,0,0,0.1985567610515101
29,118374,3500,13.49,0.03,5,False,0,0,0.0759494929747917
26,113000,12000,7.29,0.11,2,False,1,0,0.048640783467050065
31,40000,2000,10.37,0.05,7,False,0,0,0.08776995636073463
25,114996,5000,13.49,0.04,3,False,0,0,0.07683274029765844
24,101000,7000,0.0,0.07,4,False,1,0,0.018739266941312827
28,36000,7500,10.39,0.21,9,False,1,0,0.2558271409650775
32,40020,9000,14.35,0.22,6,False,0,0,0.3653492574167705
22,115000,12000,5.99,0.1,4,False,0,0,0.03683563903164212
25,63000,2400,7.14,0.04,4,False,0,0,0.04940524810023028
23,20000,5000,11.71,0.25,4,False,0,0,0.4265801350689055
25,42000,12000,7.9,0.29,4,False,0,0,0.2966254753272056
28,75000,15000,14.65,0.2,7,True,0,0,0.36377437216397845
26,51000,5500,13.49,0.11,2,True,1,0,0.2804373128207185
28,42000,10000,9.32,0.24,9,False,0,0,0.2549769913216704
27,42000,12000,16.0,0.29,5,True,1,1,0.6921602241587385
26,64000,7500,9.83,0.12,3,False,0,0,0.10688578146460834
21,40000,15000,13.16,0.38,4,True,0,1,0.7624291404213324
27,34560,10625,16.4,0.31,7,False,0,1,0.6245343712126055
24,75000,5000,11.78,0.07,2,True,0,0,0.1660695511955649
23,68000,11500,9.99,0.17,2,False,0,0,0.13420321258573728
25,158000,20000,14.26,0.13,2,True,0,0,0.1320538139358706
25,54000,2500,13.98,0.05,2,False,0,0,0.12243648600485375
24,45000,3600,0.0,0.08,2,False,0,0,0.030442857276065504
26,72645,12000,0.0,0.17,2,False,0,0,0.041026945150358325
39,38400,3500,12.99,0.09,15,True,0,0,0.26118905042454477
32,73200,7200,10.2,0.1,7,False,0,0,0.09265408073495361
24,134300,12000,16.45,0.08,2,False,1,0,0.0994176241522768
36,65028,10000,15.95,0.15,14,False,1,0,0.22954195028029148
26,40000,4500,7.74,0.11,2,False,0,0,0.09789921243460319
26,53004,11000,5.79,0.21,4,False,0,0,0.12959160081099516
27,80004,10000,15.2,0.12,7,False,0,0,0.15918363407956695
31,125000,12500,11.48,0.1,10,False,0,0,0.0674207290397962
29,250000,20000,13.79,0.08,8,False,0,0,0.03214749500480978
24,42000,8000,9.25,0.19,3,False,0,0,0.18896991346355718
30,107004,12000,13.79,0.11,10,True,0,0,0.18297620611308205
24,62400,20000,14.84,0.32,4,False,1,0,0.4376265691602757
23,65000,16500,7.49,0.25,4,False,0,0,0.15781373733167467
23,52000,4600,14.96,0.09,2,False,1,0,0.17181357262252198
23,60000,12000,6.03,0.2,3,False,0,0,0.11241867063133246
24,72000,4400,0.0,0.06,4,False,0,0,0.02176310455748398
23,120000,6000,6.99,0.05,3,False,0,0,0.0361085878412213
29,72500,7000,7.29,0.1,5,False,0,0,0.06687097300174003
24,70000,8000,15.95,0.11,2,True,0,0,0.2982527529743652
29,47000,5000,10.62,0.11,9,False,0,0,0.12727427656588855
24,48000,15200,11.48,0.32,3,False,1,0,0.41867827526628204
24,33996,7000,13.16,0.21,3,False,1,0,0.33668582730747626
34,80300,15000,12.73,0.19,10,True,0,0,0.28772027194278993
23,42500,12600,0.0,0.3,4,False,0,0,0.14209188345510304
26,99100,7000,7.49,0.07,3,False,0,0,0.047279176383374005
25,53000,16000,12.53,0.3,2,False,0,0,0.3878043022913496
27,102000,15000,12.84,0.15,8,False,0,0,0.11520686704867344
24,55000,3500,8.88,0.06,4,False,0,0,0.07028598588467125
24,19200,5000,0.0,0.26,3,False,1,0,0.16064718756184887
24,88000,30000,18.62,0.34,3,False,1,0,0.4335167809552901
36,33600,12000,11.36,0.36,16,False,1,1,0.5749084905261735
55,34000,12000,6.92,0.35,30,False,1,0,0.4168256806301621
38,62000,7000,10.62,0.11,14,False,0,0,0.11091996217518273
24,82000,17400,11.99,0.21,4,False,0,0,0.1651631809921731
27,100000,18000,7.88,0.18,5,False,0,0,0.07408489238274525
25,49000,7750,9.63,0.16,4,False,0,0,0.15207698698455616
24,87996,7000,11.99,0.08,4,False,0,0,0.09008588154020931
22,43000,3800,6.99,0.09,4,False,0,0,0.07562641674877231
29,44400,21000,10.99,0.47,8,False,0,1,0.6854490617246329
34,60000,10000,11.36,0.17,7,False,0,0,0.17467109185238686
25,19200,4000,0.0,0.21,3,False,1,0,0.10985059436284743
27,49000,3000,14.96,0.06,8,True,0,0,0.24640846390484514
24,28800,6000,10.74,0.21,2,False,0,0,0.2890289421141382
24,21640,6000,6.62,0.28,4,False,0,0,0.33298906251714694
23,112000,12000,11.99,0.11,3,False,0,0,0.0835773804115004
52,64500,5000,11.26,0.08,25,False,0,0,0.10193023549100733
25,77000,3000,7.49,0.04,4,False,0,0,0.04763389525160987
23,87000,10000,0.0,0.11,4,False,0,0,0.02420033971899154
27,27000,7500,12.69,0.28,10,False,0,0,0.4869925226760747
28,58000,12500,13.43,0.22,8,False,0,0,0.27681316100375547
42,52400,21000,10.38,0.4,13,False,0,1,0.5001087305240026
25,50000,20000,15.27,0.4,4,False,0,1,0.6575575043387011
25,35000,3500,11.58,0.1,3,False,0,0,0.14561072734461333
25,53742,10750,5.79,0.2,2,False,0,0,0.1203182779763967
29,57000,6000,9.32,0.11,5,False,0,0,0.10256102929196628
34,76000,20000,17.74,0.26,5,False,1,0,0.3764932767577957
25,54996,12000,10.37,0.22,2,False,0,0,0.21507644213915295
21,51000,1600,15.62,0.03,4,False,1,0,0.12777182924328356
32,45996,1800,11.58,0.04,8,False,0,0,0.09135160820001464
24,26400,3000,0.0,0.11,2,False,0,0,0.04471481808414322
29,52000,10800,14.27,0.21,5,False,0,0,0.30593945440574294
21,23000,2400,12.21,0.1,4,False,0,0,0.16781710806758526
21,75000,20000,13.11,0.27,2,True,0,0,0.41067367379473724
30,71000,8000,11.12,0.11,8,False,0,0,0.10740289901676771
39,97000,3000,9.25,0.03,17,False,0,0,0.050502644042032474
25,90000,10000,12.42,0.11,2,False,0,0,0.10557049165269052
23,144000,10000,5.99,0.07,2,False,0,0,0.028527502636918445
22,45000,16000,10.59,0.36,4,False,1,0,0.47845101929469475
23,70000,6000,13.16,0.09,4,False,0,0,0.1246616211659641
30,46080,2000,6.99,0.04,8,False,0,0,0.05255581274043077
30,60000,8000,7.66,0.13,5,False,0,0,0.09075934089385328
26,48000,12000,11.66,0.25,3,False,0,0,0.3083512373946015
23,16000,2275,13.06,0.14,3,True,0,0,0.40214744019706566
25,94000,20000,0.0,0.21,4,False,0,0,0.03497281410175113
53,80000,15000,6.62,0.19,24,False,0,0,0.09068033344230221
35,30000,3000,10.65,0.1,8,False,0,0,0.13935418804547875
28,60000,15000,11.99,0.25,6,False,0,0,0.2705664141273898
33,69000,7200,10.74,0.1,7,False,0,0,0.10003227902290968
22,54000,8075,13.06,0.15,3,False,0,0,0.1927054183946914
22,44000,12000,11.86,0.27,2,False,1,0,0.3591689831397002
37,75996,4400,0.0,0.06,17,False,0,0,0.02155584522796837
29,60000,8500,6.92,0.14,7,False,0,0,0.0881135705279112
25,80004,10000,9.62,0.12,4,False,0,0,0.08620181472489616
22,41000,6000,8.59,0.15,4,False,0,0,0.13863097223508297
24,16000,8000,13.57,0.5,2,False,1,1,0.9083786249617244
25,63000,5000,10.74,0.08,3,False,0,0,0.09458096773437864
41,43000,4000,13.23,0.09,16,False,0,0,0.15363119020689628
39,37200,5000,15.62,0.13,15,False,1,0,0.2592046483452949
23,86000,16000,12.21,0.19,3,False,0,0,0.1516487451372125
26,44000,8475,6.91,0.19,4,False,0,0,0.14407562646523847
35,54000,6000,6.62,0.11,9,False,0,0,0.07657509084067127
39,42000,8000,10.38,0.19,17,False,0,0,0.2127902147662067
30,85000,4200,5.99,0.05,6,False,0,0,0.04026082387364259
30,120000,14000,7.88,0.12,6,False,0,0,0.050071960885732035
24,35000,12000,6.54,0.34,2,False,1,0,0.3764452734860535
24,56000,10000,7.49,0.18,3,False,0,0,0.12500428189572155
24,39500,6400,10.36,0.16,2,False,0,0,0.18086856793766173
23,57000,20000,16.89,0.35,2,False,1,1,0.5814475832000259
24,54100,4500,7.14,0.08,2,False,0,0,0.06593821014065529
25,74000,16000,8.49,0.22,3,False,0,0,0.13706033451306848
23,96000,10000,10.65,0.1,3,False,0,0,0.07663690128596963
27,31200,14000,18.09,0.45,9,True,0,1,0.9297754560875814
22,45000,2800,13.49,0.06,2,True,0,0,0.21842363471098006
26,71000,8000,13.49,0.11,4,True,0,0,0.2374540782697821
28,68000,11000,11.49,0.16,5,False,0,0,0.1494690318788397
22,52800,4800,17.49,0.09,3,True,0,0,0.34923167784063885
22,67500,7500,9.76,0.11,2,False,0,0,0.0949703998435645
40,70000,12000,5.79,0.17,14,False,0,0,0.08260002713843022
30,50000,10000,16.89,0.2,10,False,0,0,0.3661813642637285
36,130000,18000,11.71,0.14,14,False,0,0,0.07285102437877042
24,45996,10800,13.16,0.23,4,False,0,0,0.32051318954527136
22,103000,6000,0.0,0.06,4,False,0,0,0.01779051815373175
27,60000,5000,16.45,0.08,6,False,0,0,0.1770753722277072
24,71000,3500,11.49,0.05,2,False,0,0,0.0830560203799253
37,26400,1500,6.91,0.06,17,False,0,0,0.06845863624419539
22,77004,20000,13.98,0.26,4,False,0,0,0.26558368911186575
23,38400,15000,17.27,0.39,3,False,1,1,0.7581019407004042
22,44004,5000,8.9,0.11,3,False,0,0,0.10564427959944628
33,86000,4700,9.63,0.05,7,False,0,0,0.0605517708814184
29,32000,10800,13.57,0.34,5,False,1,1,0.614716549339207
22,56400,25000,14.96,0.44,3,True,1,1,0.7920513362790722
42,35004,1500,7.37,0.04,12,False,0,0,0.06013935021160721
28,60000,15000,11.99,0.25,5,False,0,0,0.27119902223153564
25,90000,15000,12.18,0.17,2,False,0,0,0.1337032291347435
30,35000,10000,12.21,0.29,6,False,0,0,0.4582716819680437
32,49000,6300,9.91,0.13,8,False,0,0,0.13177565657700205
23,24000,5000,14.27,0.21,2,True,1,1,0.567205585555501
28,125000,10000,7.51,0.08,8,False,0,0,0.040043151688102345
25,34800,5600,16.77,0.16,4,False,1,0,0.34392078520212777
24,115000,8000,7.51,0.07,4,False,0,0,0.0421386825668408
29,45000,13000,9.63,0.29,9,False,0,0,0.32744673056182444
24,42000,1000,11.49,0.02,4,False,0,0,0.078510137769128
30,48996,5000,15.23,0.1,5,True,0,0,0.31353915282683714
25,75000,3000,7.51,0.04,4,False,0,0,0.04804434190407121
28,209000,15000,14.84,0.07,7,True,0,0,0.09278981881218144
29,67222,10000,11.14,0.15,9,False,0,0,0.1383593805794748
36,40000,14000,10.99,0.35,16,False,0,1,0.5029176435862249
23,68000,12000,7.51,0.18,3,False,0,0,0.10830263338975755
40,108000,9000,11.86,0.08,12,False,1,0,0.07679503181171671
33,46800,2000,14.65,0.04,6,False,0,0,0.12814178620643976
49,15000,2400,9.91,0.16,13,False,1,0,0.23299886704704495
22,65000,5000,15.37,0.08,4,False,0,0,0.1546290896387157
22,80000,5000,7.14,0.06,2,False,0,0,0.048617345275694494
28,100000,18000,13.99,0.18,6,True,0,0,0.2488490296135316
22,60000,8000,8.07,0.13,4,False,0,0,0.09301083106262373
23,68000,12000,5.42,0.18,4,False,0,0,0.08522923041932418
47,50004,8000,0.0,0.16,15,False,0,0,0.05199724401727823
32,48000,14100,13.49,0.29,5,False,0,0,0.42803027905745084
36,87000,8000,14.65,0.09,14,True,0,0,0.21886991948778453
25,93000,12000,16.77,0.13,4,True,0,0,0.29443432380129797
27,100500,15000,14.65,0.15,6,False,0,0,0.14178991184925482
22,32995,2400,11.48,0.07,4,False,0,0,0.11672607551789947
22,85000,12000,6.91,0.14,3,False,0,0,0.06630340296859508
40,16800,5000,8.94,0.3,17,False,1,0,0.47201214401881847
43,97000,14000,11.71,0.14,13,False,0,0,0.10300174424269667
33,62000,3000,6.99,0.05,9,False,0,0,0.05230195804235782
36,49000,4200,16.02,0.09,13,True,0,0,0.32271855988941767
32,106300,20000,0.0,0.19,5,False,0,0,0.028249359446327883
25,27048,8000,15.05,0.3,2,True,1,1,0.7479903151526447
24,40000,3500,8.88,0.09,2,False,0,0,0.09752516867503938
21,41000,3000,5.79,0.07,4,False,0,0,0.057157203374627215
29,60000,8000,5.99,0.13,9,False,0,0,0.07378485780610552
38,60000,6000,14.96,0.1,11,False,0,0,0.1735214657558973
30,66000,10000,14.83,0.15,9,True,1,0,0.3308635755672537
22,41900,10500,8.49,0.25,2,False,0,0,0.2489704538349492
35,50000,4000,13.22,0.08,5,True,0,0,0.23834878065927292
22,66000,6000,9.99,0.09,4,False,0,0,0.08812645676883923
33,58000,5000,7.51,0.09,7,False,0,0,0.07364548806354657
25,35196,6000,14.54,0.17,3,False,1,0,0.30001943498168326
28,40000,5000,0.0,0.13,10,False,0,0,0.04570682153358136
21,52000,1500,11.99,0.03,2,False,0,0,0.08576613504468208
25,35000,4000,13.11,0.11,4,False,0,0,0.1808202453538043
28,240000,8400,0.0,0.04,8,False,0,0,0.008186767733485948
22,41600,12000,12.42,0.29,2,False,0,0,0.42565641594632064
30,58239,10500,6.62,0.18,5,False,0,0,0.11120625857003381
30,9600,1500,12.73,0.16,9,True,1,0,0.4592577707031439
24,68000,3600,7.74,0.05,4,False,0,0,0.0534404392588813
24,20856,10000,10.59,0.48,3,False,0,1,0.8288908081534934
21,35000,10000,7.66,0.29,3,False,0,0,0.3188691452477547
27,76800,5000,11.49,0.07,7,False,0,0,0.08977096285618542
27,60000,4800,13.35,0.08,9,True,0,0,0.21971293081633686
25,50004,12000,15.31,0.24,3,True,0,1,0.5482897346767249
31,13000,8000,12.84,0.62,10,False,1,1,0.9682972812110135
24,86400,12200,7.29,0.14,2,False,0,0,0.0688832238421304
24,70000,10000,7.29,0.14,3,False,0,0,0.08171672170670345
34,32000,2275,6.17,0.07,6,False,0,0,0.06639701314121851
22,17772,2150,0.0,0.12,4,False,0,0,0.05243828775988886
30,125000,25000,13.8,0.2,6,False,0,0,0.11059655731179881
26,120000,10000,12.73,0.08,3,False,0,0,0.07604344833279757
23,34000,9500,0.0,0.28,4,True,1,0,0.2446618624800893
26,96000,10000,15.28,0.1,2,True,1,0,0.22438251014958996
36,32000,5300,10.65,0.17,13,False,0,0,0.21830410919744106
25,100000,7500,6.54,0.07,4,False,0,0,0.04060234509501381
34,55000,7000,8.88,0.13,9,False,0,0,0.11174156717033928
25,65000,15000,11.12,0.23,4,False,0,0,0.2104226892100215
39,86000,8500,6.03,0.1,11,False,0,0,0.0514621800371355
26,19200,4000,7.51,0.21,4,False,1,0,0.2403371581560064
29,118400,35000,7.9,0.3,8,False,0,0,0.0818629716548729
31,58000,8875,0.0,0.15,5,False,0,0,0.042836984173925154
24,78000,8500,7.51,0.11,4,False,0,0,0.06715632272790908
33,70000,3700,5.99,0.05,6,False,0,0,0.04387432567031978
45,35000,4800,0.0,0.14,12,False,0,0,0.05430608000938079
23,122000,12000,7.29,0.1,3,False,0,0,0.042413553551599564
23,100000,11000,8.49,0.11,3,False,0,0,0.0610461031159412
31,96000,4000,10.99,0.04,8,False,0,0,0.06465511254771197
23,105600,25000,6.99,0.24,4,False,0,0,0.07656244670519077
27,96000,25000,16.89,0.26,10,True,1,0,0.409203802155903
26,120000,10000,5.42,0.08,2,False,0,0,0.0319756949240213
23,22800,4800,5.79,0.21,2,False,0,0,0.1929451339817848
21,9600,1200,10.99,0.13,4,False,0,0,0.20833432744756225
38,98000,16000,16.4,0.16,15,True,1,0,0.29534142225481896
23,21600,5500,9.25,0.25,4,False,0,0,0.34526701306963886
41,88000,4000,7.14,0.05,17,False,0,0,0.046443600268536334
25,33280,5500,0.0,0.17,4,False,0,0,0.06686901302759508
41,17000,1500,15.23,0.09,13,False,1,0,0.2299418219454533
22,55250,7400,14.84,0.11,2,False,1,0,0.17196055661864038
21,18000,3200,8.49,0.18,2,False,1,0,0.21617465041952327
28,99996,10000,5.42,0.1,8,False,0,0,0.04084957367273043
32,70000,13200,13.49,0.19,6,False,0,0,0.21139540304272075
39,52273,5000,0.0,0.1,12,False,0,0,0.03392216307836707
31,73000,15000,0.0,0.21,9,False,0,0,0.050272745095332805
26,53155,4000,6.76,0.08,3,False,0,0,0.06530889163966491
36,130000,20000,0.0,0.15,14,True,0,0,0.032987505737644494
25,43200,1200,9.91,0.03,4,False,0,0,0.07091159865237165
24,37000,8500,12.53,0.23,2,True,1,1,0.500208154104127
25,74678,4000,10.62,0.05,2,False,0,0,0.07244906724091306
27,45000,20000,12.84,0.44,10,False,0,1,0.6801831597022219
23,120000,25000,9.99,0.21,2,False,0,0,0.07896209861799161
33,36000,5000,8.49,0.14,9,False,0,0,0.13698532307224706
23,120000,13000,11.71,0.11,4,False,0,0,0.07445455684200447
24,145008,5000,9.63,0.03,4,False,0,0,0.04012182398362454
25,51541,6000,12.18,0.12,4,False,0,0,0.1540989311079058
22,57600,4000,0.0,0.07,2,True,0,0,0.04837428811060153
29,480000,6500,5.42,0.01,6,False,0,0,0.006216768633820441
26,50000,5400,8.9,0.11,2,False,0,0,0.10312328522249857
38,36500,12000,7.51,0.33,11,False,1,0,0.3848067305933418
37,60000,9700,13.61,0.16,11,True,0,0,0.3316193043588821
27,80000,20000,11.36,0.25,8,False,0,0,0.18977141045813706
23,74706,12000,11.58,0.16,3,False,0,0,0.13927494549399533
23,59000,17000,10.25,0.29,4,False,0,0,0.2815098347938863
26,81380,14400,10.37,0.18,4,False,0,0,0.1264230379820066
33,55000,3500,10.65,0.06,10,False,0,0,0.08717352099074913
23,36000,7000,7.9,0.19,4,False,0,0,0.17481666902231038
28,87504,12000,15.21,0.14,10,True,0,0,0.27692856545772904
24,69996,12000,0.0,0.17,2,False,0,0,0.041094450953625426
28,63000,20000,14.61,0.32,9,True,1,1,0.5917100607130544
30,81120,18000,10.75,0.22,10,False,0,0,0.15350501260577262
25,15600,3200,18.09,0.21,2,False,1,1,0.559395730537947
29,41000,5000,11.99,0.12,5,False,0,0,0.16512741214219503
24,90000,5000,9.99,0.06,3,False,0,0,0.06626166963480827
22,33600,12000,9.91,0.36,4,False,1,1,0.5275514294233093
40,75000,7500,12.23,0.1,16,True,0,0,0.1981583931012486
27,123000,13225,16.11,0.11,7,True,0,0,0.20861969676432637
36,72800,24000,14.09,0.33,16,False,1,0,0.3729302314444319
29,74797,15000,15.33,0.17,10,True,1,0,0.31402194917536946
26,150000,6000,10.74,0.04,2,False,0,0,0.047462625186988065
28,126000,2000,9.99,0.02,10,False,0,0,0.04785557672956946
32,50000,10000,6.03,0.2,9,False,0,0,0.1301585837532537
28,96000,11250,17.58,0.12,5,False,0,0,0.1847215400880295
25,108000,20000,0.0,0.19,4,False,0,0,0.02753151941318224
22,36000,12000,11.71,0.33,2,False,0,1,0.5081035773198992
27,44200,11500,15.27,0.26,10,True,0,1,0.6044602612424637
22,38004,3600,17.27,0.09,4,False,1,0,0.233887517823931
32,74346,7000,7.9,0.09,9,False,0,0,0.06485847769288554
31,57200,7500,13.11,0.13,5,True,0,0,0.2842648378541766
22,58000,4000,7.29,0.07,3,False,0,0,0.06151886079731565
25,42000,10000,14.91,0.24,2,False,1,0,0.4110548653978155
28,105000,19000,12.21,0.18,6,False,0,0,0.1130351466665682
33,33000,6000,6.03,0.18,5,False,0,0,0.14372551481211013
26,32000,12000,8.94,0.38,3,False,1,1,0.5528890303630202
24,44400,1325,10.0,0.03,4,False,1,0,0.07066684203005198
30,67202,10000,0.0,0.15,7,False,0,0,0.03859844567504593
29,12480,1000,8.9,0.08,9,False,0,0,0.1104706007082827
30,143500,20000,11.89,0.14,8,False,0,0,0.0636324950827007
23,75000,9500,0.0,0.13,3,True,0,0,0.05908627269618472
23,120000,4000,10.65,0.03,2,False,0,0,0.05207500261100458
21,4200,2750,16.95,0.65,3,False,1,1,0.9897890371773913
40,25920,4750,0.0,0.18,17,False,0,0,0.07906059494193962
26,198000,12000,5.99,0.06,4,False,0,0,0.019404240848102796
29,58500,22000,13.67,0.38,6,False,1,1,0.526952271626646
23,16000,5600,12.84,0.35,2,True,1,1,0.8161215011594667
33,41000,6500,7.51,0.16,7,False,0,0,0.13428306994246447
26,87800,12000,5.79,0.14,4,False,0,0,0.0582068846015141
49,64800,6625,18.25,0.1,16,False,0,0,0.2349689833302933
25,57700,10600,14.91,0.18,4,True,1,0,0.40056283050518743
38,160000,14000,6.62,0.09,13,False,0,0,0.02853079253583422
26,42500,3500,12.61,0.08,4,True,0,0,0.22951162017635582
29,61000,15000,9.88,0.25,9,False,1,0,0.22001193380082765
26,97000,6000,13.61,0.06,3,False,0,0,0.09372720065214442
23,26400,1200,14.35,0.05,4,True,1,0,0.24742886344339912
35,30000,8000,0.0,0.27,6,False,0,0,0.1489272966173545
23,29000,6000,7.88,0.21,2,False,1,0,0.22052072794090943
37,33280,8400,13.92,0.25,11,False,0,0,0.43926094043077835
22,110000,28000,7.49,0.25,4,False,0,0,0.07392300026110371
43,60000,9250,5.79,0.15,17,False,0,0,0.08260861257745716
21,14400,5900,12.42,0.41,3,False,1,1,0.7963669052989318
27,25200,2550,14.27,0.1,5,False,0,0,0.20720741923406608
26,50004,15000,13.72,0.3,4,True,0,1,0.6023773105173766
28,38000,10000,8.49,0.26,7,False,0,0,0.2777888577329902
24,27168,7500,9.99,0.28,2,False,0,0,0.4071664145821692
23,48000,2400,8.49,0.05,4,False,0,0,0.06628141959935253
26,56000,6000,5.42,0.11,4,False,0,0,0.06526852979032681
27,78200,35000,17.99,0.38,7,True,1,1,0.6069853199833228
34,74004,7200,6.62,0.1,7,False,0,0,0.06145488748060207
26,30000,8000,9.91,0.27,2,False,1,0,0.3730132114262913
43,54000,8725,7.29,0.16,14,False,0,0,0.11329700914037696
27,32000,1000,16.29,0.03,10,True,1,0,0.25312277165253083
25,32000,4800,7.14,0.15,3,False,0,0,0.1309948453962175
24,100000,12800,5.79,0.13,4,False,0,0,0.04833777143600271
24,90000,10000,0.0,0.11,2,False,0,0,0.0242026952338207
25,70000,12000,7.51,0.17,4,False,0,0,0.09870479512900965
26,45450,7500,11.14,0.17,3,False,0,0,0.19861482309291625
24,62050,5600,14.65,0.08,4,False,1,0,0.14073575414410744
27,28800,13000,6.92,0.45,10,False,0,1,0.6443555217364332
25,85000,12000,0.0,0.14,2,False,0,0,0.029387711305108696
23,56500,3000,14.84,0.05,3,True,1,0,0.22170264791041322
24,54100,4500,7.14,0.08,4,False,0,0,0.06554475831418746
29,138000,7500,13.24,0.05,8,True,0,0,0.12004978195137829
29,32000,9250,15.65,0.29,7,False,1,1,0.5775689594845624
24,98000,16000,14.79,0.16,2,True,1,0,0.25388103421480956
24,39000,13000,10.75,0.33,4,False,1,0,0.46049879806434224
23,140000,9000,7.14,0.06,3,False,0,0,0.03187521752901037
29,60000,5500,10.74,0.09,6,False,0,0,0.10202844113643512
23,78000,20000,0.0,0.26,4,False,0,0,0.05902391966725873
32,26400,8000,7.51,0.3,10,False,0,0,0.3749076179947967
29,28000,8400,11.48,0.3,6,False,0,0,0.48977787648769566
45,126000,6000,10.65,0.05,12,False,0,0,0.05742189802262699
23,75000,20400,7.74,0.27,4,False,0,0,0.1527774775189709
25,33000,5000,8.49,0.15,3,False,0,0,0.14950477215623045
26,77100,35000,12.42,0.45,3,False,1,0,0.45006085466826024
23,66000,3000,5.99,0.05,2,False,0,0,0.04532909929540567
37,42500,3600,7.88,0.08,12,False,0,0,0.07925776239891767
24,51000,20000,10.38,0.39,3,False,1,0,0.4838545559257774
33,48000,13800,8.9,0.29,6,False,0,0,0.30016086199904635
26,30000,7500,11.14,0.25,3,False,0,0,0.3683814971485479
37,40680,8000,15.21,0.2,13,False,1,0,0.3561829799889249
24,200000,3025,6.17,0.02,3,False,0,0,0.02266475650950407
32,24000,2500,7.74,0.1,9,False,0,0,0.10444238725207426
26,132500,12000,12.69,0.09,3,False,0,0,0.07144600178427385
30,142000,10000,11.12,0.07,8,False,0,0,0.05347465359013979
23,80000,16000,13.85,0.2,3,False,0,0,0.19845369552871853
27,27720,7000,10.95,0.25,6,False,0,0,0.3702527116238423
47,47000,7500,6.62,0.16,12,False,0,0,0.11675249280533716
25,37000,4200,0.0,0.11,2,True,1,0,0.07506893029782744
27,40800,8000,12.69,0.2,6,False,0,0,0.2849048188718066
23,31000,7200,14.54,0.23,3,False,1,0,0.4231873959744346
22,28800,14000,7.9,0.49,2,False,1,1,0.7440473989342391
31,75000,15000,12.69,0.2,5,False,0,0,0.19112321720535852
22,70000,7550,7.51,0.11,2,False,0,0,0.07258974101009019
25,83000,10000,13.22,0.12,3,False,1,0,0.1282758576941347
25,47052,21250,10.99,0.45,2,False,1,1,0.636229283647016
26,88000,10000,12.69,0.11,4,False,0,0,0.10915312300478222
23,74880,3500,11.11,0.05,4,False,0,0,0.07787116743465036
30,70000,10200,12.42,0.15,6,False,0,0,0.1575224535006714
23,91000,16000,14.22,0.18,3,True,0,0,0.2825288640948722
38,85900,10000,12.53,0.12,13,False,0,0,0.11926891998832569
23,54000,5000,9.99,0.09,3,False,0,0,0.09709995742411269
59,55000,1000,10.59,0.02,29,False,0,0,0.07062360042366944
39,60000,8000,9.88,0.13,14,False,0,0,0.1167109796934606
31,70000,14000,7.88,0.2,10,False,0,0,0.12088073288978335
47,156000,18000,11.99,0.12,17,False,0,0,0.05917769412080853
51,80000,18000,18.78,0.23,20,True,0,1,0.524624949538357
23,85000,3000,6.03,0.04,3,False,0,0,0.03886226241325757
30,70000,10000,0.0,0.14,7,False,0,0,0.03472426863381655
29,20000,5000,5.79,0.25,7,False,0,0,0.26373452399656716
27,78000,15275,16.89,0.2,6,False,0,0,0.2768884087991293
22,19680,7750,14.83,0.39,3,True,1,1,0.8799873831437336
34,138000,2400,19.91,0.02,7,True,1,0,0.24496197810215967
23,56880,5600,0.0,0.1,2,False,0,0,0.031552539270932996
35,17640,4000,16.29,0.23,7,False,1,1,0.5442406951812216
42,65000,6000,9.32,0.09,16,False,0,0,0.08417909998755861
28,36000,4000,6.91,0.11,8,False,0,0,0.09166048334763306
43,70000,11000,7.29,0.16,16,False,0,0,0.0949088625692542
25,300000,18000,16.45,0.06,3,False,0,0,0.0352021856914808
28,48000,10000,13.48,0.21,9,True,0,0,0.4457987264625914
31,60000,10000,9.63,0.17,8,False,0,0,0.14390316035400272
34,79000,4800,9.32,0.06,6,False,0,0,0.06558039750655446
29,115000,6500,10.65,0.06,10,False,0,0,0.06059060178651095
32,95000,8500,5.79,0.09,6,False,0,0,0.04384521291942346
21,30000,2500,7.14,0.08,4,False,1,0,0.07821522361270693
24,55782,17000,7.51,0.3,3,False,0,0,0.2382023488632565
24,46000,2000,7.66,0.04,2,False,0,0,0.056831815473660834
36,120000,30000,6.62,0.25,11,False,0,0,0.05919153438072258
23,82000,9000,0.0,0.11,2,True,0,0,0.049349615457976795
40,27599,3000,10.25,0.11,17,False,0,0,0.145062215321666
27,90000,7500,0.0,0.08,6,False,0,0,0.020869174054338198
29,61000,9000,7.88,0.15,7,False,0,0,0.10435709125005638
38,29000,10000,0.0,0.34,16,False,1,0,0.23523993190660467
25,47000,4000,6.62,0.09,4,False,0,0,0.07145345163246279
22,50000,13000,10.65,0.26,3,False,0,0,0.2859358668933418
22,48000,11000,10.75,0.23,4,False,0,0,0.2536762537712971
32,122004,10000,8.59,0.08,10,False,0,0,0.046333832646369526
22,68670,20000,6.91,0.29,3,False,0,0,0.17210240924554582
24,172000,15000,10.37,0.09,4,False,0,0,0.04001976645099996
26,77000,12000,11.71,0.16,2,False,0,0,0.14198020295053035
22,62004,3600,7.37,0.06,2,False,0,0,0.057273637548670805
26,45000,3575,0.0,0.08,2,False,0,0,0.030692666075585746
26,50000,8000,6.62,0.16,4,False,0,0,0.10805858668669048
24,55000,9600,0.0,0.17,3,False,0,0,0.049382055465313546
22,31500,2900,0.0,0.09,3,True,1,0,0.06730535366850073
28,42000,7300,0.0,0.17,9,False,0,0,0.05841709787429536
22,45000,9000,14.26,0.2,3,True,0,0,0.4622839595516444
25,39000,8000,11.34,0.21,2,True,1,0,0.42014961928797484
29,40800,2000,7.74,0.05,8,False,0,0,0.06395508972819225
31,60000,15000,11.12,0.25,5,False,0,0,0.25214035719181455
24,120390,3000,5.79,0.02,4,False,0,0,0.02780313084053522
23,19000,6000,10.59,0.32,2,False,1,1,0.5540788219931019
29,34999,6250,15.95,0.18,9,True,1,1,0.5162333556834735
26,85000,12000,6.62,0.14,3,False,0,0,0.06492139568642509
28,240000,6000,11.46,0.03,6,False,0,0,0.03528905893714385
22,63000,12500,10.25,0.2,3,False,0,0,0.17062622300570904
25,40000,11000,8.49,0.28,2,False,0,0,0.30659549817663495
23,138000,2700,11.86,0.02,2,False,0,0,0.05574281050268743
21,65000,2200,12.42,0.03,3,False,0,0,0.08310572507235267
28,39516,5000,12.87,0.13,10,False,0,0,0.19400090569493178
36,37500,10000,9.32,0.27,12,False,0,0,0.3235449253097649
41,26400,10300,16.29,0.39,14,True,1,1,0.8836798227277645
22,42000,6500,5.99,0.15,2,False,0,0,0.10156210209675307
24,40000,11800,6.92,0.29,4,False,0,0,0.27469163970634536
30,60000,3600,8.59,0.06,9,False,0,0,0.0668358981832454
27,67000,6000,9.99,0.09,8,False,0,0,0.0882219130254221
29,38000,8000,8.59,0.21,6,False,0,0,0.21125284092614807
25,52000,6000,12.87,0.12,4,True,0,0,0.2762785222950671
28,51043,2100,12.29,0.04,5,False,1,0,0.09558943571749329
31,82000,9000,5.42,0.11,9,False,0,0,0.05075754022695792
27,45000,3000,6.62,0.07,10,False,0,0,0.06235079026140824
24,40000,6900,6.91,0.17,3,False,0,0,0.13266854936647834
23,132000,9000,11.34,0.07,3,True,0,0,0.10855116425970596
26,70000,4000,8.49,0.06,2,False,0,0,0.06313603238911956
23,60000,7200,0.0,0.12,4,False,0,0,0.03432054971331313
21,10140,1000,13.43,0.1,4,False,1,0,0.21068375989790913
35,80000,2000,12.99,0.03,9,True,0,0,0.15682086077223692
28,30000,5000,9.88,0.17,8,False,0,0,0.204434386685279
29,30000,10200,17.99,0.34,5,False,1,1,0.7435168851292869
44,63000,5500,7.51,0.09,13,False,0,0,0.07175028661665793
21,45000,10000,10.25,0.22,2,False,0,0,0.2371139652230647
22,54400,7000,0.0,0.11,2,True,1,0,0.06011205979448296
36,16107,3500,10.36,0.22,14,False,1,0,0.3430255504537525
32,75250,4000,12.99,0.05,7,False,0,0,0.09566326035667999
43,33500,6225,14.79,0.19,17,False,0,0,0.35309326916626405
35,26400,6000,16.29,0.23,8,True,1,1,0.6633385014972808
25,48000,4000,7.14,0.08,3,False,0,0,0.06912877863246573
30,108000,7000,14.42,0.06,8,True,1,0,0.16634222641013152
26,27000,11000,8.9,0.41,3,False,1,1,0.6426448709762197
26,35000,8000,15.31,0.23,2,True,1,1,0.597059881881704
34,46000,10000,6.62,0.22,6,False,0,0,0.16872267882972927
23,42000,6500,10.37,0.15,3,False,0,0,0.16371841190198191
23,28000,1250,10.99,0.04,4,False,0,0,0.0913509440035306
33,75000,6000,7.51,0.08,8,False,0,0,0.05995364265766609
28,40000,8000,10.95,0.2,6,False,0,0,0.24374177185586415
34,60000,10000,13.57,0.17,6,False,0,0,0.21879428576644516
23,38000,4400,11.71,0.12,2,False,0,0,0.16516598804659258
22,54996,2500,14.35,0.05,4,True,0,0,0.2161316076083404
28,170000,20000,0.0,0.12,10,True,0,0,0.021351603834239133
21,39900,12000,7.9,0.3,3,False,0,0,0.31723832551993497
23,130000,15000,12.87,0.12,4,True,0,0,0.14502434416701424
33,92500,17500,15.28,0.19,6,False,0,0,0.19387996843674427
25,23920,4000,14.35,0.17,2,False,0,0,0.329867131934068
23,18000,3200,0.0,0.18,4,False,1,0,0.0869377171378231
23,73500,6000,14.96,0.08,4,True,0,0,0.23493145893810313
65,76000,35000,10.99,0.46,28,False,1,0,0.4450033372442195
29,127000,24250,11.36,0.19,8,False,0,0,0.07859246758591125
27,112500,10400,15.62,0.09,6,True,0,0,0.20006535558106606
32,180000,15600,0.0,0.09,10,True,0,0,0.020299160465960763
25,80000,23000,0.0,0.29,2,False,0,0,0.06638322127418773
26,68004,3500,15.28,0.05,3,True,1,0,0.22127012371182364
22,55000,15000,14.61,0.27,4,True,0,1,0.5485428282921048
35,80000,7000,7.29,0.09,8,False,0,0,0.06009951084088723
28,40000,3600,6.99,0.09,10,False,0,0,0.0772839869810428
22,30000,2000,5.42,0.07,2,False,0,0,0.060502761912662906
24,70000,25000,11.86,0.36,4,False,1,0,0.3653785769082997
42,25000,10000,6.99,0.4,17,False,1,1,0.5805038180564676
23,32000,6500,7.88,0.2,4,False,0,0,0.19622124372914349
26,30000,9000,15.65,0.3,4,True,1,1,0.7482655235889739
23,115000,10000,14.27,0.09,2,False,0,0,0.10024080416817076
34,50000,1500,13.92,0.03,5,False,0,0,0.11077626693916029
22,42000,8400,14.35,0.2,4,False,0,0,0.3205074499800382
44,95000,10000,10.95,0.11,11,False,0,0,0.09107601454453491
32,140304,20000,6.91,0.14,10,False,0,0,0.03549878984603926
25,48000,4000,7.29,0.08,4,False,0,0,0.070139131773491
31,64000,25000,10.62,0.39,5,False,1,0,0.40976193416678885
26,120000,13000,10.99,0.11,2,False,0,0,0.06954684083886531
30,74000,10500,10.74,0.14,8,False,0,0,0.116521829383674
28,65004,10000,7.88,0.15,6,False,0,0,0.09760087776045302
24,180000,11200,5.79,0.06,4,False,0,0,0.020894520585839765
32,48000,3600,6.92,0.07,6,False,0,0,0.06360161328196766
24,110000,16000,12.73,0.15,4,False,0,0,0.10553862331899308
24,45600,7200,6.91,0.16,2,False,0,0,0.11798774767287544
23,70000,13000,5.42,0.19,3,False,0,0,0.08809553268601002
22,59000,6500,10.95,0.11,3,False,0,0,0.1171554743425597
24,36000,5000,13.49,0.14,4,True,0,0,0.36028149155648903
23,78000,15250,0.0,0.2,2,False,1,0,0.044102098908858016
25,51996,8000,10.37,0.15,2,False,0,0,0.1486802280957882
23,24000,1375,11.11,0.06,3,False,1,0,0.11182272934689395
26,53826,8500,14.79,0.16,3,False,1,0,0.24477937556342397
36,145000,5000,9.62,0.03,12,False,0,0,0.040686026822709796
22,48000,18000,0.0,0.38,2,False,1,0,0.20787949165479852
24,37000,10500,0.0,0.28,4,False,0,0,0.13591963174848548
25,95004,2800,9.91,0.03,3,False,0,0,0.05541330152826364
22,36000,12000,11.49,0.33,2,False,1,1,0.5012114233080198
24,86854,4500,0.0,0.05,4,False,0,0,0.018694459852846592
24,42300,15000,11.99,0.35,4,False,1,1,0.5163366197591384
22,80000,10000,7.14,0.13,4,False,0,0,0.07034730899138603
24,29232,11000,11.71,0.38,4,False,1,1,0.6501222738328619
28,74600,9500,10.78,0.13,9,False,0,0,0.11181375816597659
27,200000,7000,6.03,0.04,10,False,0,0,0.021135748942404553
24,65000,11400,11.89,0.18,3,False,0,0,0.18103348526180021
22,44000,7500,8.32,0.17,3,False,0,0,0.14710678525874346
25,60000,4500,10.99,0.07,2,False,1,0,0.09239327407024066
22,31500,6800,14.11,0.22,2,False,1,0,0.3913385189047797
21,56532,16000,7.88,0.28,3,False,0,0,0.2193955140443779
24,80000,12000,7.49,0.15,3,False,0,0,0.07955817411491445
29,56000,6000,10.99,0.11,9,False,0,0,0.12245823060743881
44,189996,8000,13.16,0.04,15,False,0,0,0.050793153604226884
42,52400,21000,10.38,0.4,15,False,0,0,0.49850723764194027
23,59000,3600,7.51,0.06,2,False,0,0,0.05895756254394993
21,16800,6000,10.39,0.36,4,False,1,1,0.6430734352722844
34,45204,5000,9.63,0.11,9,False,0,0,0.11647364721405157
23,165996,10000,0.0,0.06,4,False,0,0,0.011461027727651984
42,101000,25000,16.15,0.25,14,True,1,0,0.36865018871718275
31,118320,24250,12.53,0.2,5,False,0,0,0.10251723910336627
22,27996,3250,15.21,0.12,2,False,1,0,0.25308879732649125
24,57000,9000,8.0,0.16,4,False,0,0,0.11623031814239008
23,90000,7000,10.65,0.08,2,False,0,0,0.07698153931393759
22,60000,12900,11.14,0.21,4,False,0,0,0.19990645758347098
42,65000,22750,8.9,0.35,17,False,0,0,0.2995643957512916
26,24000,1500,14.54,0.06,4,True,1,0,0.2712948666403019
22,60000,2000,6.54,0.03,3,False,0,0,0.04286694918676195
32,45000,3000,12.61,0.07,7,False,0,0,0.12641405064914563
24,60000,9000,0.0,0.15,4,False,0,0,0.04142066135272757
27,45000,4000,0.0,0.09,7,False,0,0,0.03259594977417438
28,53000,7000,9.88,0.13,9,False,0,0,0.12325653834015202
34,33500,8400,10.99,0.25,9,False,1,0,0.3506862934357189
25,80000,10000,7.49,0.13,4,False,0,0,0.07397650844165819
24,142000,7500,7.88,0.05,2,False,0,0,0.03457055151602543
23,74000,2100,0.0,0.03,4,False,1,0,0.018399404893662603
36,180000,20000,11.48,0.11,15,False,1,0,0.04059079912295432
32,60000,6000,10.36,0.1,7,False,0,0,0.10477534402333713
34,47700,9000,7.14,0.19,10,False,0,0,0.14322159373277457
28,60000,3000,17.49,0.05,8,False,0,0,0.16957584346476146
40,85000,18000,11.48,0.21,13,False,0,0,0.1539040033650077
25,55000,17000,6.91,0.31,4,False,0,0,0.24337402233713548
24,83000,27000,13.49,0.33,2,True,1,0,0.4617497606271263
22,56368,6000,12.99,0.11,2,False,0,0,0.15166095567439628
25,72000,3200,6.39,0.04,3,False,0,0,0.04204606389578469
33,88296,15000,15.88,0.17,8,False,1,0,0.19925178271438304
29,30156,7000,6.99,0.23,10,False,0,0,0.22397627293467612
25,39000,7500,15.62,0.19,2,True,1,1,0.5108556423898983
27,85000,3800,6.03,0.04,6,False,0,0,0.03722480981153074
31,58000,3625,6.17,0.06,5,False,0,0,0.05125195670140205
21,36000,18500,10.91,0.51,3,False,1,1,0.792549055470089
26,100000,7500,8.32,0.07,3,False,0,0,0.050558228939524705
25,48000,1000,13.49,0.02,3,True,0,0,0.17219570141531912
31,24000,4400,15.62,0.18,8,True,1,1,0.545536727580961
36,83000,13000,11.97,0.16,14,False,0,0,0.13575793939461464
24,85000,10000,10.37,0.12,4,False,0,0,0.09223690497040042
25,61000,15000,14.65,0.25,3,True,0,0,0.49811206107045725
22,54996,5000,12.54,0.09,3,True,0,0,0.22060347048557577
21,28200,2500,16.77,0.09,2,True,1,0,0.3793787749206501
23,50004,6000,0.0,0.12,3,False,0,0,0.038126915034291955
26,51000,13000,15.33,0.25,3,True,1,1,0.5587270637068292
27,71500,15000,0.0,0.21,8,False,0,0,0.05000034844195591
26,47000,8000,10.0,0.17,4,False,0,0,0.17126654349773596
26,60000,5000,7.9,0.08,2,False,1,0,0.06923798037165317
24,54870,1000,8.59,0.02,2,False,0,0,0.05408195626831305
27,48996,12000,12.53,0.24,8,False,0,0,0.3067611272149481
23,54996,16700,10.37,0.3,3,False,0,0,0.3128836417611769
22,75500,12000,0.0,0.16,4,False,0,0,0.03620012030826653
27,33600,3000,16.89,0.09,8,False,1,0,0.23529625150958422
29,36000,3075,5.42,0.09,5,False,0,0,0.06836997116269992
22,75000,12000,0.0,0.16,2,False,0,0,0.03648140321548131
26,97000,21000,7.9,0.22,3,False,0,0,0.0918622442427779
29,80000,1500,12.42,0.02,9,False,0,0,0.07591797319102889
36,34000,4000,14.59,0.12,11,False,1,0,0.2304379566818501
26,48000,15000,5.99,0.31,2,False,1,0,0.2507548539591512
32,80000,6400,7.88,0.08,8,False,0,0,0.06007705860080394
25,75000,15000,9.99,0.2,4,False,0,0,0.14202110726484635
24,86000,15000,13.16,0.17,3,False,0,0,0.1493851944369502
22,72000,15000,10.25,0.21,4,False,0,0,0.1589691089170459
37,88000,25000,19.66,0.28,12,True,1,1,0.5585788739610915
26,17500,5500,0.0,0.31,2,False,1,0,0.23777782685962665
21,23000,6000,10.95,0.26,2,False,0,0,0.41052417798655516
23,36000,5000,14.79,0.14,2,False,0,0,0.2567186546123583
23,16000,6000,7.9,0.38,2,False,1,1,0.621040970848193
36,79200,10000,6.03,0.13,14,False,0,0,0.0628789385623758
23,62000,7200,7.9,0.12,3,False,1,0,0.08704006347480174
40,30996,1500,13.72,0.05,14,True,1,0,0.23183074225679368
29,47256,12000,7.29,0.25,8,False,0,0,0.20444314498554342
22,98000,24000,0.0,0.24,2,True,1,0,0.06771461950261823
24,28000,5600,14.12,0.2,2,True,1,1,0.5261510484339101
33,100000,24000,10.25,0.24,6,False,0,0,0.12196519503997257
23,121000,3600,5.79,0.03,4,False,0,0,0.0294303841284915
28,62000,9200,10.0,0.15,9,False,0,0,0.12905065354305742
28,140000,17600,12.42,0.13,6,False,0,0,0.07139596101405396
24,43000,10000,9.63,0.23,3,False,0,0,0.24380663574976938
31,46500,6250,5.79,0.13,10,False,0,0,0.08314569629419143
32,84456,10000,9.88,0.12,7,False,0,0,0.08880857802918139
26,90000,15000,0.0,0.17,3,True,0,0,0.060654819438545275
22,38000,3000,10.28,0.08,3,False,0,0,0.10685454010899506
28,92000,6000,0.0,0.07,7,False,0,0,0.02056113683188533
29,60000,13500,7.51,0.23,5,False,0,0,0.16027606630197505
23,40000,12000,9.88,0.3,2,False,0,0,0.3755285299088072
24,87996,10000,14.84,0.11,2,True,1,0,0.23583973221204774
35,54000,6000,6.62,0.11,5,False,0,0,0.07748597208259708
22,65000,15000,11.36,0.23,3,False,0,0,0.21425770292081503
37,52700,7700,0.0,0.15,13,False,0,0,0.046425300628497604
22,35000,6000,0.0,0.17,2,False,0,0,0.06440824167618292
36,56900,6200,0.0,0.11,13,False,1,0,0.033878921084875516
23,36000,3000,12.29,0.08,2,False,1,0,0.13491059021765514
24,55000,15000,0.0,0.27,2,False,0,0,0.0929840256881552
22,100000,15000,8.94,0.15,3,False,0,0,0.07432174505781883
44,80100,8000,10.38,0.1,16,False,0,0,0.08965142984417036
47,18000,1000,14.84,0.06,16,True,1,0,0.29601577377704885
22,62496,10000,11.89,0.16,3,False,1,0,0.16467332214792135
33,44004,9275,7.29,0.21,7,False,0,0,0.17260986365957018
27,105000,28000,0.0,0.27,7,False,0,0,0.037639974174237326
31,66000,4200,7.49,0.06,7,False,0,0,0.05622312249702538
27,71700,9000,13.8,0.13,5,False,0,0,0.16185584932656322
22,71000,10000,7.29,0.14,2,False,0,0,0.08119673204583877
24,25200,6000,7.49,0.24,2,False,0,0,0.2701982710257749
24,70000,12500,7.88,0.18,3,False,0,0,0.10953785994933075
26,24000,5400,11.49,0.23,3,False,0,0,0.3661646881671748
24,72250,17600,17.19,0.21,4,True,1,0,0.426948700998623
26,45000,4800,13.06,0.11,4,True,0,0,0.28084959273940263
31,45000,4000,13.43,0.09,6,False,0,0,0.1557347257143729
23,30996,5000,11.86,0.16,4,False,0,0,0.22810595236574913
31,38000,14400,8.94,0.38,7,False,1,1,0.5126096233343589
40,81000,20000,6.17,0.25,14,False,0,0,0.1111005918226323
29,37500,3300,10.37,0.09,5,False,0,0,0.11812698228076753
35,56000,10000,12.42,0.18,5,False,0,0,0.21475923351093293
28,141996,13000,0.0,0.09,7,False,0,0,0.014021675851617548
23,149385,7000,8.94,0.05,4,False,0,0,0.03916530558908734
27,64800,6500,0.0,0.1,6,False,0,0,0.02920235681751426
22,37000,5000,10.65,0.14,4,False,0,0,0.168675032057857
22,76875,13750,0.0,0.18,4,False,0,0,0.03946923815949931
22,50000,9800,16.32,0.2,3,True,0,1,0.5104520405555606
24,65000,4200,15.27,0.06,2,False,0,0,0.1358235955447629
34,55000,12800,5.42,0.23,9,False,0,0,0.13533615515484756
33,115000,7500,11.03,0.07,8,True,0,0,0.12143242560100657
25,85000,18000,11.71,0.21,4,False,0,0,0.15467351070851512
24,80000,5550,8.49,0.07,3,False,0,0,0.06099649552775332
23,36000,3000,13.22,0.08,4,False,0,0,0.14829021532849174
28,44000,16000,13.48,0.36,6,False,1,1,0.5728496135709676
28,70356,6000,11.11,0.09,5,False,0,0,0.10037791358051992
27,34400,7500,0.0,0.22,9,True,0,0,0.16622546207438776
24,50000,9600,7.51,0.19,3,False,0,0,0.14201122046093864
22,54252,3500,6.39,0.06,4,False,0,0,0.052211372878170806
27,46028,18000,10.74,0.39,9,False,0,1,0.5275151243714784
25,50000,17000,6.03,0.34,2,False,0,0,0.2849980614065046
36,125000,14500,0.0,0.12,16,False,0,0,0.018187562669696056
36,45000,8000,14.74,0.18,13,True,0,0,0.44647251725622106
40,69996,3000,10.75,0.04,15,False,0,0,0.07259147696202319
27,107450,24000,20.86,0.22,10,True,1,0,0.43817831013843267
32,75000,5000,11.49,0.07,8,False,0,0,0.09141055922063229
23,95000,4000,11.49,0.04,3,False,0,0,0.06801928179553607
29,33000,8000,5.79,0.24,8,False,1,0,0.20483271807251352
38,55000,14000,13.22,0.25,13,False,0,0,0.3212397380401367
26,90000,25000,11.09,0.28,4,False,0,0,0.18059828212640563
25,82000,9200,6.03,0.11,3,False,0,0,0.05386647714643653
24,234000,20000,8.88,0.09,4,False,0,0,0.0203962098483463
24,85000,10000,16.0,0.12,3,True,0,0,0.28434445021795507
24,42000,1000,13.16,0.02,2,False,0,0,0.09560287289942343
21,9600,1750,8.94,0.18,2,False,1,0,0.24681408148246803
23,40000,2000,10.99,0.05,4,False,0,0,0.09266970791442045
28,21084,7750,7.51,0.37,9,False,0,1,0.5536999959763177
25,35000,15000,7.49,0.43,3,False,1,1,0.5835501188561483
23,57000,12000,8.94,0.21,2,False,0,0,0.1696766884840804
21,33168,6425,9.63,0.19,3,False,0,0,0.2151147559850114
30,78000,10800,10.36,0.14,9,False,0,0,0.10832395937587187
26,60000,12000,10.65,0.2,3,False,0,0,0.1858932497068751
28,58800,5500,6.76,0.09,9,False,0,0,0.06399379672567086
21,111000,28000,7.49,0.25,2,False,0,0,0.07390270667909525
32,72000,12000,10.62,0.17,5,False,0,0,0.14094118780664114
22,60000,8700,15.58,0.14,4,True,0,0,0.34897992921296656
23,85000,11000,14.27,0.13,4,False,0,0,0.14656631302594944
26,14400,1500,9.25,0.1,4,False,0,0,0.1333268578340647
27,65000,18000,7.51,0.28,5,False,0,0,0.1898226777057238
23,56525,15000,11.48,0.23,4,False,1,0,0.22155958369007248
24,52000,20000,15.65,0.38,2,True,1,1,0.7595003158218555
32,38000,12000,12.42,0.32,6,False,1,1,0.5089712967542831
23,140000,12000,11.12,0.09,3,False,0,0,0.05753048254820429
24,29000,4000,9.45,0.14,3,False,0,0,0.16136085664436453
26,100800,8000,11.99,0.08,3,False,0,0,0.08276926352723057
24,25920,3250,15.99,0.13,4,True,0,0,0.44480531884645785
24,110000,10000,15.62,0.09,4,True,0,0,0.20469101810417878
23,77000,16000,11.14,0.21,3,False,0,0,0.16449374710502365
24,100000,30000,18.62,0.3,2,True,0,0,0.48717986838195726
23,65000,8500,12.21,0.13,2,False,0,0,0.14239193835730182
26,30000,5000,10.38,0.17,4,False,0,0,0.21581346600659282
27,51267,4000,7.68,0.08,10,False,0,0,0.0718495354464563
23,54000,6000,6.03,0.11,4,False,0,0,0.0698401295481828
25,70000,14000,10.25,0.2,4,False,0,0,0.1559626380637411
22,12000,3500,15.65,0.29,2,True,1,1,0.7983980351922093
27,40000,6000,0.0,0.15,9,False,0,0,0.0522149708532478
30,96000,12000,13.23,0.13,10,False,0,0,0.12087759388353635
22,20000,5000,11.86,0.25,2,False,0,0,0.4319097746939674
27,125000,13200,11.14,0.11,8,False,0,0,0.06791692131494
22,102240,5000,19.03,0.05,3,False,0,0,0.15975510637942167
25,95000,15000,11.49,0.16,3,False,0,0,0.11152694752477502
32,104000,17000,14.82,0.16,7,True,0,0,0.24170335691788794
31,72500,8875,11.99,0.12,7,False,0,0,0.12351290869446475
21,12000,3250,9.99,0.27,2,False,1,0,0.4557655948288569
24,27456,9250,12.87,0.34,3,False,1,1,0.6173258858803816
26,117000,7200,10.74,0.06,4,False,0,0,0.0589506824605442
33,68000,5000,12.18,0.07,10,False,0,0,0.10062958171451243
29,87500,11200,0.0,0.13,8,False,0,0,0.02758124796805198
36,30000,5000,11.14,0.17,17,False,0,0,0.23109798830710912
24,76597,22000,9.25,0.29,2,False,0,0,0.1953565831236264
38,83000,22250,23.22,0.27,12,True,1,1,0.683263117601293
37,72000,1600,13.92,0.02,12,False,0,0,0.0933612794499562
31,73000,18000,17.39,0.25,10,True,1,1,0.5278606205927303
41,28000,2000,7.74,0.07,16,False,0,0,0.08130963807463833
26,120000,6000,9.88,0.05,4,False,0,0,0.05141158203700149
35,50000,13650,6.99,0.27,10,False,0,0,0.21576283020631168
31,21000,11000,8.59,0.52,6,False,1,1,0.8432768400585374
31,109440,5600,0.0,0.05,10,False,1,0,0.016359168405928194
26,62900,24250,0.0,0.33,2,True,1,0,0.1675038914392385
21,104000,15000,9.63,0.14,4,False,0,0,0.07202401396471489
24,30000,6000,14.11,0.2,4,True,1,1,0.5165102101880155
22,50000,7500,8.94,0.15,3,False,0,0,0.13003178723267717
27,47000,25000,15.7,0.53,10,True,1,1,0.9138623297721694
24,82000,7500,8.32,0.09,3,False,0,0,0.06418072507337773
22,83200,9975,0.0,0.12,3,False,0,0,0.02705238735873029
27,86000,20000,13.43,0.23,5,False,1,0,0.19728213527554972
26,40500,8500,7.88,0.21,2,False,0,0,0.1911385480849426
29,42000,5000,15.99,0.12,6,True,0,0,0.3844059057651544
21,50000,8075,6.17,0.16,2,False,0,0,0.10132786278899304
21,66000,7000,7.88,0.11,2,False,0,0,0.07885579188129012
28,53000,8500,5.79,0.16,9,False,0,0,0.09413106781468152
22,140000,10000,10.99,0.07,3,False,0,0,0.05240301560441276
24,42000,8675,7.51,0.21,4,False,0,0,0.17977239838872186
22,33250,2800,15.62,0.08,3,True,1,0,0.3161473260993796
23,24000,1500,11.49,0.06,2,False,0,0,0.11618362731656849
22,34800,7350,14.22,0.21,2,False,0,0,0.36054972641531424
26,41400,7300,9.45,0.18,2,False,0,0,0.18581017064870586
53,46000,4925,11.71,0.11,28,False,0,0,0.14693036339619564
29,66000,3000,7.66,0.05,7,False,0,0,0.05554374808611851
25,133119,25000,0.0,0.19,3,False,0,0,0.01891162686309384
26,59000,12000,0.0,0.2,4,False,1,0,0.05670170227558204
28,35000,3200,15.21,0.09,6,False,0,0,0.19843235076057367
28,52000,6000,0.0,0.12,5,False,0,0,0.03828691537699725
24,50000,13700,6.03,0.27,3,False,0,0,0.19318680380133874
23,50000,9200,15.68,0.18,2,False,0,0,0.2991700872817314
30,42000,10000,0.0,0.24,7,False,0,0,0.0973552940133954
38,18000,3000,13.23,0.17,14,True,1,0,0.473157894047934
22,63000,10800,5.99,0.17,2,False,0,0,0.0903015357391989
23,80000,12000,6.62,0.15,4,False,0,0,0.07148817200348222
44,94128,4400,7.29,0.05,11,False,0,0,0.04661959777948332
30,75000,11200,13.16,0.15,5,True,0,0,0.2682645094569699
35,52000,3000,11.48,0.06,7,False,0,0,0.10085409529712033
22,95000,6400,7.9,0.07,4,False,0,0,0.05123043779204467
25,102996,20000,14.54,0.19,3,True,1,0,0.25578775769321965
22,25899,6250,12.69,0.24,2,False,0,0,0.40941202607794086
25,123144,12000,10.75,0.1,2,False,0,0,0.0643477857595016
22,50000,11000,13.49,0.22,4,True,0,0,0.45311781850565264
39,55059,24000,12.53,0.44,11,False,1,1,0.616929793164104
22,51996,6000,7.88,0.12,4,False,0,0,0.09504501047332775
25,70000,14000,5.42,0.2,2,False,0,0,0.09216410948359695
23,60000,12000,5.99,0.2,3,False,0,0,0.11191944192958071
23,80000,4000,5.99,0.05,4,False,0,0,0.04067828181808568
26,44000,3075,10.99,0.07,3,False,0,0,0.1047716216868735
29,99000,4500,5.42,0.05,9,False,0,0,0.03490282598567332
40,62000,4800,0.0,0.08,16,False,0,0,0.027137499817205875
33,48000,6000,0.0,0.13,10,False,0,0,0.04275113833325835
33,60000,17000,16.07,0.28,9,False,0,0,0.42725634157450065
32,44000,15600,6.17,0.35,5,False,0,0,0.33584704772003837
30,70000,8000,9.91,0.11,5,False,0,0,0.09480485606924188
25,62500,4000,8.9,0.06,3,False,0,0,0.0673501156352934
23,96000,20000,11.11,0.21,2,False,0,0,0.1265043768017873
24,55200,6000,14.42,0.11,2,True,1,0,0.2938226130588756
24,67644,6000,6.99,0.09,3,False,0,0,0.06250611785102683
22,21600,2400,16.29,0.11,4,False,1,0,0.27266287106725023
25,45000,6000,11.83,0.13,2,False,0,0,0.1654397887363221
41,113000,12000,16.0,0.11,15,False,1,0,0.1333410461236906
23,90000,12000,0.0,0.13,3,False,0,0,0.025972274711731337
26,25000,5000,12.69,0.2,3,False,0,0,0.33644372131087696
28,35376,1500,8.49,0.04,10,False,0,0,0.065877455547305
26,130000,5000,9.64,0.04,2,False,0,0,0.046939347557140555
22,50400,12000,14.09,0.24,2,False,0,0,0.349236218415622
31,15000,2000,16.89,0.13,8,True,1,1,0.5036091134015667
34,37000,5000,7.9,0.14,10,False,0,0,0.1281401169686181
48,19200,7000,0.0,0.36,12,True,1,0,0.4850005515046351
34,160000,7500,0.0,0.05,10,False,0,0,0.012532848639251025
35,180000,8500,6.92,0.05,8,False,0,0,0.026188220062067218
39,85000,12000,9.32,0.14,13,False,0,0,0.08978583009375554
29,31100,3000,16.82,0.1,5,True,1,0,0.39957134130032584
39,23500,5850,15.2,0.25,12,False,0,1,0.526914446059429
26,50000,12375,10.99,0.25,3,False,0,0,0.2847027558332391
26,69846,22500,18.99,0.32,4,False,1,1,0.5247390150716817
30,55000,21250,15.7,0.39,6,True,0,1,0.764689483352992
27,62000,3275,9.33,0.05,8,False,0,0,0.0667284423404176
39,48000,8400,12.53,0.17,17,True,0,0,0.34767258900735903
34,70000,6000,11.89,0.09,7,False,0,0,0.11107316883377187
24,43000,2500,13.49,0.06,4,True,0,0,0.22278254641881726
24,43000,6000,13.49,0.14,3,True,0,0,0.3418899974158336
38,225000,15000,15.62,0.07,17,False,0,0,0.052816209633375445
35,218000,7000,14.11,0.03,9,True,1,0,0.09142129461389385
37,38000,6000,15.33,0.16,16,True,0,0,0.4493197848803296
34,35000,8000,0.0,0.23,10,False,0,0,0.10171219526339242
26,50004,9000,6.17,0.18,4,False,0,0,0.11640494750658502
25,145000,25000,9.99,0.17,4,False,0,0,0.05020536450649116
22,37500,9000,9.63,0.24,4,False,0,0,0.27642496172006475
24,190000,5000,5.42,0.03,2,False,0,0,0.020991574061742492
23,24000,8000,15.62,0.33,2,False,0,1,0.6920298349006656
32,128000,10000,13.85,0.08,5,True,1,0,0.15265997479642715
23,51000,6000,5.42,0.12,2,False,0,0,0.07251130832038082
22,31500,14000,8.9,0.44,3,False,0,1,0.6630637275989683
24,33600,4800,11.86,0.14,2,False,0,0,0.19673860024516884
25,60000,10000,10.36,0.17,4,False,0,0,0.15451155817141377
26,37000,14000,9.88,0.38,4,False,1,1,0.5469451860973426
30,68803,2000,6.17,0.03,10,False,0,0,0.040092061077548556
31,75000,12000,10.38,0.16,10,False,0,0,0.12265878088956493
48,60000,2500,7.29,0.04,11,False,0,0,0.05326911613865061
28,35000,12500,0.0,0.36,10,False,1,0,0.23770391135198163
28,68004,15000,13.16,0.22,7,False,0,0,0.23569292905748648
29,40000,2800,0.0,0.07,5,False,0,0,0.02963151669471577
30,110000,25000,10.36,0.23,8,False,0,0,0.10235598076732781
25,42500,4000,12.99,0.09,3,False,0,0,0.1482468649207384
23,45992,10000,5.42,0.22,3,False,0,0,0.1451181676621929
25,82729,4800,6.17,0.06,3,False,0,0,0.04373055418483073
24,102000,23800,8.9,0.23,2,False,0,0,0.09480369477888738
28,54000,12000,15.31,0.22,6,False,1,0,0.3374428828612911
26,44000,8000,13.8,0.18,3,False,0,0,0.27154683315677275
27,25200,6000,7.9,0.24,5,False,0,0,0.2805990954784463
23,82000,18000,0.0,0.22,2,False,0,0,0.04495905238915872
26,170000,24000,0.0,0.14,2,True,0,0,0.020843596893369114
28,54000,10000,9.99,0.19,9,False,0,0,0.1778801199595576
24,45000,17000,14.96,0.38,2,True,1,1,0.7807029862619304
24,88000,25000,14.54,0.28,2,False,0,0,0.254658480891844
27,70000,3000,5.42,0.04,7,False,0,0,0.0378780166818129
29,58650,3000,17.19,0.04,6,False,1,0,0.1528161403299008
22,32769,7000,7.29,0.21,3,False,0,0,0.19518494713145093
30,78000,20000,11.11,0.26,5,False,0,0,0.20494527548439098
23,36000,5000,0.0,0.14,3,False,0,0,0.05118098787286506
31,46800,5500,0.0,0.12,10,False,0,0,0.03985747983150739
44,68500,14300,15.31,0.21,17,False,0,0,0.280234134175913
22,42000,12000,15.65,0.29,3,True,1,1,0.6803822285771363
27,90000,8000,7.66,0.09,5,False,0,0,0.05651387740760533
25,26400,5975,12.99,0.23,4,True,0,1,0.5608159852204596
22,27000,5000,0.0,0.19,2,True,1,0,0.15026521803846593
31,118000,6000,12.69,0.05,9,False,0,0,0.07207737447094027
23,35000,7000,10.99,0.2,3,False,0,0,0.257794404700076
30,96000,14400,0.0,0.15,8,False,0,0,0.027087455680823342
25,75000,7500,12.61,0.1,4,True,0,0,0.20366566489482693
26,25000,6250,15.31,0.25,4,False,1,1,0.5182340001620162
30,52500,20000,10.37,0.38,7,False,1,0,0.45920557705606463
30,37600,15000,13.06,0.4,7,True,1,1,0.7996567453561062
23,38000,4000,14.26,0.11,4,False,0,0,0.20047411639014945
37,54000,5500,13.23,0.1,12,True,1,0,0.25361836475311006
30,100000,13000,7.88,0.13,9,False,0,0,0.06147856795817742
24,55782,17000,7.51,0.3,2,False,0,0,0.23878405793071603
28,202040,12000,14.46,0.06,8,True,0,0,0.09749359772068601
22,35000,11800,10.95,0.34,2,False,1,1,0.5133351781384836
38,48300,14000,13.22,0.29,14,True,0,1,0.5813009703147894
51,45000,8400,13.11,0.19,18,True,0,0,0.4237862084985948
23,45504,14500,0.0,0.32,3,False,1,0,0.1519435920467242
24,37200,2000,0.0,0.05,2,False,1,0,0.025585237167497648
22,47000,12000,6.03,0.26,3,False,0,0,0.19414933002391277
45,69600,6000,7.9,0.09,13,False,0,0,0.07176850215001444
23,74250,3000,11.99,0.04,4,False,0,0,0.08095805081421553
29,38004,1500,12.53,0.04,7,True,1,0,0.18449914270932208
22,20400,6000,15.99,0.29,4,True,0,1,0.7742125896917984
35,56000,15000,11.26,0.27,10,False,0,0,0.2978622147445073
31,85000,22000,11.58,0.26,5,False,0,0,0.19178755338999484
25,65000,6000,8.9,0.09,2,False,1,0,0.07919584873433248
26,34000,15250,13.22,0.45,2,True,1,1,0.8706035232541491
38,50000,3000,15.05,0.06,12,False,0,0,0.1493738060545274
22,22800,3000,6.62,0.13,3,False,0,0,0.11618536838140582
25,72000,6000,11.86,0.08,3,False,0,0,0.09894290411611856
32,115000,2500,11.89,0.02,6,False,0,0,0.0617678695326995
31,90000,12000,6.92,0.13,5,False,0,0,0.06088411487681976
22,46000,12000,12.68,0.26,3,True,0,1,0.5170484077678296
28,140000,22000,7.9,0.16,6,False,0,0,0.04314821432758805
30,58000,5350,9.99,0.09,9,False,0,0,0.09454531724463658
27,22000,4000,6.39,0.18,10,False,0,0,0.16545946579803392
24,57000,2400,12.69,0.04,4,False,0,0,0.09574560161728399
26,55000,5000,6.92,0.09,3,False,0,0,0.06865606118682392
23,78000,10000,5.79,0.13,3,False,0,0,0.060802361129077
29,58000,15000,13.16,0.26,5,True,0,0,0.480899605871646
29,125000,10000,5.79,0.08,9,False,0,0,0.03253880468597571
29,59000,13000,11.49,0.22,10,False,0,0,0.2243921523466784
27,100000,15600,17.88,0.16,6,True,0,0,0.33732004457751485
25,17436,3025,11.49,0.17,2,False,1,0,0.27160810594852514
29,77800,9000,12.42,0.12,6,False,0,0,0.12627892333509402
28,206000,24000,0.0,0.12,10,False,0,0,0.007832066884970025
26,32000,4800,12.61,0.15,3,True,0,0,0.366239123040255
28,50000,2000,16.89,0.04,5,False,1,0,0.1595986407006154
28,41000,1500,14.79,0.04,6,True,0,0,0.22918576386268244
30,94000,10000,14.27,0.11,6,False,0,0,0.12858527974793743
24,18000,1200,11.89,0.07,4,False,0,0,0.1366565840023792
34,56000,6400,0.0,0.11,5,True,0,0,0.06378946776927398
22,62000,9000,10.0,0.15,2,False,0,0,0.13062727101715899
23,108000,14000,11.89,0.13,2,False,0,0,0.0901346891290139
29,77000,8225,0.0,0.11,10,False,0,0,0.027806263742631517
24,48442,9800,15.7,0.2,2,False,1,0,0.3372561605710442
26,53000,4800,15.62,0.09,3,True,1,0,0.30077192183087864
29,69000,6000,11.12,0.09,5,False,0,0,0.10120388374360877
30,40000,8600,10.65,0.21,6,False,0,0,0.24993066617645693
24,46000,10000,9.99,0.22,2,False,0,0,0.2325347512480807
28,70000,9000,5.42,0.13,7,False,1,0,0.06343920481879138
27,41000,11000,15.33,0.27,7,True,1,1,0.6417354388647311
31,41004,5000,15.28,0.12,10,False,0,0,0.22839948358521203
23,20400,1200,18.25,0.06,4,False,1,0,0.2389896414639385
22,69000,6500,5.99,0.09,2,False,0,0,0.05355685107970473
23,44004,12000,16.0,0.27,2,False,1,0,0.48583102697530656
22,40000,6000,11.48,0.15,4,False,0,0,0.18827365050210607
47,65000,7000,14.35,0.11,11,False,0,0,0.17036932700472385
24,156000,15000,13.57,0.1,4,True,0,0,0.1225027012429709
23,85000,3000,7.49,0.04,3,False,0,0,0.04630385354543423
24,120000,6000,10.99,0.05,3,False,0,0,0.05843113381210365
26,216000,15000,13.98,0.07,3,True,1,0,0.08281725127964927
24,37200,6000,9.99,0.16,3,False,0,0,0.17827246550031242
26,44000,7500,16.4,0.17,3,False,1,0,0.32496425143028296
27,45600,7500,5.42,0.16,5,False,0,0,0.0983254609510122
26,54000,6600,11.97,0.12,3,False,0,0,0.14589380388908182
23,45288,20500,9.25,0.45,2,False,0,1,0.5952447482325567
39,26000,11000,8.59,0.42,12,False,1,1,0.661051978503114
30,112000,12000,0.0,0.11,10,False,0,0,0.019925711542154504
23,76000,13000,0.0,0.17,2,True,0,0,0.07048618799979943
23,70200,5000,7.14,0.07,2,False,0,0,0.05530916162455211
51,76960,15000,9.99,0.19,20,False,0,0,0.13386444267850633
28,36000,15250,12.98,0.42,10,True,0,1,0.8247568552645566
38,30000,5600,9.99,0.19,15,False,1,0,0.2371705221876024
29,220000,2500,6.99,0.01,5,False,0,0,0.022225755169483538
30,125000,8000,7.74,0.06,10,False,0,0,0.03817523014484812
33,50000,12000,13.49,0.24,7,False,0,0,0.33752259606735857
22,88000,16000,11.71,0.18,3,False,0,0,0.13067087550393142
26,65000,12000,0.0,0.18,4,True,0,0,0.08489274379202731
24,54000,15600,13.61,0.29,4,True,0,1,0.5607721423924238
23,20800,3000,11.46,0.14,4,False,0,0,0.2116443947593695
25,32000,6250,11.49,0.2,3,False,0,0,0.2824662788926044
35,115000,28000,9.91,0.24,6,False,0,0,0.09086193272967445
35,99800,8000,7.14,0.08,9,False,0,0,0.04751447364111862
24,27500,5000,15.07,0.18,4,True,1,1,0.513570378737011
33,100000,7000,0.0,0.07,6,False,0,0,0.01925921983441349
47,48000,2500,14.65,0.05,17,True,0,0,0.23444397678729992
29,60000,20000,6.99,0.33,7,False,0,0,0.24629769132309298
26,130000,20000,13.11,0.15,4,True,0,0,0.14962465518919607
33,114000,16000,16.77,0.14,5,False,0,0,0.15229838017438183
25,74000,12000,14.11,0.16,2,True,1,0,0.30216177830348856
23,48000,8000,0.0,0.17,2,False,0,0,0.055350824824406
21,37000,9250,12.23,0.25,4,False,0,0,0.36520482060789133
24,31000,5000,5.42,0.16,2,False,0,0,0.11750365588080695
31,140000,30000,11.71,0.21,7,False,0,0,0.06911770621542764
27,43200,4200,10.74,0.1,6,False,0,0,0.12488916278779619
30,39996,4000,12.99,0.1,9,True,0,0,0.2715611046195578
62,60000,16000,8.9,0.27,19,False,0,0,0.23810060938043015
25,33000,10000,15.96,0.3,3,True,1,1,0.7421267126163213
33,57700,4000,0.0,0.07,7,True,1,0,0.049378991360256544
23,42000,4900,14.72,0.12,4,True,0,0,0.34564696165379527
21,19200,10000,10.99,0.52,3,False,1,1,0.8834724121540929
24,44000,25000,15.58,0.57,3,True,1,1,0.9411051711488635
29,30000,6000,17.99,0.2,7,False,1,0,0.4763023137775123
24,75000,1200,11.49,0.02,2,False,0,0,0.0707046334255235
23,31200,7550,9.99,0.24,4,False,0,0,0.30906363216620264
22,37008,3600,12.42,0.1,4,False,0,0,0.1557259573806815
27,160000,1500,11.78,0.01,6,True,0,0,0.09256699739744301
29,18000,6400,10.37,0.36,5,False,1,1,0.6415844538908388
34,67014,16000,13.22,0.24,8,False,0,0,0.26737344460753953
25,45996,25000,12.18,0.54,3,False,0,1,0.7998315069579714
31,75797,5600,13.22,0.07,8,True,0,0,0.18730150316034871
22,48000,4000,0.0,0.08,4,False,0,0,0.02907071313973232
25,86004,15000,12.53,0.17,4,False,0,0,0.1396558224223158
22,60000,12000,13.99,0.2,3,True,0,0,0.397161522599656
42,29000,3450,8.0,0.12,17,False,0,0,0.12128287777287185
38,60000,2700,11.99,0.04,15,False,0,0,0.08721036146675773
31,67200,10000,6.03,0.15,7,False,0,0,0.07899978580094213
29,92000,12000,6.62,0.13,6,False,0,0,0.05785758262182909
22,150000,8200,6.99,0.05,3,False,0,0,0.028746944154925513
31,78411,1400,0.0,0.02,6,False,0,0,0.017500236645027076
25,168000,35000,10.65,0.21,4,False,0,0,0.04143899501239941
24,24000,10000,6.92,0.42,4,False,0,1,0.6225170460439918
29,140000,20000,13.49,0.14,8,True,0,0,0.13876295371367245
24,65000,15000,9.88,0.23,2,False,0,0,0.18621012907047926
28,70000,15000,11.89,0.21,7,False,0,0,0.19111385640403644
24,158004,25000,14.59,0.16,2,True,1,0,0.13601012508206609
22,67000,4000,6.76,0.06,3,False,0,0,0.05111033134910106
49,115000,10000,10.37,0.09,17,False,0,0,0.06650516331654852
22,72000,5000,0.0,0.07,3,False,0,0,0.023084357716856883
22,48156,3000,0.0,0.06,2,False,0,0,0.02551019306561715
38,35000,5000,15.37,0.14,14,True,0,0,0.4209180525360643
26,41500,11400,7.66,0.27,3,False,0,0,0.2592440637263639
33,72000,4250,5.42,0.06,5,False,0,0,0.04355289452086431
24,41000,11525,12.99,0.28,3,True,0,1,0.5892055834497436
30,54383,25000,15.65,0.46,7,True,1,1,0.8384241486894642
22,35360,9600,5.99,0.27,4,False,0,0,0.2412005834054917
24,65544,5000,10.74,0.08,2,False,0,0,0.09385379932435721
26,120000,20000,13.85,0.17,3,False,0,0,0.11279324202354485
25,18000,4000,0.0,0.22,3,False,1,0,0.12050355278950374
31,15204,1875,8.49,0.12,7,False,1,0,0.1438556364680008
24,48000,5000,7.68,0.1,4,False,0,0,0.08325543058304836
29,18000,6250,9.99,0.35,6,False,1,1,0.6082358913632954
27,24000,2800,10.95,0.12,10,False,0,0,0.17023877440848625
32,35004,8150,16.49,0.23,5,True,0,1,0.6325136557654432
24,75000,8000,15.23,0.11,3,True,0,0,0.2758123695398869
24,84000,20000,11.83,0.24,3,False,0,0,0.18233108188605499
42,82000,26800,0.0,0.33,15,True,0,0,0.1408827616753458
25,62000,5000,0.0,0.08,2,False,0,0,0.026636523545230786
24,77000,8000,7.51,0.1,3,False,0,0,0.06327701207917784
27,42000,5000,11.11,0.12,9,False,0,0,0.14756700529392164
27,57057,9000,13.11,0.16,5,False,0,0,0.2008081910451319
25,84000,20000,13.92,0.24,2,False,0,0,0.22582259597786328
24,24000,8500,15.7,0.35,2,False,0,1,0.729858294054353
22,60000,2500,6.99,0.04,3,False,0,0,0.04836804211660982
23,41000,4200,14.54,0.1,3,True,0,0,0.30727327944893096
23,54000,10000,16.45,0.19,3,False,1,0,0.3275665387987599
21,26940,2500,5.42,0.09,4,False,0,0,0.07097821695677167
26,134400,10000,12.68,0.07,3,False,0,0,0.06591798146984991
27,64800,8000,13.49,0.12,10,False,0,0,0.15233201173545502
22,68000,5000,9.99,0.07,3,False,0,0,0.077254941593604
30,40000,12000,9.2,0.3,8,False,0,0,0.35689692660104927
24,42000,11500,7.88,0.27,2,False,0,0,0.26235361392237155
24,95000,35000,11.99,0.37,2,False,0,0,0.24567983567328885
42,32000,10000,10.38,0.31,15,False,1,0,0.4568765848276322
25,53481,15000,6.03,0.28,3,False,0,0,0.19526718009771996
28,83135,8000,13.99,0.1,10,True,0,0,0.22157631613103393
25,45000,10000,9.99,0.22,4,False,0,0,0.2325876649210765
25,31200,4000,17.19,0.13,4,True,1,0,0.4673223222362079
23,61000,8400,14.84,0.14,2,False,1,0,0.20650248330679316
31,83000,7500,0.0,0.09,6,False,0,0,0.023866337667388233
24,53004,21000,10.65,0.4,3,False,0,1,0.5005582714589816
24,49000,5000,12.18,0.1,3,False,1,0,0.13764331239753347
26,47000,3000,5.79,0.06,2,False,0,0,0.05217111519663256
23,60000,8000,12.21,0.13,4,False,0,0,0.1474026038358399
34,125000,12000,8.94,0.1,9,False,0,0,0.052095087229987645
24,58000,3200,14.35,0.06,2,False,0,0,0.13218509295833616
32,28800,5000,10.59,0.17,9,False,0,0,0.22177973212688615
29,50700,12000,12.42,0.24,6,False,0,0,0.3054822281138723
44,62400,10000,16.82,0.16,15,False,1,0,0.27523430971430635
26,26400,4000,7.9,0.15,2,False,0,0,0.15146763780842837
32,21120,10000,0.0,0.47,6,False,1,1,0.5416624107173269
27,43000,10000,12.42,0.23,9,False,0,0,0.3119255005416498
24,60000,20000,13.87,0.33,4,False,1,0,0.4344139165639088
23,53760,5000,13.43,0.09,4,False,0,0,0.14170794158564215
22,36000,3250,7.75,0.09,4,False,0,0,0.08693466447899822
31,45000,9000,12.84,0.2,5,False,0,0,0.27701937039073493
25,45000,7000,10.99,0.16,2,False,0,0,0.18502553394310745
21,66000,4500,7.49,0.07,2,False,0,0,0.05970893399875561
51,120000,30000,7.9,0.25,22,False,0,0,0.06984816552690909
36,238000,25000,15.95,0.11,17,False,1,0,0.04296319918332677
25,46596,13200,12.53,0.28,4,False,0,0,0.3840905432824438
22,64000,6600,8.9,0.1,3,False,0,0,0.08320039099125348
22,66000,3300,14.65,0.05,2,True,0,0,0.209311629016728
23,77200,3000,9.63,0.04,2,False,0,0,0.061320782540477764
28,89004,18000,7.49,0.2,10,False,0,0,0.08707682929410185
28,170000,10000,0.0,0.06,5,False,0,0,0.011472665936315643
26,55000,3000,0.0,0.05,2,False,0,0,0.022932784438889114
37,74400,7500,7.05,0.1,14,False,0,0,0.06274659705029387
24,32000,3000,12.29,0.09,2,True,0,0,0.2523274924338899
25,225000,12000,16.49,0.05,2,False,0,0,0.05774130542567525
37,63000,11000,0.0,0.17,16,False,0,0,0.04453268040119784
31,201996,20000,0.0,0.1,10,False,0,0,0.008367719579210377
22,60000,5000,6.54,0.08,3,False,0,0,0.058090893605391124
55,50000,20000,7.51,0.4,28,False,1,0,0.42715826592423867
36,34000,8000,0.0,0.24,16,False,0,0,0.11039494007974901
25,105000,6500,13.87,0.06,4,False,0,0,0.0911538335070073
25,30300,5000,10.0,0.17,2,False,1,0,0.20818909626952542
34,55000,5000,13.43,0.09,10,True,0,0,0.24385772134553693
21,8088,1200,15.23,0.15,2,True,0,1,0.5159757497363557
26,80000,7000,7.51,0.09,2,False,0,0,0.06099462451469428
24,59000,16000,16.45,0.27,2,False,1,0,0.42792378493742356
26,37000,14000,9.88,0.38,2,False,1,1,0.5485320829188666
34,54072,7000,11.89,0.13,9,False,0,0,0.15540423483326102
26,46800,6000,14.91,0.13,3,True,0,0,0.35822538499337175
25,70000,6300,10.37,0.09,4,False,0,0,0.09028858045867144
22,33000,8875,10.65,0.27,4,False,0,0,0.3751780746307978
23,105000,10000,0.0,0.1,3,False,0,0,0.020776811975747517
21,49000,6000,15.99,0.12,4,False,1,0,0.22603134887303358
27,45000,12000,9.76,0.27,6,False,0,0,0.301331052906233
36,73000,8000,17.49,0.11,17,False,1,0,0.2085217480362886
30,102489,25000,12.18,0.24,7,False,0,0,0.14004690133485626
25,23198,6000,8.0,0.26,4,False,0,0,0.3263466130979568
27,80000,4000,12.69,0.05,8,False,0,0,0.08949088260446823
25,50000,8400,13.22,0.17,3,False,0,0,0.23012475430216345
21,34000,10000,9.91,0.29,4,False,0,0,0.3829740730697654
25,105000,12000,13.48,0.11,3,False,0,0,0.10171569241396539
28,41700,7750,12.21,0.19,9,False,0,0,0.25447184581650184
40,35820,3275,8.88,0.09,13,False,0,0,0.10177103402796252
40,30000,5000,13.43,0.17,11,True,0,0,0.44342338948866455
22,29950,10750,14.11,0.36,3,False,1,1,0.6744162138144647
26,100000,10000,10.59,0.1,2,False,0,0,0.07614482608471032
32,140000,5000,10.38,0.04,10,False,0,0,0.0494759884411959
24,59000,6000,16.0,0.1,4,False,1,0,0.18951483118840023
28,40000,4200,7.51,0.1,5,False,0,0,0.08829261668495457
24,14400,1875,13.49,0.13,2,True,0,0,0.3996309867310812
23,30159,5000,11.12,0.17,2,False,0,0,0.23112777246247648
31,44000,10000,10.71,0.23,9,False,1,0,0.26994747240109157
27,75000,20150,11.36,0.27,6,False,0,0,0.22502563752204346
22,50000,5000,5.42,0.1,3,False,0,0,0.06342619434266646
45,119004,5000,11.49,0.04,13,False,0,0,0.06221713277217881
27,60000,1800,11.46,0.03,8,False,0,0,0.07757424402091462
22,81500,7575,6.54,0.09,3,False,0,0,0.051531253672697334
25,72000,15000,12.42,0.21,3,False,0,0,0.20094317137488935
35,75000,20000,13.49,0.27,5,True,0,0,0.4317136960183694
43,48000,6000,11.14,0.13,13,False,0,0,0.15608435027184414
25,80208,4000,5.42,0.05,3,False,0,0,0.03832625237943628
25,29120,6250,15.96,0.21,3,True,0,1,0.596964139638818
24,42000,2500,15.28,0.06,2,False,0,0,0.15837569533479504
24,24000,10750,15.2,0.45,2,True,1,1,0.9209533829784019
28,85100,8000,7.51,0.09,8,False,0,0,0.056034757849677375
23,46000,7000,7.4,0.15,4,False,0,0,0.11406928219648658
43,62900,18000,17.27,0.24,14,True,1,1,0.5143116650526119
29,28140,5000,7.29,0.18,9,False,0,0,0.17130511061260076
22,35000,2000,12.99,0.06,2,True,0,0,0.2216503950864266
28,72000,16000,14.26,0.22,9,False,0,0,0.2461666654594844
23,28800,6000,8.94,0.21,3,False,0,0,0.2437290183559369
23,52250,4750,13.35,0.09,4,True,0,0,0.24302466471110779
26,58000,12000,13.16,0.21,4,True,0,0,0.40046497928213026
22,30000,10000,13.98,0.33,2,True,1,1,0.752800204365133
25,36800,2875,11.28,0.08,4,True,0,0,0.21008231270005143
25,58000,16000,0.0,0.28,2,False,0,0,0.09582306981204931
22,112774,6400,13.06,0.06,4,True,0,0,0.14481922407048933
22,31224,6400,9.32,0.2,4,False,0,0,0.22715913201986604
33,78000,20000,12.18,0.26,8,False,0,0,0.22779066591891606
30,91644,5000,11.03,0.05,7,True,0,0,0.12362191143318789
27,64000,5000,5.79,0.08,5,False,0,0,0.05304772598131182
31,99000,5675,13.23,0.06,8,True,0,0,0.16149705954721408
27,44000,5000,16.35,0.11,6,True,1,0,0.36821736023610957
28,50000,7000,6.92,0.14,9,False,0,0,0.09775197152705267
28,42200,13200,11.48,0.31,8,False,0,0,0.4280304150033048
25,43000,1200,8.49,0.03,2,False,0,0,0.060444880583779025
30,20000,5000,8.59,0.25,5,False,0,0,0.3394195037699245
25,23000,10000,0.0,0.43,2,True,1,1,0.5990794963299196
27,125000,15975,12.72,0.13,8,True,0,0,0.14999075373200113
37,24000,6000,11.49,0.25,17,False,0,0,0.4034979568400154
26,36000,15000,10.25,0.42,2,False,0,1,0.6424391222836334
25,50000,2600,6.03,0.05,3,False,0,0,0.049163025682227496
26,98000,14000,7.88,0.14,3,False,0,0,0.06451430429444562
24,36000,4000,13.06,0.11,3,True,0,0,0.2961421852555981
28,65000,7200,13.98,0.11,5,True,0,0,0.2624784841708037
23,20400,1200,7.9,0.06,2,False,0,0,0.07951668953743116
40,52000,7000,14.65,0.13,14,False,1,0,0.20824992266220288
25,50000,4000,13.43,0.08,3,True,0,0,0.2380260329295485
28,68496,10000,0.0,0.15,5,False,0,0,0.03842430578978802
23,85000,25000,10.75,0.29,4,False,0,0,0.1902626407709463
28,140000,18000,16.29,0.13,7,False,0,0,0.10831120095883594
25,104000,10000,6.92,0.1,2,False,0,0,0.048692190663299266
24,42000,8000,0.0,0.19,4,False,0,0,0.06791454514476623
31,135000,20000,11.36,0.15,9,False,0,0,0.06743844695066982
29,60000,8000,12.42,0.13,7,False,0,0,0.15216651039526918
22,80000,9000,6.91,0.11,3,False,0,0,0.0602449532929208
33,87000,5000,14.96,0.06,6,False,0,0,0.12009609265627952
38,126000,2400,0.0,0.02,14,False,0,0,0.0141288936149627
30,110000,6000,6.92,0.05,8,False,0,0,0.0372349400108378
24,36000,8000,15.28,0.22,3,False,1,0,0.40626910958335466
32,75000,16000,13.49,0.21,8,False,0,0,0.21263578564623797
25,57000,1500,0.0,0.03,3,False,0,0,0.020336961647623546
34,80000,5000,6.17,0.06,8,False,0,0,0.04422148164950391
28,160000,8000,12.69,0.05,7,False,0,0,0.056353839366360944
34,75000,3000,7.9,0.04,8,False,0,0,0.05120882564852303
26,31200,6000,15.23,0.19,3,False,0,0,0.36751442812885493
24,44475,5000,10.65,0.11,3,False,0,0,0.12883051001093537
29,54000,18000,10.99,0.33,6,False,1,0,0.38412285408574887
28,80000,16000,5.99,0.2,7,False,0,0,0.08497455388766005
26,69000,6200,15.99,0.09,2,False,1,0,0.16986771700557776
28,52000,10000,12.69,0.19,7,False,0,0,0.23514404947393672
25,30000,3000,9.63,0.1,2,False,0,0,0.12305850550949063
50,102031,12000,14.96,0.12,11,True,0,0,0.23739566280751287
23,80000,7800,9.99,0.1,2,False,0,0,0.08456891683443231
24,78000,20000,10.37,0.26,2,False,0,0,0.1885436576111355
22,57204,9000,15.58,0.16,3,True,0,0,0.3945579038265829
27,22800,2500,10.99,0.11,10,False,0,0,0.16011641917622507
22,29000,4200,6.62,0.14,2,False,1,0,0.11724938486450442
32,100000,4500,5.42,0.04,10,False,0,0,0.03178497450164842
24,67500,13000,13.98,0.19,3,True,0,0,0.35481887115943034
23,45000,6225,11.54,0.14,4,True,0,0,0.2836985129670178
25,39779,12000,5.79,0.3,2,False,0,0,0.2662895683897626
28,55000,18000,7.9,0.33,10,False,0,0,0.29341552341686106
25,118000,2000,7.12,0.02,2,False,0,0,0.035266425330314766
28,72000,16000,15.95,0.22,5,False,0,0,0.2901714129984908
28,72467,5000,8.88,0.07,7,False,0,0,0.06748434366677314
23,93000,20000,13.22,0.22,3,False,1,0,0.17356885266084318
29,210000,14000,12.42,0.07,6,False,0,0,0.0401724199068622
21,23000,3000,13.35,0.13,3,False,0,0,0.23330801929247588
31,79100,19150,6.99,0.24,7,False,0,0,0.116301707119633
25,306000,24250,13.85,0.08,3,False,0,0,0.02110031576582905
27,33200,10000,11.71,0.3,5,False,0,0,0.46740540789663115
30,140000,5000,8.9,0.04,6,False,0,0,0.04168260338112838
28,27504,2000,11.12,0.07,8,False,0,0,0.11725310773462977
30,30000,3600,10.28,0.12,10,True,0,0,0.2551789032601754
31,108000,35000,13.49,0.32,10,False,1,0,0.18527236620231638
29,70000,7000,7.74,0.1,6,False,0,0,0.0708006637655136
34,18000,1500,11.48,0.08,6,False,1,0,0.14377470874326634
41,110000,30000,9.91,0.27,11,False,0,0,0.10885610971372232
28,48500,15000,12.99,0.31,7,True,1,1,0.605102463743025
26,46000,11000,16.29,0.24,3,True,1,1,0.5973008959126785
41,75000,4000,16.29,0.05,12,True,0,0,0.2382830109249125
25,55000,10800,13.57,0.2,2,False,0,0,0.2647269120138164
25,92000,25000,12.69,0.27,3,False,0,0,0.19478285891621713
21,13000,9250,12.53,0.71,3,False,1,1,0.9851966573420554
30,39600,10000,20.89,0.25,10,True,1,1,0.7585585048681204
23,65500,16800,0.0,0.26,2,False,0,0,0.0740454212002181
36,34000,5000,10.65,0.15,15,False,0,0,0.1867110850736932
34,89000,35000,18.25,0.39,8,False,1,0,0.4747548906896805
24,34000,10000,0.0,0.29,3,True,0,0,0.2591235271085255
24,70000,8000,11.71,0.11,3,False,0,0,0.11455441104083157
22,29120,6800,10.59,0.23,2,False,0,0,0.3155287108586705
29,65000,10000,8.49,0.15,10,False,0,0,0.1036723104714975
24,44160,10000,13.22,0.23,4,False,0,0,0.33425971585840375
29,66500,12000,6.99,0.18,8,False,0,0,0.1030485784545618
24,205000,10000,9.63,0.05,4,False,0,0,0.03004681379916706
27,160000,8000,12.42,0.05,9,False,0,0,0.05407481899207279
24,33321,12250,13.11,0.37,4,True,0,1,0.7789218405480001
24,71151,12000,6.62,0.17,4,False,0,0,0.08863377012884006
29,54000,10000,16.89,0.19,5,False,0,0,0.34304061636459116
23,40000,2000,10.99,0.05,4,False,0,0,0.09266970791442045
30,42000,1600,10.37,0.04,6,False,0,0,0.08134969016574788
22,23000,10000,9.88,0.43,2,False,1,1,0.7260472927751839
24,72000,12000,6.03,0.17,2,False,0,0,0.08311715400356344
33,81000,7500,10.08,0.09,9,False,0,0,0.07987393583297055
35,45000,16000,10.0,0.36,10,False,1,0,0.46641186063077683
23,100000,25000,11.58,0.25,3,False,0,0,0.1427486872167865
25,78000,3200,14.59,0.04,3,True,1,0,0.1880005351938969
33,48000,1500,11.89,0.03,6,False,0,0,0.08807295497507811
26,44470,4000,6.76,0.09,2,False,0,0,0.07385380620017182
28,103800,10000,14.27,0.1,8,True,0,0,0.19709198285817678
27,42000,20000,12.84,0.48,7,True,0,1,0.8619509328134048
38,18720,2500,11.86,0.13,16,False,0,0,0.2116621945826736
21,27600,7500,6.76,0.27,4,False,0,0,0.2891845663773889
32,95000,19200,11.89,0.2,9,False,0,0,0.13304014326791921
23,79000,3200,7.88,0.04,2,False,0,0,0.048996780425493776
23,85000,9600,13.61,0.11,3,False,0,0,0.12378751234681866
29,201000,18000,11.83,0.09,10,False,0,0,0.036460662966580695
38,47004,4775,0.0,0.1,13,False,0,0,0.03472583315193955
25,54000,8000,11.83,0.15,3,False,0,0,0.1719690291002742
32,70000,6000,5.42,0.09,6,False,0,0,0.052432354339492
36,261800,24000,10.62,0.08,16,False,1,0,0.016519032256291557
28,131040,10000,13.35,0.08,10,True,0,0,0.13988395726162464
24,35004,7000,5.42,0.2,3,False,0,0,0.14778435052343425
23,42000,6000,12.41,0.14,4,False,1,0,0.19023806382170258
22,52000,6000,7.9,0.12,2,False,0,0,0.09581323083857654
44,99996,14400,12.23,0.14,16,True,0,0,0.1847210503525937
25,62000,5000,7.49,0.08,3,False,0,0,0.06519258200714644
26,33000,8975,16.02,0.27,3,True,0,1,0.6960680229860209
24,90000,20000,7.9,0.22,3,False,0,0,0.09849470762561369
36,155000,30000,7.9,0.19,17,False,0,0,0.03413302271306798
29,28800,4000,13.92,0.14,10,False,1,0,0.2511563111348426
30,34000,4000,10.95,0.12,10,False,0,0,0.1571589420180554
23,29000,10000,17.93,0.34,3,True,1,1,0.8472030403184067
22,27120,9250,13.11,0.34,4,True,1,1,0.7602607464340801
37,66560,7200,10.0,0.11,15,False,0,0,0.10039904567075834
27,75000,10000,9.63,0.13,9,False,0,0,0.09519340394409165
23,90000,6000,10.25,0.07,3,False,0,0,0.07063777649822989
29,75000,4000,12.68,0.05,5,False,0,0,0.09209241864496936
23,144000,6800,7.49,0.05,2,False,0,0,0.03404028779044516
25,48000,8000,13.11,0.17,4,False,0,0,0.23261212839764606
24,33360,2500,7.14,0.07,3,False,0,0,0.07143077507733636
25,49000,1000,7.66,0.02,3,False,0,0,0.04931897168953509
24,26400,9000,11.49,0.34,3,False,1,1,0.5802973127639937
28,39600,1500,12.69,0.04,5,False,0,0,0.10686516858728476
25,76500,5000,12.53,0.07,3,False,0,0,0.10163304546461856
26,53000,5000,15.95,0.09,2,True,1,0,0.3076134965617323
23,35000,15000,18.43,0.43,2,True,0,1,0.9136902121356514
27,100000,14400,0.0,0.14,8,False,0,0,0.02400305734912015
23,65000,5000,13.47,0.08,2,True,0,0,0.21888467748154294
26,75000,7200,15.23,0.1,4,False,0,0,0.15866245418815927
32,83000,10000,8.0,0.12,5,False,0,0,0.07224268389870614
22,43000,6600,14.27,0.15,2,True,0,0,0.3782837932110451
30,60000,16000,11.71,0.27,8,False,0,0,0.2919080991538767
23,75000,10000,11.86,0.13,2,False,0,0,0.12306539417058468
30,34000,1500,14.61,0.04,5,True,1,0,0.2310122710642212
24,104000,14000,9.99,0.13,3,False,0,0,0.07331472616851265
31,85000,25000,10.75,0.29,7,False,0,0,0.1930501995038015
22,18000,4000,10.91,0.22,4,True,1,1,0.5052243204693891
32,48000,8000,5.79,0.17,7,False,0,0,0.1094419373095387
30,78000,26000,15.96,0.33,5,True,0,1,0.5608921233508473
22,50000,18400,9.99,0.37,2,False,1,0,0.4458552514470723
24,50000,14400,0.0,0.29,2,False,0,0,0.11677054995098715
22,62758,6400,8.49,0.1,3,False,0,0,0.08056128630863496
26,62000,10000,7.88,0.16,2,False,0,0,0.10834156489659007
23,85000,12000,13.16,0.14,4,True,0,0,0.2303113164208735
22,35000,3000,0.0,0.09,2,False,0,0,0.03564107859157026
26,109200,2300,7.9,0.02,4,False,0,0,0.03902082407047567
34,47125,3200,10.99,0.07,8,False,0,0,0.10418937089328204
21,25000,5600,7.29,0.22,2,False,0,0,0.23053347398751617
25,31200,15000,6.03,0.48,4,False,0,1,0.6608358828253068
25,30000,3075,10.59,0.1,2,False,0,0,0.1361011904124118
22,85000,5000,12.61,0.06,2,False,0,0,0.09073689117932632
23,36000,7200,5.42,0.2,2,False,0,0,0.1458151890120632
27,31200,14000,18.09,0.45,6,True,1,1,0.9304002709165362
22,21000,4750,0.0,0.23,2,False,0,0,0.12457918891637396
22,50004,7200,0.0,0.14,2,True,0,0,0.07977532448708816
25,53000,6475,10.59,0.12,4,False,0,0,0.12610134169275544
30,44000,8500,11.36,0.19,7,False,0,0,0.22767507729540332
31,36000,4500,9.99,0.13,10,False,0,0,0.15023227430837968
33,35000,10000,10.99,0.29,5,False,0,0,0.4239339254371117
31,14400,4750,14.59,0.33,8,True,1,1,0.8283253944328671
30,61400,6000,15.96,0.1,9,False,0,0,0.18826899768362806
21,52000,7000,7.49,0.13,4,False,0,0,0.0939478029874942
21,36000,4000,5.42,0.11,3,False,0,0,0.07667555179908335
24,90000,6000,5.79,0.07,4,False,0,0,0.04166106195308396
36,60000,7000,7.88,0.12,12,False,0,0,0.08963798099983762
24,65000,5500,5.79,0.08,3,False,0,0,0.05118133210386727
27,52600,21600,17.27,0.41,9,False,1,1,0.7085429432248194
25,25716,9250,6.54,0.36,3,False,1,0,0.4738755954439302
27,104371,15000,16.77,0.14,6,True,0,0,0.2702668290626232
23,21600,4400,12.53,0.2,2,False,0,0,0.34105006386966913
24,18000,1200,11.34,0.07,4,True,0,0,0.22141473990730726
22,48000,5000,0.0,0.1,2,False,0,0,0.03350750171403716
23,200000,5000,7.43,0.03,4,False,0,0,0.025758503061276243
23,59000,10000,0.0,0.17,3,True,0,0,0.08757372680228878
22,70000,19000,8.88,0.27,4,False,0,0,0.1866918593629088
28,53544,1800,0.0,0.03,7,True,0,0,0.038070019703308686
29,47133,5100,11.86,0.11,7,False,0,0,0.14554001663214866
26,48000,4200,6.92,0.09,3,False,0,0,0.07338548910008535
24,35000,8000,11.86,0.23,3,False,0,0,0.33090966484754314
31,200000,24000,8.9,0.12,9,False,0,0,0.0242874388740006
22,26400,1550,0.0,0.06,2,False,1,0,0.029789034264939354
25,75000,5000,13.79,0.07,4,True,0,0,0.20346188763007808
29,58800,16000,9.88,0.27,6,False,0,0,0.24812809557408347
23,54000,12000,12.98,0.22,3,True,1,0,0.4207901804605617
37,40080,2350,7.88,0.06,12,False,0,0,0.071125866935463
23,28800,10625,0.0,0.37,2,False,0,0,0.2846790640919132
32,150000,8000,0.0,0.05,6,True,0,0,0.02403027881231225
27,86625,14825,0.0,0.17,9,False,0,0,0.03264422206014798
37,52200,16000,15.25,0.31,11,False,1,1,0.5000513979584047
26,45000,10800,6.17,0.24,3,False,0,0,0.1804359839609351
33,21600,6500,0.0,0.3,5,True,0,0,0.3383319435364134
49,74880,14300,7.51,0.19,16,False,0,0,0.1069273342643352
33,36500,10000,9.33,0.27,6,False,0,0,0.32647856509623957
27,24000,4000,12.87,0.17,10,False,0,0,0.28633519620802134
25,41508,6400,14.79,0.15,3,False,0,0,0.2568771209502126
25,101424,2000,7.29,0.02,3,False,0,0,0.03780010710819808
28,80000,18000,11.49,0.23,6,False,0,0,0.18177291970980622
47,39000,5600,8.59,0.14,11,False,0,0,0.13792991567126608
22,22000,7200,7.14,0.33,2,False,0,0,0.4498860537229593
41,100000,12000,10.74,0.12,12,False,0,0,0.08483772215935406
26,37086,7300,7.88,0.2,4,False,0,0,0.1876712264464077
39,116000,8000,15.27,0.07,11,False,1,0,0.10667766664095227
29,33600,9600,15.99,0.29,7,True,1,1,0.7278269713785823
23,18000,3250,13.22,0.18,2,False,1,0,0.3337057334867466
29,170000,35000,12.99,0.21,5,True,0,0,0.10074011487462853
23,59785,6000,8.94,0.1,3,False,0,0,0.08780312505858513
22,24000,5000,16.49,0.21,4,False,0,0,0.4710311087582215
25,105000,6500,13.87,0.06,3,True,0,0,0.16224812859984625
30,90000,5000,6.76,0.06,5,False,0,0,0.045821914766612376
27,41000,15000,8.49,0.37,8,False,1,0,0.457574818982204
29,32800,12000,16.45,0.37,9,False,1,1,0.7391152860239378
23,59000,17500,9.25,0.3,4,False,0,0,0.2704771089072756
30,30000,1000,0.0,0.03,10,False,1,0,0.022719717922530195
23,24000,3050,7.49,0.13,4,False,0,0,0.12711161599898463
23,108000,4300,11.83,0.04,4,False,0,0,0.06668608744805488
26,34000,5500,10.65,0.16,3,False,1,0,0.19821553733536512
23,47233,5000,11.36,0.11,4,False,0,0,0.13729023946575897
22,56400,9500,8.9,0.17,2,False,0,0,0.13654734554552334
24,56000,9000,7.29,0.16,2,False,0,0,0.10832698771630826
22,38004,10000,10.37,0.26,4,False,0,0,0.3249859781442137
28,46551,5000,0.0,0.11,7,False,0,0,0.037261907948997246
22,42000,3200,7.9,0.08,3,False,1,0,0.07967300304306682
29,98850,12500,0.0,0.13,9,False,0,0,0.024547360382303297
31,64500,7000,7.88,0.11,5,False,0,0,0.08104566322933024
25,55000,8500,14.22,0.15,3,True,0,0,0.34271418557312694
23,39000,10000,11.99,0.26,2,False,1,0,0.37254637808215346
26,27000,3025,15.95,0.11,2,False,0,0,0.2574326604773744
21,45996,10000,5.79,0.22,3,False,0,0,0.1500819678604451
43,60000,8000,10.37,0.13,16,False,0,0,0.12399315298104198
39,60000,11025,10.59,0.18,12,False,0,0,0.16656733035081903
27,72000,20000,9.25,0.28,10,False,0,0,0.19873262925919546
25,42000,8000,0.0,0.19,4,False,0,0,0.06813328158377104
21,36500,14400,15.05,0.39,4,False,1,1,0.7103044249283916
30,60600,3000,7.12,0.05,5,False,0,0,0.05346930065428469
21,30000,4200,6.92,0.14,4,False,0,0,0.11980789515872267
26,80000,9000,10.91,0.11,3,True,0,0,0.17118230168949253
22,58000,15000,13.79,0.26,2,True,0,0,0.49699323647526655
22,54288,15350,12.18,0.28,3,False,0,0,0.3363099445744713
22,45000,10000,7.51,0.22,2,False,0,0,0.1811601174004693
22,29000,4000,15.33,0.14,4,True,1,0,0.43376600382347796
26,38400,12000,5.99,0.31,2,False,1,0,0.29321198754809386
23,77000,1150,10.95,0.01,2,False,0,0,0.060019939728838186
26,42900,10000,0.0,0.23,3,False,0,0,0.08854161746146988
26,65000,22000,17.19,0.34,2,False,0,1,0.5318562753255306
22,48996,6000,0.0,0.12,2,False,0,0,0.03823822385731512
27,51000,10000,7.88,0.2,5,False,0,0,0.15770578856660059
37,220000,30000,9.91,0.14,17,False,0,0,0.021832625970401563
24,87000,25000,10.99,0.29,2,False,0,0,0.19546633456941928
31,100000,13000,12.61,0.13,7,False,0,0,0.10688377244582402
24,37000,10000,0.0,0.27,2,False,1,0,0.12861032899696512
21,60000,5000,13.48,0.08,2,False,0,0,0.12826429053623276
24,30996,1500,15.99,0.05,2,True,1,0,0.28286709898295337
44,70000,6000,5.79,0.09,16,False,0,0,0.05527198799498859
24,33321,12250,13.11,0.37,4,True,0,1,0.7789218405480001
27,60000,7200,7.74,0.12,10,False,0,0,0.08529459922622945
25,49000,15000,12.18,0.31,4,False,1,0,0.4177689848889917
41,138550,23000,14.96,0.14,12,False,1,0,0.07969986575693074
22,76500,15000,0.0,0.2,4,True,0,0,0.08233787668429889
25,135000,8000,0.0,0.06,3,False,0,0,0.01442857174405958
28,95000,12000,13.11,0.13,9,False,0,0,0.11924176446285487
25,30000,5000,6.03,0.17,3,False,0,0,0.1375674710634435
38,126000,2400,0.0,0.02,14,True,0,0,0.0268447181910053
23,85000,7175,7.49,0.08,4,False,0,0,0.05310278920904842
25,120000,28000,7.9,0.23,2,False,0,0,0.06334579943143273
31,24000,1200,8.94,0.05,5,False,0,0,0.08218644074778818
30,57996,8400,12.98,0.14,8,True,0,0,0.2870593316895035
25,31200,4200,8.9,0.13,3,False,0,0,0.13779793605110544
23,48000,10000,10.65,0.21,4,False,0,0,0.2264624577766027
22,16320,3000,13.92,0.18,4,True,1,1,0.5154916817106483
28,32000,5500,15.96,0.17,8,True,0,1,0.5052257928885674
26,68000,10000,5.79,0.15,2,False,0,0,0.07656705694966642
26,35000,2500,8.9,0.07,3,False,0,0,0.08764156423849624
33,62500,18400,9.91,0.29,7,False,0,0,0.25889240248934203
34,28500,9175,12.69,0.32,5,False,1,1,0.57041741673318
22,30000,7000,13.98,0.23,2,True,0,1,0.5720415413351566
48,28000,7500,7.74,0.27,17,False,0,0,0.32600466274680867
26,52000,6000,8.9,0.12,4,False,0,0,0.10794410443807514
29,17676,5000,13.11,0.28,10,True,1,1,0.6996419172104861
24,60000,5000,7.88,0.08,4,False,0,0,0.06822583792488263
25,60000,25000,10.99,0.42,3,False,0,0,0.49555490562929805
26,75000,12000,10.38,0.16,3,False,0,0,0.12321617893707613
23,46000,5000,6.62,0.11,3,False,0,0,0.08130045737801676
28,90000,1800,7.51,0.02,5,False,0,0,0.04085529771992261
23,21000,7500,6.91,0.36,4,False,1,1,0.5135149204607878
24,65000,2000,9.62,0.03,3,False,0,0,0.06127208159333432
24,37648,8000,7.29,0.21,2,False,0,0,0.18488322753713976
26,33600,3300,15.65,0.1,2,True,0,0,0.3586778568880199
39,37800,7000,11.49,0.19,16,False,0,0,0.25142301997852456
27,45000,7500,12.73,0.17,6,True,0,0,0.36689187748364505
42,36000,8400,16.32,0.23,15,True,1,1,0.6237860956250647
26,60000,5000,0.0,0.08,4,False,0,0,0.026728684217799066
28,48000,4500,11.71,0.09,7,False,0,0,0.12349186240509871
23,70000,15000,8.49,0.21,2,False,0,0,0.13352674807375547
40,75600,14000,7.51,0.19,14,False,0,0,0.10610556829677313
25,30600,10500,13.35,0.34,3,False,1,1,0.6118563137431287
33,45000,8000,12.53,0.18,6,False,0,0,0.24330208365640243
22,51360,10000,0.0,0.19,2,False,0,0,0.05883034360686174
26,83000,12000,9.99,0.14,3,False,0,0,0.09633695236915157
41,30600,6500,10.65,0.21,12,False,0,0,0.28471299570782216
23,47496,3500,12.69,0.07,3,False,0,0,0.12132256482934949
41,62000,7500,11.36,0.12,16,False,0,0,0.12846639273722857
24,100000,16000,11.12,0.16,3,False,0,0,0.09952642702103522
23,86004,5000,14.84,0.06,2,False,1,0,0.11660181607327129
33,28000,4800,7.49,0.17,10,False,0,0,0.1640020867052968
23,54000,2700,11.86,0.05,3,False,0,0,0.09469723792088426
25,54000,6000,6.17,0.11,4,False,0,0,0.07144500132875667
21,27600,7500,6.76,0.27,4,False,0,0,0.2891845663773889
24,36000,8000,9.83,0.22,3,False,0,0,0.2568452972501454
22,32004,6600,9.07,0.21,3,False,0,0,0.23746508535946378
24,45000,12000,10.99,0.27,3,False,0,0,0.3345760946157599
29,26400,7750,14.27,0.29,7,False,1,1,0.5621353898873199
29,148616,29550,8.9,0.2,9,False,0,0,0.04449016984911975
22,60000,3950,10.65,0.07,2,False,0,0,0.0907864260613009
25,44000,15000,14.59,0.34,3,False,1,1,0.5723984335322712
41,24000,4500,12.99,0.19,12,True,0,0,0.49232990342148875
31,58000,16000,0.0,0.28,8,False,1,0,0.09595170040199792
23,44000,3200,7.51,0.07,4,False,0,0,0.06896953157342861
22,50000,10000,7.88,0.2,3,False,0,0,0.1566997595059781
22,39000,14000,10.37,0.36,3,False,1,1,0.5078122825747814
36,40000,11250,14.27,0.28,12,False,0,0,0.47475185900701594
23,70000,20000,12.21,0.29,4,False,0,0,0.28686547728475137
24,87000,10000,10.36,0.11,3,False,0,0,0.0837945291640494
43,55000,11750,10.99,0.21,16,False,0,0,0.2166931992043595
29,84000,8000,14.96,0.1,5,False,1,0,0.1451552634898971
21,21700,5500,14.91,0.25,2,False,1,1,0.5171454892526711
32,50000,5400,7.14,0.11,9,False,0,0,0.08430177033795262
36,36000,12000,9.63,0.33,15,False,0,0,0.444827265648267
24,23000,5000,0.0,0.22,4,False,0,0,0.11187178689687131
23,27040,4000,12.29,0.15,4,True,0,0,0.36889279654001733
24,16000,2600,0.0,0.16,2,True,1,0,0.13644855224290112
24,66300,30000,0.0,0.38,3,False,1,0,0.10643251670492858
30,126132,14400,14.54,0.11,7,True,0,0,0.16773788383144259
39,65000,15000,7.9,0.23,14,False,0,0,0.15320897811148723
28,60000,15000,8.94,0.25,9,False,0,0,0.20043141347318927
46,72194,17000,8.88,0.24,14,False,0,0,0.16690287383730606
30,60000,6000,14.84,0.1,6,True,0,0,0.282383391773133
28,60000,16000,12.18,0.27,9,False,0,0,0.30209619204844784
26,127992,26000,13.99,0.2,2,False,0,0,0.10595438079556568
24,55152,16000,11.49,0.29,2,False,0,0,0.3322484626368197
35,30555,4500,13.22,0.15,10,False,0,0,0.2506625426063874
34,39000,22400,0.0,0.57,9,True,1,1,0.7328931404764677
40,120000,17000,10.51,0.14,15,False,0,0,0.06979846570166374
23,72000,4200,12.42,0.06,3,False,0,0,0.0964755093434242
30,39300,2500,16.29,0.06,10,True,1,0,0.2921224836794705
24,23196,7500,13.24,0.32,2,False,1,1,0.6099999910519277
24,18000,4000,0.0,0.22,3,False,1,0,0.12013836156391527
22,32760,7000,11.78,0.21,4,True,0,0,0.44959643681290923
26,63000,3600,6.76,0.06,4,False,0,0,0.053492991284352066
33,83000,18000,8.49,0.22,6,False,0,0,0.1220074230992039
27,125000,30000,10.99,0.24,10,False,0,0,0.08603032356055461
27,36000,4500,7.49,0.13,5,False,0,0,0.1146723872723724
24,28500,3500,14.59,0.12,3,False,0,0,0.23628728482563796
23,68000,4000,0.0,0.06,4,False,0,0,0.022499492115766354
50,90000,24000,11.36,0.27,13,False,0,0,0.18785649001378682
26,35000,8000,5.42,0.23,2,False,0,0,0.18226726034926438
25,50000,12000,7.88,0.24,2,False,0,0,0.1995653475114448
22,34000,3800,18.25,0.11,4,True,1,0,0.44851691075363487
22,24996,10000,8.94,0.4,4,False,1,1,0.6322476537489032
35,38420,2575,15.96,0.07,7,True,1,0,0.3098916501029471
29,40000,10000,8.0,0.25,10,False,0,0,0.24411983753663244
31,50402,3000,13.22,0.06,10,True,0,0,0.20864880564055335
26,88900,5000,11.83,0.06,4,False,0,0,0.08258649532634707
32,74000,15000,11.11,0.2,7,False,0,0,0.16240453503381974
23,25000,5500,9.32,0.22,4,False,0,0,0.28003666841684793
28,60000,7000,15.99,0.12,7,False,0,0,0.21194070262110615
28,100000,14400,13.85,0.14,9,False,0,0,0.12246590382796993
25,30000,3200,8.0,0.11,4,False,0,0,0.1104644083572493
26,70000,2000,12.84,0.03,2,True,0,0,0.15749527024493215
39,182500,12500,5.42,0.07,11,False,0,0,0.020812769451500495
26,61000,19200,11.48,0.31,3,False,0,0,0.3298226431218763
23,38376,8400,13.8,0.22,2,True,0,1,0.5143691369238222
35,29400,6150,12.21,0.21,5,False,0,0,0.3321090828054273
24,35000,10000,0.0,0.29,4,False,0,0,0.15292866401912492
33,170000,21000,14.26,0.12,5,False,0,0,0.061765463713020954
27,120000,20000,10.65,0.17,8,False,0,0,0.07754891039285913
22,52500,8000,15.23,0.15,4,True,0,0,0.37766324499472087
24,64000,6100,18.64,0.1,4,True,1,0,0.3799270276166147
34,54000,3000,15.37,0.06,6,True,1,0,0.25880676635158983
23,28600,1000,7.9,0.03,3,False,0,0,0.059041815279934524
24,54000,16000,15.65,0.3,4,False,1,0,0.4803485298047099
22,29000,10500,9.99,0.36,3,False,1,1,0.557315396228219
31,284400,5000,0.0,0.02,9,False,0,0,0.007191421689606276
22,24996,2500,10.99,0.1,3,False,1,0,0.14678663561788483
24,44640,10500,10.36,0.24,2,False,0,0,0.2743906262292094
22,38000,4000,14.42,0.11,2,True,0,0,0.3305946131313813
33,23004,3000,13.43,0.13,5,True,0,0,0.3799204213151696
25,63996,8500,11.89,0.13,4,False,0,0,0.13801113804949466
36,150000,7000,7.29,0.05,15,False,0,0,0.032321219268426446
30,105000,14000,11.49,0.13,6,False,0,0,0.08778181608307616
31,34000,5000,5.42,0.15,7,False,0,0,0.10730210896218874
22,17280,3500,0.0,0.2,4,True,1,0,0.18022043584082606
41,38200,8875,19.03,0.23,11,True,0,1,0.6939023268278849
22,32000,7500,0.0,0.23,3,True,0,0,0.1821049314620066
21,59800,5000,11.36,0.08,3,False,0,0,0.10113883455843363
29,45000,18250,14.27,0.41,6,False,1,1,0.6810316351629832
22,26400,1000,0.0,0.04,2,False,1,0,0.025305172668465194
22,64000,14000,13.23,0.22,3,True,0,0,0.39018664079929616
23,61000,2500,7.49,0.04,3,False,0,0,0.05134495435281119
22,84000,12000,11.99,0.14,3,False,0,0,0.1186780731857082
26,33000,4800,12.69,0.15,4,False,0,0,0.23153862361772906
22,33000,12500,14.26,0.38,4,True,0,1,0.8150346178554742
26,108000,24000,20.16,0.22,3,False,1,0,0.2740972474541374
29,56000,9200,6.03,0.16,9,False,0,0,0.09251892203916894
25,62393,20000,15.05,0.27,3,True,1,0,0.4833929158424565
23,92004,30000,15.23,0.33,3,True,1,0,0.46140047703673537
29,136000,10000,7.14,0.07,6,False,0,0,0.033897989882731495
23,35004,6000,0.0,0.17,2,False,0,0,0.06461568177674439
24,65200,3000,11.26,0.05,3,False,0,0,0.08439267257476582
28,53100,3000,0.0,0.06,9,False,1,0,0.025071461435889234
35,32000,7200,12.61,0.23,5,False,0,0,0.37289108771894164
23,23421,4500,17.99,0.19,3,True,1,1,0.6375036905663789
23,63000,5400,14.54,0.09,2,False,0,0,0.15314021677892287
24,61650,6500,6.03,0.11,4,False,0,0,0.06653560008365603
22,42000,4000,13.22,0.1,3,False,0,0,0.16415628583601585
41,48000,11000,7.66,0.23,15,False,0,0,0.19216062965972425
26,69000,10800,7.51,0.16,4,False,1,0,0.09688911015408487
27,59147,7000,11.26,0.12,5,False,0,0,0.13007191401859086
31,48000,1600,9.99,0.03,8,False,0,0,0.06946504947807454
37,24000,10000,9.76,0.42,13,False,1,1,0.7052021552403835
39,85000,5000,11.86,0.06,15,False,0,0,0.08458286684340843
36,48686,12000,13.99,0.25,13,False,0,0,0.3738839798871084
29,34444,5600,13.49,0.16,7,True,0,0,0.4020919293026279
37,68480,3600,15.23,0.05,11,True,0,0,0.2209940511362238
21,35000,4000,7.29,0.11,2,False,0,0,0.09555795337612179
32,103000,33000,18.64,0.32,6,False,1,0,0.336099543502202
22,23631,6000,0.0,0.25,3,False,0,0,0.13745331542838005
50,40000,8000,7.88,0.2,14,False,0,0,0.1874389001928808
30,36400,12000,10.65,0.33,9,False,1,0,0.4758820730385817
29,70000,20000,9.88,0.29,10,False,0,0,0.23126543715664977
26,87996,8000,6.91,0.09,3,False,0,0,0.05217255246107201
37,14400,3000,13.61,0.21,17,False,1,0,0.4223221152667672
28,51200,5000,11.14,0.1,10,False,0,0,0.121199956153345
31,72000,9000,15.96,0.13,5,True,1,0,0.33045500194625416
35,130000,12000,10.75,0.09,6,False,0,0,0.05851129312010596
39,30000,10375,8.9,0.35,13,False,0,1,0.5059983589723664
26,134000,30000,13.49,0.22,3,True,0,0,0.16705481160820185
29,90000,10000,12.21,0.11,7,False,0,0,0.10290650557469376
22,72000,15000,11.58,0.21,2,False,0,0,0.18349725240950057
22,65000,6000,0.0,0.09,2,False,0,0,0.02714440737293807
33,140000,9600,6.91,0.07,5,False,0,0,0.033886268337916366
28,60675,14000,15.62,0.23,10,True,1,0,0.4906980373700187
33,72250,25000,16.0,0.29,5,True,1,0,0.4843163252151079
23,75000,3000,0.0,0.04,2,False,0,0,0.01930158931303183
32,64000,10000,12.69,0.16,10,False,0,0,0.17999094927572504
25,18840,3000,9.91,0.16,2,False,1,0,0.21615358654023115
30,95000,5600,11.63,0.06,5,False,0,0,0.07736322187013717
30,50000,10000,6.62,0.2,7,False,0,0,0.13870229794784447
26,37500,10000,14.91,0.27,3,True,0,1,0.6484403321858118
23,32000,4000,7.68,0.13,3,False,0,0,0.12090752026580824
23,114000,8000,12.68,0.07,4,False,0,0,0.07755745979665796
27,78000,24000,10.99,0.31,10,False,1,0,0.2426308689276793
26,130000,6500,15.99,0.05,3,True,0,0,0.17444361108869308
39,100000,3000,7.14,0.03,11,False,0,0,0.03958630718164405
26,90000,1000,6.17,0.01,4,False,0,0,0.03294579731368237
26,109000,15000,6.99,0.14,4,False,0,0,0.052856342591437205
27,140987,6450,5.99,0.05,10,False,0,0,0.028911557318901934
23,150000,8000,6.91,0.05,2,False,0,0,0.028995438683016517
29,45000,4000,6.17,0.09,9,False,0,0,0.0680726139083958
34,48000,8400,11.71,0.17,8,False,0,0,0.2017640430225679
23,82500,5000,8.49,0.06,4,False,0,0,0.05647452464854755
33,82150,5000,7.51,0.06,5,False,0,0,0.05184724384721558
27,146000,2500,8.49,0.02,5,False,0,0,0.03691285060193136
45,52000,14000,0.0,0.27,16,False,0,0,0.1016354519163521
34,30000,4300,7.9,0.14,9,False,0,0,0.136024262350837
26,75000,4000,12.99,0.05,2,False,0,0,0.09532866418042996
28,61000,6300,13.61,0.1,9,True,0,0,0.24509715057227893
22,32000,3000,6.99,0.09,4,False,0,0,0.08176574587898651
22,40000,10000,7.14,0.25,4,False,0,0,0.22392518496153657
22,72000,8000,7.9,0.11,4,False,0,0,0.07315971610693647
28,140000,7400,6.03,0.05,9,False,0,0,0.027721897557961474
28,60000,7000,11.11,0.12,5,False,0,0,0.12803500239308535
47,80004,7000,0.0,0.09,15,False,0,0,0.025470837482117644
33,55259,11200,17.49,0.2,5,False,0,0,0.3687482773094651
32,36000,4900,13.22,0.14,10,False,0,0,0.2229932910606687
33,42597,9000,10.37,0.21,5,False,0,0,0.23986197639744197
32,32678,3075,15.23,0.09,6,False,0,0,0.2034913224983522
32,98056,6000,8.88,0.06,9,False,0,0,0.0539780370753944
24,23000,1600,0.0,0.07,2,True,0,0,0.06221353106582959
24,86000,16000,11.12,0.19,3,False,0,0,0.13530077127887452
25,69000,9600,7.49,0.14,3,False,0,0,0.08603732054876595
23,90000,5000,15.96,0.06,3,True,0,0,0.22339037418098515
67,200000,3000,10.28,0.01,26,False,0,0,0.03649486707093344
23,75000,6000,6.03,0.08,4,False,0,0,0.0492880689646413
25,46000,6000,10.99,0.13,3,False,1,0,0.15058431278024528
37,35000,7000,16.77,0.2,17,False,1,0,0.4183319269156101
30,42564,15000,10.75,0.35,6,False,1,0,0.48086040883798803
27,45000,10000,7.51,0.22,5,False,0,0,0.1822965702157357
22,110000,6400,9.32,0.06,4,False,0,0,0.05263272225677336
30,100000,1000,6.76,0.01,6,False,0,0,0.034537023637368075
22,64312,5000,14.91,0.08,4,True,0,0,0.24986565359477594
34,65000,11200,7.88,0.17,6,False,0,0,0.11150306454519614
27,140000,24100,11.83,0.17,10,False,0,0,0.06595681354795628
38,35000,5000,9.99,0.14,14,False,0,0,0.1613683212218969
22,44500,16750,10.75,0.38,4,False,1,1,0.5227182128607807
22,57000,3500,12.61,0.06,2,True,0,0,0.18739703894560542
32,45000,6000,7.49,0.13,6,False,0,0,0.10425023563614727
30,25000,3500,11.11,0.14,6,False,0,0,0.2001419070881282
24,61200,2500,0.0,0.04,4,False,1,0,0.02072312694842236
25,123144,12000,10.75,0.1,2,False,0,0,0.0643477857595016
21,36000,11000,5.42,0.31,3,False,0,0,0.28848754120090236
23,25000,8500,6.03,0.34,3,False,1,0,0.4185844027666783
22,58000,11050,6.54,0.19,4,False,0,0,0.1145505315073966
22,21000,8000,16.77,0.38,2,True,1,1,0.8926750104902077
24,57996,2400,11.89,0.04,4,False,0,0,0.08715205161596024
25,50606,6200,0.0,0.12,4,False,0,0,0.037743857664883564
23,83600,15000,8.49,0.18,3,False,1,0,0.09799994557540366
33,40000,5000,7.51,0.13,8,False,0,0,0.1116618771497942
32,56784,12000,14.96,0.21,10,True,0,0,0.45698034829947687
38,23868,7750,12.53,0.32,14,False,1,1,0.5867920842873903
23,60000,5400,7.49,0.09,3,False,0,0,0.06996890198231878
25,110000,15600,15.33,0.14,4,True,0,0,0.22631361769018155
31,93900,24000,16.08,0.26,6,True,1,0,0.4075386323764199
31,48000,6600,7.14,0.14,5,False,0,0,0.10519912995921323
26,34200,6400,17.49,0.19,3,True,1,1,0.5892680704872386
22,52000,20000,13.99,0.38,3,True,0,1,0.7174401836204798
26,234000,21600,12.18,0.09,3,False,0,0,0.028031105814722245
30,223800,25000,11.83,0.11,9,False,1,0,0.02741858446009675
33,49548,2800,12.84,0.06,8,False,0,0,0.11844670230934995
23,54000,13275,17.58,0.25,2,True,0,1,0.6187508986097999
27,84000,2500,14.59,0.03,9,False,1,0,0.09907142270086101
23,74000,6000,5.79,0.08,3,False,0,0,0.04819284728186103
31,35000,3425,13.43,0.1,7,True,0,0,0.2951935348537161
42,150000,16000,8.49,0.11,12,False,0,0,0.04050784721520176
24,78000,3500,11.83,0.04,3,False,1,0,0.07687498875563686
43,75000,12000,7.9,0.16,16,False,0,0,0.09482376918713205
24,100000,5000,0.0,0.05,3,False,0,0,0.017450269169431203
38,105000,12350,6.62,0.12,11,False,0,0,0.05023415906366366
34,357000,14000,18.64,0.04,9,True,0,0,0.07503944869948002
25,65000,7000,11.66,0.11,4,True,0,0,0.21101937802727438
39,37000,5000,0.0,0.14,17,False,0,0,0.05152738716292067
22,96000,6000,13.49,0.06,3,False,0,0,0.09157617826601652
40,150000,12000,10.37,0.08,12,False,0,0,0.04771714805211664
30,83203,14100,6.03,0.17,8,False,0,0,0.07148139417296275
21,18000,1500,12.18,0.08,3,False,1,0,0.15035705172343106
41,46152,14525,11.11,0.31,16,False,1,0,0.39868538574251927
23,55000,11075,13.49,0.2,3,False,0,0,0.25759683103658787
25,58560,5000,10.59,0.09,4,False,0,0,0.10286319925642165
25,57840,13600,9.99,0.24,2,False,0,0,0.22305344954509512
23,90000,12000,12.18,0.13,4,False,0,0,0.10898435079890972
31,45000,6000,9.32,0.13,9,False,0,0,0.12624429447309254
29,54996,3600,9.63,0.07,5,False,0,0,0.08473598511603626
29,92250,13000,10.99,0.14,9,False,0,0,0.09855290948745683
45,45000,14000,6.62,0.31,12,False,0,0,0.286759328371054
22,37342,4500,11.03,0.12,2,True,0,0,0.25767236839645125
26,51000,12500,14.18,0.25,4,False,1,0,0.3692189460740832
22,57600,6500,7.49,0.11,3,False,0,0,0.07953236417669139
34,64000,7200,7.29,0.11,7,False,0,0,0.07524147926186435
27,42000,5950,5.99,0.14,5,False,0,0,0.09626843550143915
22,26232,6000,6.03,0.23,2,False,0,0,0.21626896866549652
23,50000,3000,0.0,0.06,2,True,0,0,0.04785446214360465
25,30000,4000,7.14,0.13,2,False,0,0,0.11558383785464496
26,53000,6800,9.91,0.13,4,False,0,0,0.12599578040258477
27,59000,6000,11.83,0.1,5,False,0,0,0.1225369636442358
33,40000,3000,5.42,0.07,10,False,0,0,0.056039546019649694
23,69996,13000,11.58,0.19,3,False,0,0,0.17291605677818803
22,53000,8000,16.07,0.15,4,True,0,0,0.4023142200778447
21,41000,7000,5.79,0.17,2,False,0,0,0.11563319206308645
25,19000,4000,7.4,0.21,4,False,1,0,0.23732209762595433
24,79000,8000,5.99,0.1,3,False,0,0,0.05255724946528621
34,28800,7200,11.99,0.25,10,False,1,0,0.40006289306547677
35,80000,15000,15.99,0.19,5,True,0,0,0.38284680020107015
23,78000,20000,18.25,0.26,2,True,1,1,0.5447392484857287
24,95000,16000,15.33,0.17,3,False,0,0,0.17394469626325185
24,35556,13000,5.79,0.37,2,False,0,0,0.41106651651791964
27,72000,15250,13.16,0.21,5,True,0,0,0.3435214584830584
47,79500,16000,7.51,0.2,13,False,0,0,0.10544443835942913
23,57000,10000,11.48,0.18,4,False,0,0,0.18912117150477764
28,38000,3200,9.63,0.08,6,False,0,0,0.09922325922453798
24,51000,9000,5.79,0.18,3,False,0,0,0.11090954849002782
23,30000,5000,10.38,0.17,4,False,0,0,0.21406686068608377
24,98004,16000,16.32,0.16,2,False,1,0,0.17637330803044934
30,11440,1750,12.73,0.15,5,True,0,0,0.4322952094495566
32,29500,7000,10.0,0.24,9,False,1,0,0.3210320452218457
25,65000,6000,13.06,0.09,3,True,0,0,0.21749127112564365
25,115000,19000,13.49,0.17,4,True,0,0,0.20068420200339443
22,14400,2100,14.83,0.15,3,False,1,0,0.3281917020953051
26,175000,2600,8.9,0.01,4,False,0,0,0.031935685346806165
24,42252,8000,12.84,0.19,2,False,0,0,0.2680736698659222
36,24168,9925,13.06,0.41,13,False,1,1,0.7659644690730913
21,40000,1775,6.54,0.04,3,False,0,0,0.050700540524207735
26,65935,24250,14.96,0.37,4,False,1,1,0.5007779091522939
25,85000,2800,7.49,0.03,3,False,0,0,0.04283259500740416
33,100000,25000,11.66,0.25,9,False,0,0,0.14587411098513645
22,55000,2200,5.79,0.04,4,False,0,0,0.043176713954114716
26,56004,10000,9.32,0.18,3,False,0,0,0.1532105263129846
28,54000,11500,7.88,0.21,6,False,0,0,0.15762858198996849
27,55200,4000,6.76,0.07,6,False,0,0,0.058712690184579454
29,69000,11000,14.61,0.16,5,True,0,0,0.33342579973421915
22,30000,5300,17.99,0.18,4,True,1,1,0.5955262535388686
23,60000,7000,5.79,0.12,3,False,0,0,0.06939508908324143
26,30000,6000,15.45,0.2,4,False,1,0,0.39797050174096366
22,53774,8600,19.42,0.16,2,False,1,0,0.3628661121661876
24,105000,3000,0.0,0.03,3,True,0,0,0.03014107900821199
22,23000,2400,9.63,0.1,4,False,0,0,0.12774284479424228
39,85000,10000,9.32,0.12,16,False,0,0,0.08280013230811933
22,56324,12400,10.74,0.22,4,False,0,0,0.21521543548334116
34,45000,7000,11.86,0.16,8,False,0,0,0.2039485917503778
28,80000,21000,11.36,0.26,10,False,0,0,0.19545686430036932
23,80400,9000,7.51,0.11,2,False,0,0,0.06496998802745713
22,48000,5000,6.03,0.1,4,False,0,0,0.06833177178040963
29,45000,10000,7.88,0.22,10,False,0,0,0.18791594464020378
29,126000,15000,7.88,0.12,8,False,0,0,0.04593639628298967
24,32000,1500,13.92,0.05,4,True,0,0,0.2315859890561428
22,39000,7200,9.45,0.18,3,False,1,0,0.18534449947167123
24,34860,2000,0.0,0.06,2,False,0,0,0.028428678690120356
27,30000,10000,12.68,0.33,9,False,1,1,0.572163113597301
27,39996,9600,0.0,0.24,9,False,1,0,0.09861313178165804
31,40000,14000,6.03,0.35,10,False,0,0,0.3525216042269026
29,80000,5000,15.21,0.06,6,False,0,0,0.12441982124322244
25,120000,10000,6.62,0.08,3,False,0,0,0.03673690667805597
26,33600,2000,0.0,0.06,2,True,0,0,0.0538759882070235
28,34000,10000,14.74,0.29,9,False,0,1,0.5340750551109782
21,12360,5000,10.75,0.4,4,False,1,1,0.7525473161156028
30,38000,6000,11.58,0.16,7,False,0,0,0.2102296936897607
23,45000,16000,16.45,0.36,4,True,1,1,0.7869156772422742
22,33600,5000,18.25,0.15,2,False,0,0,0.37181925049698655
28,28320,8700,14.61,0.31,8,False,1,1,0.6041571489764872
27,110000,16000,15.27,0.15,8,False,0,0,0.1392802348794127
24,88000,15000,10.2,0.17,4,False,1,0,0.10715851861591516
38,34296,12000,0.0,0.35,12,True,0,0,0.3658180629163786
31,55000,5000,12.18,0.09,8,False,0,0,0.1248726966272846
24,45000,1500,0.0,0.03,2,False,0,0,0.021124109680933697
22,62000,13200,0.0,0.21,4,False,0,0,0.05690119878497902
22,68500,12000,0.0,0.18,4,False,0,0,0.044887679999209645
22,25000,2050,10.59,0.08,2,False,0,0,0.12123041735127196
22,107004,10000,7.29,0.09,3,False,0,0,0.045218878198604186
21,44500,5000,13.87,0.11,3,True,0,0,0.29663027159036703
22,60000,6125,6.17,0.1,3,False,0,0,0.0629907605977244
26,85000,2750,9.33,0.03,3,False,1,0,0.0536783794631021
42,97600,7000,8.9,0.07,13,False,0,0,0.05740576482073265
31,30000,7200,0.0,0.24,10,False,1,0,0.11683023944879728
30,77000,25000,10.75,0.32,8,False,1,0,0.24808321254718568
25,75000,1500,6.54,0.02,4,False,0,0,0.03850940814160981
25,42360,25000,16.35,0.59,3,True,1,1,0.955975077154714
38,46000,12000,9.91,0.26,16,False,0,0,0.2849185727534317
22,44004,11000,15.68,0.25,4,False,1,0,0.4385956535933718
26,54000,5000,6.62,0.09,2,False,0,0,0.06669130202186661
23,30000,5000,0.0,0.17,3,False,0,0,0.06925105232746909
34,70000,10000,10.99,0.14,9,False,0,0,0.12561920746437968
22,62000,7500,13.87,0.12,3,False,0,0,0.16466242261358083
23,60000,8000,11.14,0.13,3,False,0,0,0.13169958537515206
24,32000,12000,7.29,0.38,2,False,1,1,0.5004667696208022
47,52000,12000,7.29,0.23,13,False,0,0,0.1780696385973622
23,46000,6800,15.65,0.15,4,True,1,0,0.41366404694803527
26,110000,17000,8.88,0.15,4,False,0,0,0.06452976957196514
24,45996,13000,13.47,0.28,2,True,1,1,0.5787283737587167
28,64000,12000,6.03,0.19,8,False,0,0,0.10167617653784096
34,222000,13000,8.49,0.06,7,False,0,0,0.02341708110524885
24,57600,2500,14.72,0.04,3,True,0,0,0.20733846211265491
21,38500,6500,7.51,0.17,3,False,0,0,0.14388704381155817
23,25200,8000,12.73,0.32,4,False,1,1,0.5833239950418956
24,150000,15000,0.0,0.1,2,False,0,0,0.013406641180167489
23,60000,3600,9.99,0.06,2,False,0,0,0.07852076530290779
24,37000,5000,16.45,0.14,3,False,1,0,0.2977448938038187
35,78252,30000,17.58,0.38,8,False,0,1,0.5146374522613474
23,36000,8000,7.51,0.22,2,False,0,0,0.2053100110060256
28,44004,6000,13.06,0.14,10,True,0,0,0.32724816908246945
23,168600,20000,11.58,0.12,3,False,0,0,0.04657967661632238
26,93000,6000,10.99,0.06,3,False,0,0,0.07015609379705127
25,110004,15000,7.66,0.14,4,False,0,0,0.05686008986273517
28,30416,7000,14.96,0.23,7,True,1,1,0.602606532372005
24,100000,6000,5.79,0.06,2,False,0,0,0.03688223907389179
25,54499,12000,9.63,0.22,4,False,0,0,0.19906908059248632
24,19764,4800,13.61,0.24,3,True,1,1,0.6262328951131074
21,57996,10000,9.25,0.17,4,False,0,0,0.1363385350262762
23,50000,10000,7.51,0.2,3,False,0,0,0.15111131566733826
30,43000,5000,9.62,0.12,9,False,0,0,0.12636948929809078
27,54000,9600,12.17,0.18,9,True,1,0,0.33572285056114826
25,90000,6000,7.74,0.07,4,False,0,0,0.05275990645861712
25,26500,3000,10.62,0.11,3,False,0,0,0.15048092750564074
26,135000,24000,12.99,0.18,2,False,0,0,0.08628222068271427
23,35000,4500,10.59,0.13,2,False,0,0,0.16025772076898656
23,34000,2525,13.12,0.07,3,False,1,0,0.1391299398566022
35,175000,16000,11.49,0.09,10,False,0,0,0.043547657967567356
27,81000,9000,13.43,0.11,9,True,0,0,0.2174697817594875
28,51000,16000,16.32,0.31,9,True,1,1,0.6831721383953603
22,12000,1500,6.99,0.13,2,False,0,0,0.13556833176524521
25,75000,11250,0.0,0.15,3,False,0,0,0.03484251826585124
28,55000,20000,7.49,0.36,6,False,0,0,0.323508401694358
25,24000,5000,6.92,0.21,4,False,0,0,0.2133226321448634
24,30000,6000,7.51,0.2,3,False,0,0,0.1958078117044926
21,32000,6000,5.42,0.19,4,False,0,0,0.14241355494946337
29,250000,8000,7.51,0.03,10,False,0,0,0.018568817819944978
22,90000,12000,0.0,0.13,4,False,0,0,0.025804491687899257
35,93000,12000,9.99,0.13,5,False,0,0,0.08729058158067378
26,57000,12000,13.49,0.21,2,True,0,0,0.41277322236064967
38,65000,10000,13.49,0.15,12,False,0,0,0.1815619678146335
33,60000,2500,10.83,0.04,8,False,0,0,0.07754688449146396
29,120000,20000,11.71,0.17,5,False,0,0,0.0889298756485079
29,75000,14400,13.92,0.19,9,False,0,0,0.2022517835401019
24,20352,7750,6.91,0.38,3,False,0,1,0.5619129752657207
23,41000,9500,7.88,0.23,2,False,0,0,0.21175252632837896
30,61000,4800,14.79,0.08,10,False,0,0,0.14959184263638908
25,45000,3000,6.17,0.07,4,False,0,0,0.05982298061653019
30,88800,7000,6.62,0.08,6,False,0,0,0.048619023736988155
23,41000,3000,11.03,0.07,4,True,0,0,0.18472417614164954
28,71000,3200,14.61,0.05,5,True,1,0,0.20863994208551417
22,52000,18000,13.85,0.35,4,True,1,1,0.6750952283280751
22,34000,18250,10.25,0.54,3,False,1,1,0.8299086499602752
25,78000,12000,14.09,0.15,3,True,1,0,0.27759190368597597
23,52000,9250,13.16,0.18,3,False,0,0,0.23508139959916602
23,32004,12300,0.0,0.38,3,True,1,0,0.42997799109185897
45,75000,15000,0.0,0.2,12,False,0,0,0.04710092735928929
25,58000,10400,12.18,0.18,2,False,0,0,0.20062057395901475
28,50000,15200,10.25,0.3,10,False,0,0,0.3320637877496749
31,23766,1800,13.06,0.08,7,False,0,0,0.1628829250453391
25,51000,5500,16.77,0.11,2,True,1,0,0.3694263562891292
23,72000,5975,0.0,0.08,3,False,0,0,0.024109408423743844
38,61450,12500,7.49,0.2,16,False,0,0,0.1291511067225713
23,24000,12000,0.0,0.5,4,False,0,1,0.5775571687276021
26,48000,10000,7.74,0.21,2,False,0,0,0.17131541748680307
30,110000,12000,10.74,0.11,8,False,0,0,0.07332377847783275
24,50000,2000,0.0,0.04,2,False,0,0,0.022266700631313734
23,115000,10000,10.59,0.09,2,False,0,0,0.06563568364833229
22,53000,2500,7.4,0.05,3,False,0,0,0.057081732943080346
27,65000,5000,13.99,0.08,9,True,0,0,0.228706625384232
24,23500,7000,10.38,0.3,3,False,0,0,0.4784858972695196
22,78700,14000,13.48,0.18,3,True,0,0,0.29613223534011035
26,80000,15000,16.07,0.19,2,True,0,0,0.38015273565879604
28,15000,4800,10.99,0.32,8,False,1,1,0.587042046710978
31,103000,14000,9.91,0.14,7,False,0,0,0.08079522341084844
23,38000,7500,7.88,0.2,4,False,0,0,0.1838058070069804
37,60000,14400,10.62,0.24,15,False,0,0,0.22702118492607604
23,60000,10750,7.88,0.18,3,False,0,0,0.12353881755742507
28,72000,6000,7.88,0.08,10,False,0,0,0.06180994459623445
22,29000,6400,0.0,0.22,4,True,0,0,0.17814053832802515
31,56000,7000,7.29,0.13,8,False,0,0,0.09256252077541267
44,26500,6200,6.03,0.23,16,False,0,0,0.21932814967399777
23,48000,6000,12.87,0.13,2,True,0,0,0.29947737587125767
27,45000,10000,0.0,0.22,9,False,0,0,0.079083457049843
24,36000,3250,6.39,0.09,2,False,0,0,0.07524456135669536
21,50000,7000,15.27,0.14,4,True,0,0,0.3706796307056446
28,25000,9750,18.25,0.39,6,True,1,1,0.9082419909830729
23,55000,6800,11.49,0.12,2,False,0,0,0.13587664092065554
35,70000,17000,9.88,0.24,6,False,0,0,0.18428112333676583
23,58800,3000,10.36,0.05,3,False,1,0,0.07730531826936114
38,70000,9250,7.51,0.13,17,False,0,0,0.07995009374921175
24,79200,6500,11.78,0.08,3,True,1,0,0.16497364434147643
26,70000,12000,6.99,0.17,3,False,0,0,0.09361997467214186
27,66000,20000,12.21,0.3,5,False,1,0,0.3129519386819803
22,60000,9000,7.14,0.15,4,False,0,0,0.09502611286809119
23,64500,10000,12.18,0.16,4,False,0,0,0.16885202217029005
24,35000,1800,7.14,0.05,2,False,0,0,0.06147883806761875
30,65000,16000,13.06,0.25,8,False,0,0,0.281992860891093
40,38000,11000,10.37,0.29,11,False,0,0,0.38927831254302603
30,60000,12000,10.99,0.2,10,False,0,0,0.1910922908886698
25,76000,5000,8.9,0.07,2,False,0,0,0.06727575702184178
30,90000,6000,10.38,0.07,8,False,0,0,0.07225842808502267
26,62000,4000,13.06,0.06,2,True,0,0,0.19097832549097857
22,42000,5000,8.9,0.12,4,False,0,0,0.11588217297773075
24,38004,3000,13.35,0.08,2,True,0,0,0.2547163543952861
25,63000,20000,8.49,0.32,4,False,0,0,0.26016458132488335
44,99000,8000,9.25,0.08,14,False,0,0,0.0620377884441084
31,28800,5000,9.25,0.17,7,False,0,0,0.19461387153298892
25,120000,10000,20.99,0.08,4,False,0,0,0.187120357567492
29,47000,5000,9.76,0.11,10,False,0,0,0.11544819364207029
26,75000,9600,5.42,0.13,3,False,0,0,0.06070013803885684
23,52692,3500,12.23,0.07,4,True,0,0,0.19735845473596988
25,25000,2000,10.99,0.08,3,False,0,0,0.12780659569619313
37,39870,10000,10.65,0.25,14,False,0,0,0.31369522280330864
21,12720,7500,7.05,0.59,4,False,1,1,0.917407705397579
28,52260,9000,7.51,0.17,7,False,0,0,0.12241797626080575
31,80000,12400,9.99,0.15,6,False,0,0,0.10480109782669543
22,50000,15000,6.03,0.3,2,False,0,0,0.22959876787882522
22,74000,2500,6.62,0.03,3,False,0,0,0.0402356293014524
23,74415,6350,12.92,0.09,3,True,1,0,0.20475696719484812
35,24996,5000,8.49,0.2,6,False,0,0,0.23431757598251438
26,69000,25000,0.0,0.36,3,False,1,0,0.11659365547892771
22,49000,8000,10.25,0.16,4,False,1,0,0.15891182339254883
35,90000,4800,9.99,0.05,5,False,0,0,0.06282617125482168
26,64700,17500,0.0,0.27,2,True,0,0,0.14179091004245306
22,45900,6400,8.59,0.14,3,False,0,0,0.12296936591627977
27,17000,1000,7.29,0.06,5,False,0,0,0.07600589195813513
33,144000,5000,8.9,0.03,10,False,0,0,0.03728162959948834
22,39336,3500,5.42,0.09,2,False,0,0,0.0651681951115726
35,47400,14000,14.42,0.3,7,False,1,0,0.4848469185511423
27,85000,5500,11.36,0.06,9,False,0,0,0.07606278090389448
28,48000,8000,16.77,0.17,9,True,0,0,0.4785715426554414
25,70200,18000,16.45,0.26,3,True,0,1,0.5262940513901304
23,38400,2000,0.0,0.05,2,False,0,0,0.025402562794280024
35,84996,17000,7.88,0.2,6,False,0,0,0.10066953502627364
32,32000,7000,14.91,0.22,9,True,1,1,0.5772805948737693
27,29120,4000,10.75,0.14,5,False,0,0,0.18517673783869865
30,55000,17000,0.0,0.31,9,False,1,0,0.11930510088575375
40,50000,12000,0.0,0.24,17,False,0,0,0.08526558750277877
23,73000,6000,12.53,0.08,4,False,0,0,0.10541888098803813
27,39996,10000,15.37,0.25,8,True,0,1,0.6101082791135719
26,80000,7000,6.03,0.09,4,False,0,0,0.05088691739410724
24,45000,7200,7.29,0.16,4,False,0,0,0.1225547771038982
27,39480,7200,13.79,0.18,7,False,0,0,0.2821622621748304
27,45000,12000,6.03,0.27,5,False,0,0,0.213286830117197
33,21000,7750,11.83,0.37,7,False,0,1,0.6858880909059485
28,60000,10000,6.54,0.17,6,False,0,0,0.10206926581151471
24,52739,8000,9.38,0.15,2,False,0,0,0.13297252990686553
27,34900,5000,16.7,0.14,9,True,1,0,0.4566250822467237
36,144000,7600,15.23,0.05,16,False,0,0,0.08132383242707138
27,34000,8875,10.65,0.26,9,False,1,0,0.3514260235987865
21,48000,3000,9.76,0.06,4,False,0,0,0.08098672395442978
36,65000,6500,5.79,0.1,12,False,0,0,0.05913069092504661
42,160000,6000,10.65,0.04,17,False,0,0,0.04583327232792835
28,56100,20000,14.59,0.3,5,True,1,1,0.5504265512666051
24,48000,10400,7.37,0.22,3,False,0,0,0.1741375117273176
29,148410,11200,16.89,0.06,9,True,1,0,0.15482532189598217
24,32500,4000,16.29,0.12,3,True,0,0,0.413658919899685
22,18000,3000,11.86,0.17,2,False,1,0,0.2787311104184223
22,37212,20000,16.69,0.54,3,False,1,1,0.906748377394568
23,34800,5000,10.99,0.14,2,False,1,0,0.1772012833483296
38,59475,18125,14.84,0.26,13,True,1,0,0.4858928883387313
25,73000,10000,7.88,0.14,4,False,0,0,0.08668381791657061
22,125004,30000,7.9,0.24,2,False,0,0,0.0605405355852161
31,38000,14000,9.91,0.37,5,False,0,1,0.5255268519479783
23,75000,12000,9.62,0.16,2,False,0,0,0.11257395820864939
31,55000,12000,13.23,0.22,10,False,0,0,0.2806783451086622
23,43949,3000,11.49,0.07,2,False,0,0,0.11056064135978484
26,54000,10800,7.88,0.2,3,False,0,0,0.15044161912890192
23,65000,7500,8.59,0.12,3,False,0,0,0.09179107276231006
47,31400,6500,9.32,0.21,16,False,0,0,0.25301503407866394
25,88000,25000,14.96,0.28,4,False,1,0,0.2642026187961985
23,55000,3850,5.42,0.07,2,False,0,0,0.05051306802320111
26,130000,4550,13.57,0.04,4,True,0,0,0.13677446973181115
38,60000,5000,14.79,0.08,17,True,0,0,0.2522253241630091
23,25000,10625,11.71,0.42,3,False,1,1,0.7424640838168167
36,45000,10000,15.99,0.22,14,False,0,0,0.3927218458024693
55,78000,8000,0.0,0.1,29,False,1,0,0.026195433205310065
25,36000,14500,14.54,0.4,2,True,1,1,0.8326027850023008
23,40000,7000,8.88,0.17,3,False,0,0,0.16243164108024838
27,65000,28000,7.9,0.43,6,False,1,0,0.37593388426200847
22,54000,16000,7.51,0.3,2,False,1,0,0.24987399178499653
22,38628,4800,9.99,0.12,4,False,0,0,0.13328616144479524
26,41000,3000,12.42,0.07,3,False,0,0,0.124364121282019
24,44000,2800,14.17,0.06,2,False,1,0,0.13772301926062996
31,40500,12500,13.61,0.31,7,False,1,1,0.5097381323651224
29,65000,9600,5.79,0.15,5,False,0,0,0.07907647480825448
33,45000,12000,7.88,0.27,5,False,0,0,0.25871207729357826
22,31000,5000,10.62,0.16,4,False,0,0,0.20134598902939016
21,70000,9800,7.14,0.14,4,False,0,0,0.08021981215653716
47,100000,2500,9.99,0.03,16,False,0,0,0.05789264507426308
52,75400,6125,7.74,0.08,18,False,0,0,0.06303501691646776
23,75000,12000,9.91,0.16,2,False,0,0,0.11625622364805925
33,100000,15000,11.71,0.15,9,False,0,0,0.10374970504081166
30,81004,10000,6.91,0.12,9,False,0,0,0.06282221160172778
23,39000,15000,15.28,0.38,3,False,1,1,0.6878868755193303
29,130000,6000,13.04,0.05,9,True,0,0,0.12983233238710412
31,47700,12000,11.99,0.25,6,False,0,0,0.3191103081980487
24,67000,20000,13.48,0.3,2,True,0,1,0.5059104538766804
27,55000,10000,10.25,0.18,5,False,0,0,0.16899346082825878
26,150000,25000,9.99,0.17,4,False,0,0,0.04959800176018106
26,135660,25000,12.53,0.18,4,False,0,0,0.07675485129186868
66,40000,7000,15.68,0.17,29,True,1,0,0.4829756482411977
22,77250,4000,11.71,0.05,3,False,0,0,0.08054401362768493
24,80000,4400,19.03,0.06,2,True,0,0,0.3131598008403982
23,72000,19000,10.99,0.26,4,False,0,0,0.21232546601413954
23,75000,3000,14.11,0.04,3,False,0,0,0.10312743700704868
22,90000,6400,9.88,0.07,3,False,0,0,0.06591353409774019
23,116000,15825,15.62,0.14,4,True,0,0,0.22564290806851883
28,34000,5000,7.9,0.15,5,False,1,0,0.14042803500821713
22,100000,15000,13.85,0.15,3,False,0,0,0.12934319043067746
22,110000,20000,12.41,0.18,2,False,0,0,0.10713263136416014
25,24000,3500,15.58,0.15,2,True,1,0,0.48229017338696517
22,69000,7800,12.41,0.11,3,True,0,0,0.21519387171509963
25,36000,15000,15.05,0.42,2,True,1,1,0.8628190454310635
31,168000,15500,9.25,0.09,9,False,0,0,0.03464487321734365
24,83000,35000,8.9,0.42,2,False,1,0,0.27557089108523763
28,45000,3600,16.29,0.08,7,False,0,0,0.19440121968298776
28,75000,20000,13.49,0.27,5,False,0,0,0.27811244453560374
40,66000,15575,14.27,0.24,13,True,0,0,0.4532409284090247
31,67000,3000,10.65,0.04,9,False,0,0,0.07161312280918518
25,57120,25000,10.99,0.44,4,False,0,1,0.5473013392542648
30,102540,1500,7.9,0.01,10,False,0,0,0.03771084538428106
32,150000,7800,11.86,0.05,9,False,0,0,0.05365828368665061
24,65000,11000,11.49,0.17,2,False,0,0,0.16348653090413073
28,75000,5000,7.88,0.07,6,False,0,0,0.05972903538252153
25,79700,10000,0.0,0.13,4,False,0,0,0.030328816072835305
33,60000,7000,7.14,0.12,10,False,0,0,0.08205494872641438
26,75000,5000,9.91,0.07,3,False,0,0,0.07591202447945923
32,155004,15000,8.49,0.1,8,False,0,0,0.03760129942425989
42,55308,2000,11.49,0.04,15,False,0,0,0.08794733462372542
28,48528,10000,6.99,0.21,9,False,0,0,0.15609642672817056
26,64992,4000,9.63,0.06,4,False,0,0,0.0727971662164874
22,28800,8875,8.9,0.31,3,False,0,0,0.4231778987909543
29,60000,1500,12.87,0.03,9,False,0,0,0.09304475516902047
24,85000,35000,0.0,0.41,2,False,0,0,0.10073097954973455
33,116000,5000,12.99,0.04,5,False,1,0,0.07371942598878384
22,45000,7000,8.94,0.16,3,False,0,0,0.14765252896783618
26,30000,6000,0.0,0.2,2,True,1,0,0.15591255261574363
22,126000,3600,15.99,0.03,3,False,0,0,0.09673407862270927
27,75000,21000,15.2,0.28,8,False,0,0,0.3289184493589628
26,53000,20000,16.35,0.38,4,True,1,1,0.7746770789693952
32,39000,16700,7.51,0.43,8,False,0,1,0.55749359780134
27,24000,2150,14.72,0.09,7,False,0,0,0.20356300275267822
27,73580,19950,14.96,0.27,7,False,0,0,0.3160907737468348
41,210000,7500,6.03,0.04,14,False,0,0,0.020571835733089832
24,21000,6000,12.21,0.29,2,False,0,1,0.5287311017831967
27,15600,2800,10.65,0.18,7,False,1,0,0.2728055050072232
38,30000,10000,11.22,0.33,17,True,0,1,0.6845726322836859
34,18000,6000,0.0,0.33,7,False,1,0,0.2720713278489824
34,35000,15000,10.99,0.43,10,False,1,1,0.6866776552288176
23,75000,6000,8.0,0.08,2,False,0,0,0.06260654287580468
30,43500,3000,12.42,0.07,10,False,0,0,0.12255150390209535
35,40000,6000,0.0,0.15,7,False,0,0,0.05392385061296834
31,35004,2700,13.49,0.08,5,False,0,0,0.1586583107711666
22,70000,12000,12.53,0.17,2,False,0,0,0.16987492682093805
26,72000,5000,7.49,0.07,4,False,0,0,0.05754263448789204
27,26880,3000,5.79,0.11,10,False,0,0,0.08683484254965639
25,69000,25000,6.99,0.36,2,False,0,0,0.24061372883113274
23,70000,11000,7.14,0.16,4,False,0,0,0.09075202651109847
23,80000,8000,15.68,0.1,4,False,0,0,0.15612174759999534
35,48000,2000,11.97,0.04,10,False,0,0,0.09421916114332282
27,119000,30000,18.25,0.25,7,False,1,0,0.2102494233328485
25,75000,6000,6.92,0.08,2,False,0,0,0.05547846955782
24,72000,20000,14.74,0.28,3,True,0,0,0.49017571509278945
23,45000,16750,12.53,0.37,3,True,0,1,0.7054058485231852
26,165000,20000,13.22,0.12,2,True,0,0,0.10590513897735823
26,45928,6000,7.9,0.13,4,False,1,0,0.10747487433054032
34,113900,35000,18.64,0.26,10,False,1,0,0.19021517190019724
37,53000,15600,0.0,0.29,15,False,0,0,0.10877361186476715
33,75000,25000,10.65,0.33,7,False,0,0,0.26881551074684545
27,106000,3600,14.27,0.03,5,False,0,0,0.0851986910708165
42,66000,11200,5.79,0.17,12,False,0,0,0.08848494319247631
24,40000,10000,9.88,0.25,2,False,0,0,0.2918862551003211
22,72000,10800,6.91,0.15,3,False,0,0,0.08102337758678665
28,67386,1500,6.91,0.02,6,False,0,0,0.041387616150451285
39,36000,6000,8.49,0.17,14,False,0,0,0.16868667883288738
21,64424,5000,6.03,0.08,4,False,0,0,0.05361318261611552
26,45000,8000,6.99,0.18,2,False,0,0,0.13701588121542452
29,64000,4900,0.0,0.08,10,True,0,0,0.04946054322465416
22,37000,2000,14.27,0.05,2,True,0,0,0.23096712639535977
23,45000,8000,10.51,0.18,4,False,0,0,0.19530306861379762
25,85000,4000,7.88,0.05,3,False,0,0,0.050698713090794004
24,112500,8600,13.11,0.08,4,False,0,0,0.08708170840328838
27,75600,25000,13.61,0.33,6,False,0,0,0.3431857827154256
26,50000,17200,7.51,0.34,4,False,0,0,0.3209272965352092
34,50000,4800,0.0,0.1,10,False,0,0,0.03421115610438805
23,27996,5500,12.53,0.2,2,False,0,0,0.3215374560054742
28,40000,7000,8.59,0.17,10,False,0,0,0.15686264250051263
30,232050,25000,17.93,0.09,9,True,1,0,0.08489345587983839
24,40000,12000,6.03,0.3,4,False,0,0,0.2701173664418212
25,43000,12000,13.16,0.28,2,True,0,1,0.587363486005276
26,49995,10000,11.71,0.2,3,False,0,0,0.23340558172588674
30,49777,6000,14.54,0.12,6,False,1,0,0.19933450400075764
22,84996,15000,11.48,0.18,2,False,0,0,0.1359064820610319
34,84000,2400,7.49,0.03,6,False,0,0,0.044894270090497845
23,150000,24000,9.76,0.16,4,False,0,0,0.04601734669892288
23,75000,10200,6.03,0.14,3,False,0,0,0.06855484222331876
32,76254,14000,10.38,0.18,5,False,0,0,0.13318705984407866
70,30000,5000,10.96,0.17,28,False,0,0,0.2418426951043323
24,80400,12000,5.79,0.15,3,False,0,0,0.06520944104920177
22,73000,7000,10.59,0.1,2,False,0,0,0.09635686061203368
23,62400,7200,8.9,0.12,4,False,0,0,0.09713225291904655
24,200000,12000,12.69,0.06,2,False,0,0,0.043521977517855755
29,88000,10000,7.51,0.11,5,False,0,0,0.06057104586595479
29,85000,25000,9.25,0.29,10,False,0,0,0.16317279298116366
25,86000,24000,0.0,0.28,2,True,1,0,0.10246056699481484
24,38000,6000,10.39,0.16,2,False,0,0,0.18582580555066522
27,73400,2100,6.76,0.03,5,False,0,0,0.0424065124084382
24,110000,12500,9.62,0.11,4,False,0,0,0.06206130899952499
32,105000,12100,5.99,0.12,6,False,0,0,0.04707173106023424
32,84000,14400,11.99,0.17,6,False,0,0,0.13885213969426025
28,60000,10000,8.9,0.17,9,False,0,0,0.13144026817991114
23,95620,13500,14.96,0.14,4,True,0,0,0.24837924999358493
27,84906,4500,7.51,0.05,10,False,0,0,0.04644183989168187
25,30000,4800,15.95,0.16,2,True,1,0,0.49428816940764825
22,14400,4000,10.99,0.28,3,False,1,0,0.498794241573698
25,62400,5000,7.51,0.08,2,False,0,0,0.06546176986275967
22,35000,8000,14.27,0.23,3,False,0,0,0.3991659370242734
25,60000,5000,7.29,0.08,2,False,0,0,0.06426287775031585
49,58000,16000,15.33,0.28,13,False,1,0,0.4315035719379482
23,90000,10000,7.51,0.11,2,False,0,0,0.05957744183803907
30,112000,8000,16.02,0.07,10,True,0,0,0.19922362358317283
39,117996,7500,13.24,0.06,14,True,1,0,0.1405267100489558
36,70000,6000,13.79,0.09,15,False,0,0,0.13465269238421648
21,65000,10000,13.47,0.15,3,True,0,0,0.2924931796886861
28,37500,2400,7.66,0.06,5,False,0,0,0.06911309889192072
31,60000,9000,13.06,0.15,7,False,0,0,0.1838634604946329
26,68000,24250,12.18,0.36,4,False,0,0,0.38871850446746303
23,168000,15750,10.75,0.09,2,False,0,0,0.040705494668197284
22,30000,4000,15.21,0.13,2,False,1,0,0.2623264408698286
34,67000,20000,11.71,0.3,9,False,0,0,0.3013391306642691
24,80000,10000,8.9,0.13,4,False,0,0,0.08675672204889444
26,85000,4650,8.49,0.05,2,False,0,0,0.05282545796639034
24,42000,2500,15.28,0.06,2,True,0,0,0.2658981308598775
29,99855,20000,17.06,0.2,8,False,1,0,0.21445251807567392
22,78000,16000,16.45,0.21,2,True,0,0,0.4235148108669517
23,165000,9600,5.99,0.06,3,False,0,0,0.024706623007514625
24,76248,2000,0.0,0.03,3,False,0,0,0.018498280716353826
28,74000,7800,10.99,0.11,7,False,0,0,0.10573569703629192
28,15000,5000,7.4,0.33,9,False,1,0,0.49677289146246834
24,82000,5325,0.0,0.06,3,False,0,0,0.020007368943061717
26,38000,7000,7.51,0.18,3,False,0,0,0.15519936795151715
36,200000,14000,7.49,0.07,15,False,0,0,0.022674536401811125
24,61717,3200,7.68,0.05,4,False,0,0,0.05536343441272038
23,67000,3250,6.76,0.05,2,False,0,0,0.048824602246971834
41,24000,4000,16.07,0.17,14,False,1,0,0.38302717909126327
22,48996,5000,7.9,0.1,4,False,0,0,0.08459558908948174
22,26400,4400,11.49,0.17,4,False,0,0,0.24665951810027506
21,59000,5500,5.42,0.09,2,False,0,0,0.054518584294251
33,59500,11000,0.0,0.18,8,False,0,0,0.05011233204661713
26,60000,11500,7.88,0.19,2,False,0,0,0.13113372917411822
28,130000,12000,13.55,0.09,8,True,0,0,0.14147872515474194
25,43200,3000,13.8,0.07,2,False,0,0,0.14354040945913138
26,67000,5000,16.45,0.07,3,True,1,0,0.26918494796417897
22,24000,5000,13.35,0.21,4,False,0,0,0.37530483633115785
41,33000,13750,13.79,0.42,11,True,1,1,0.8573683034050487
32,155000,7500,11.59,0.05,5,True,0,0,0.09673227860641033
24,74004,25000,15.57,0.34,3,True,1,1,0.5881881267147266
23,86500,14000,7.29,0.16,3,False,0,0,0.0744899422745273
22,53000,25000,13.43,0.47,4,True,1,1,0.8108477618695897
29,29496,6000,5.79,0.2,8,False,0,0,0.1644631840655286
22,70600,7450,13.06,0.11,4,True,0,0,0.23157656332192225
26,24000,6000,10.99,0.25,4,False,0,0,0.389387434756608
29,28000,10000,12.84,0.36,7,True,1,1,0.7837169164355304
22,66000,8000,14.65,0.12,4,True,1,0,0.2853336039376496
29,56000,18000,14.61,0.32,9,True,0,1,0.6270568316473756
25,42000,1350,5.42,0.03,2,False,0,0,0.041712534165653826
24,135000,21000,12.69,0.16,2,False,0,0,0.08149153353680515
29,71000,11000,13.43,0.15,6,True,0,0,0.278680366174185
21,35004,1500,9.62,0.04,2,False,0,0,0.0753331928219398
26,97000,4000,6.62,0.04,4,False,0,0,0.038154543934375555
28,34000,3000,15.7,0.09,10,True,1,0,0.3368849539904212
40,45996,20000,14.61,0.43,13,True,1,1,0.8267229647257316
24,47000,6000,11.11,0.13,4,False,0,0,0.1512421119760619
23,29666,3000,9.32,0.1,3,False,0,0,0.11798532992367029
24,62000,1600,13.85,0.03,4,True,0,0,0.1804615306979212
25,77000,14500,15.95,0.19,2,True,1,0,0.3853162189254396
33,15500,3000,7.51,0.19,5,False,1,0,0.22130767263557247
25,105000,9600,11.71,0.09,3,False,0,0,0.07909606769353777
29,26400,6500,10.38,0.25,10,False,0,0,0.3604071655259657
25,42900,9000,6.76,0.21,4,False,0,0,0.16366009628933148
23,74000,10000,0.0,0.14,2,False,0,0,0.034022426610670876
23,54780,8000,10.65,0.15,4,False,1,0,0.15029877622754567
46,80409,14550,8.94,0.18,11,False,0,0,0.11188685563202456
28,99518,6500,5.99,0.07,6,False,0,0,0.0405152564877169
24,135000,8800,6.03,0.07,2,False,0,0,0.031774602131358826
27,30000,1500,0.0,0.05,6,False,0,0,0.0269021645854854
23,58000,5000,7.14,0.09,2,False,0,0,0.06934128432194647
31,37000,22000,12.73,0.59,7,True,0,1,0.9444414548508475
22,86000,10000,8.94,0.12,4,False,0,0,0.07755858666930598
36,62000,8000,11.12,0.13,12,False,0,0,0.13250396441931603
22,24000,5200,13.49,0.22,2,True,0,1,0.5640745000145079
22,59000,12000,17.58,0.2,4,False,1,0,0.3492879985045864
23,31000,7000,0.0,0.23,3,False,1,0,0.10719787251815577
25,35000,5000,10.36,0.14,3,False,0,0,0.16640365843225896
25,30000,4200,15.99,0.14,3,False,0,0,0.3014187556541159
28,92000,7750,14.22,0.08,6,False,1,0,0.11060041321099014
30,54000,10000,6.17,0.19,10,False,0,0,0.11859327991807188
42,114000,19200,11.36,0.17,17,False,0,0,0.09147456110660439
34,56400,7000,7.9,0.12,10,False,0,0,0.09076387520220659
22,105000,7000,7.74,0.07,3,False,0,0,0.04720455855133672
25,39996,10000,10.99,0.25,4,False,0,0,0.3208054448652277
23,24000,5000,10.38,0.21,4,False,0,0,0.29353237783808234
24,45000,9200,11.89,0.2,3,False,0,0,0.24818139564857525
25,36000,7000,12.73,0.19,4,False,0,0,0.28097132022408094
28,65000,10000,14.96,0.15,6,True,0,0,0.335808596130564
27,82000,14000,10.0,0.17,7,False,0,0,0.11267221176314961
27,32496,9200,11.86,0.28,8,False,0,0,0.43253100038604286
25,42000,7000,5.79,0.17,2,False,0,0,0.11671633391076978
22,54000,9000,15.96,0.17,3,True,0,0,0.43304103647516773
31,55000,11000,0.0,0.2,9,True,0,0,0.11092514769381243
34,84000,9000,5.79,0.11,10,False,0,0,0.05307115431219221
26,68000,10000,8.49,0.15,3,False,0,0,0.10388749489530329
28,30000,15000,0.0,0.5,9,False,0,1,0.5277071077223167
23,32124,6000,16.77,0.19,3,True,1,1,0.5723825489685126
22,27300,11000,11.48,0.4,4,False,1,1,0.6881587009662645
29,55000,1200,9.99,0.02,6,False,0,0,0.06330344403873005
22,38004,10000,10.75,0.26,2,False,0,0,0.3369486190012305
25,81600,13000,13.23,0.16,4,True,0,0,0.26122500832798506
25,80000,12000,10.0,0.15,4,False,0,0,0.105878176298606
24,62400,15000,9.45,0.24,2,False,0,0,0.194729755760907
26,28000,9800,7.29,0.35,4,False,1,0,0.46204236992735864
36,35000,6000,11.49,0.17,13,False,0,0,0.22742911166743926
38,120000,24250,0.0,0.2,12,False,0,0,0.023121153960116003
25,39996,6000,9.7,0.15,4,False,0,0,0.1578941333738071
25,49000,2500,6.76,0.05,3,False,0,0,0.05409789903570214
27,34800,4000,14.54,0.11,7,True,1,0,0.3365259340580109
34,39672,16750,13.98,0.42,9,False,1,1,0.7190199063270282
51,260000,14000,7.66,0.05,26,False,0,0,0.01594915564605053
27,119000,8800,0.0,0.07,7,False,0,0,0.01588863275678758
22,40000,14400,12.69,0.36,3,False,0,1,0.5730440235715552
28,52000,7500,9.32,0.14,6,False,0,0,0.1246448536689447
28,73200,12000,8.9,0.16,5,False,0,0,0.10513268588613567
38,26400,4750,12.73,0.18,14,True,0,0,0.44922090251359836
30,53979,25000,10.08,0.46,7,False,0,1,0.5732137253161245
30,73524,10000,14.74,0.14,8,False,0,0,0.18356899592828158
40,187000,10000,7.9,0.05,17,False,0,0,0.02610445254163373
33,30000,1200,6.76,0.04,10,False,0,0,0.05649046688810422
24,45000,7200,10.65,0.16,4,False,0,0,0.17546712977836187
38,52000,8000,15.21,0.15,13,False,0,0,0.24438070847341156
30,125000,7000,0.0,0.06,7,False,0,0,0.015892751122366745
36,46800,2800,7.51,0.06,12,False,1,0,0.06484409369007486
26,18000,2000,13.3,0.11,2,False,1,0,0.21425107733803264
34,48000,9000,7.14,0.19,6,False,0,0,0.14468016180087212
21,24000,5000,0.0,0.21,2,True,1,0,0.17875200037358646
23,54000,20000,11.83,0.37,2,False,1,0,0.47644804434910104
35,70000,12000,11.71,0.17,10,False,0,0,0.15841744973285227
23,44004,2400,14.09,0.05,4,True,0,0,0.2182963745351642
25,97700,8000,7.49,0.08,2,False,0,0,0.04929274851427688
62,68375,24250,12.73,0.35,28,False,1,0,0.39213423496214783
31,47500,10000,15.96,0.21,10,False,0,0,0.3651894871526086
37,45000,14000,11.36,0.31,16,False,1,0,0.4115526319706085
24,130000,6000,10.59,0.05,2,False,0,0,0.05421040272071447
23,25000,10000,11.83,0.4,3,False,1,1,0.7131434313654915
22,107004,10000,7.29,0.09,4,False,0,0,0.04508079294922156
26,43000,15000,11.99,0.35,2,False,0,1,0.5190906611325297
24,75000,8500,6.99,0.11,3,False,0,0,0.06395858816014975
23,34884,2000,6.92,0.06,2,False,0,0,0.06490051926106347
22,83000,16000,0.0,0.19,3,False,1,0,0.037483990968778
46,185000,20000,11.36,0.11,15,False,0,0,0.040715717999657494
25,74000,12000,6.03,0.16,3,False,0,0,0.07532147343425721
28,65000,7200,13.98,0.11,8,True,0,0,0.2606225932045634
24,80000,7000,14.65,0.09,4,False,0,0,0.13557690377980308
23,33000,4500,15.05,0.14,4,False,1,0,0.26961637435082647
48,32000,8000,6.62,0.25,14,False,0,0,0.24935514539903705
29,12000,5600,12.18,0.47,10,False,1,1,0.8775223140567828
26,90000,12000,0.0,0.13,3,False,0,0,0.02623541656011516
25,90000,25000,10.99,0.28,4,False,0,0,0.1782451750153331
23,55000,10000,10.75,0.18,4,False,0,0,0.17643158881993842
26,65000,4200,7.29,0.06,2,False,0,0,0.055012518864522894
23,113000,10000,10.38,0.09,3,False,1,0,0.0642381491293762
37,60000,5000,6.17,0.08,13,False,0,0,0.05664998419370266
24,94000,9600,12.99,0.1,2,True,0,0,0.18194489144274167
23,32400,5000,0.0,0.15,2,False,0,0,0.05709527440375442
28,63600,3000,0.0,0.05,7,False,0,0,0.02211640383165108
31,40000,5000,9.45,0.13,10,False,0,0,0.1365725814236296
24,71000,10000,10.36,0.14,4,False,0,0,0.11496947680111044
29,110000,15000,8.94,0.14,7,False,0,0,0.06635977431606384
24,108000,8000,9.88,0.07,4,False,0,0,0.057110992676932607
26,53688,8000,5.42,0.15,4,False,0,0,0.08519206494054314
27,36789,5500,13.57,0.15,8,True,0,0,0.3777668621921522
24,60000,20000,10.99,0.33,2,False,1,0,0.350146799740516
22,112000,4000,8.9,0.04,3,False,0,0,0.04738751889794142
27,50000,7300,7.29,0.15,9,False,0,0,0.10936980294494039
21,28800,6000,10.62,0.21,3,False,1,0,0.2831889941974816
36,85000,8000,14.96,0.09,14,False,0,0,0.132189343088321
32,80000,6400,10.99,0.08,8,False,0,0,0.08624188935422361
30,23000,950,0.0,0.04,6,False,0,0,0.026028017777974016
28,113300,18000,12.99,0.16,6,False,0,0,0.10625690868898366
25,34000,20000,8.88,0.59,2,False,1,1,0.8609560181355999
29,31500,10000,7.29,0.32,6,False,1,0,0.38369778512424596
50,56000,15000,13.47,0.27,15,False,0,0,0.36707363257335596
24,100000,10300,15.99,0.1,4,True,0,0,0.23218837803489806
26,47300,6000,12.69,0.13,4,False,0,0,0.1793210803663251
22,37000,7500,10.95,0.2,2,False,0,0,0.2497740647603518
25,50000,4000,0.0,0.08,4,False,0,0,0.02917947992193061
23,15600,1200,14.91,0.08,4,False,1,0,0.20427109358081344
31,190000,15000,6.03,0.08,8,False,0,0,0.020445341187347324
21,35000,4800,10.99,0.14,3,False,0,0,0.1774174110679381
22,45000,10000,7.51,0.22,3,False,0,0,0.18068546669808191
39,57996,8000,7.88,0.14,16,False,0,0,0.10212853454791236
21,35000,11000,7.88,0.31,3,False,0,0,0.3563618679218574
24,70000,13000,10.0,0.19,2,False,0,0,0.147232650882259
22,27000,5000,10.08,0.19,2,False,0,0,0.2452556223732099
40,54000,3000,16.89,0.06,15,False,1,0,0.17877920896965013
45,34000,5000,0.0,0.15,11,False,1,0,0.05939193879723468
24,67000,16000,12.69,0.24,4,False,0,0,0.2504793818614404
24,22800,4750,11.36,0.21,4,False,0,0,0.3245753881979916
22,23000,3500,10.37,0.15,4,False,0,0,0.1990655839374998
21,25000,3800,8.59,0.15,2,False,0,0,0.1628566580445935
23,200000,6000,11.86,0.03,3,False,0,0,0.041659209187941276
25,50000,12800,7.49,0.26,4,False,1,0,0.215540191412714
23,84996,5000,10.95,0.06,3,False,0,0,0.0749900348998855
26,44000,11500,9.63,0.26,3,False,1,0,0.28537476723662647
23,31577,2500,6.92,0.08,4,False,0,0,0.07637526169512736
22,27000,12000,0.0,0.44,3,False,1,0,0.4252099550672415
25,70000,8000,14.26,0.11,4,False,0,0,0.15120056930663953
29,37000,12000,9.63,0.32,7,False,1,0,0.4196844980105468
24,49278,11000,13.22,0.22,2,True,0,0,0.44861598312060524
24,100896,15000,14.42,0.15,2,False,0,0,0.1384583438387866
24,24000,5375,10.99,0.22,3,False,0,0,0.32795813779035793
26,26004,10000,11.14,0.38,3,False,0,1,0.6524716423109566
41,66000,10000,6.62,0.15,12,False,0,0,0.08629918525109397
22,107000,17400,13.47,0.16,4,False,0,0,0.1164482658382977
25,44966,10025,5.42,0.22,4,False,0,0,0.14580242903451607
22,46000,12000,12.84,0.26,3,False,0,0,0.36203163075909384
26,62361,21650,12.69,0.35,4,False,0,0,0.42260727476890253
27,189000,5125,14.84,0.03,6,True,0,0,0.11775256486865222
22,90000,16000,6.03,0.18,3,False,0,0,0.06828168415348969
32,135000,16000,0.0,0.12,10,False,0,0,0.016182109064289643
34,42000,6000,10.59,0.14,7,False,0,0,0.16135089461572738
23,45500,14000,14.72,0.31,2,True,0,1,0.67112586187676
33,44000,8000,17.49,0.18,8,False,0,0,0.3737404438978492
22,97000,12975,6.91,0.13,4,False,0,0,0.054811549206906646
22,48300,4500,9.76,0.09,2,False,1,0,0.098872431361993
70,48000,15000,6.99,0.31,24,False,1,0,0.29153946190222974
28,72000,6000,15.37,0.08,10,True,0,0,0.24483037997998552
27,43200,10000,7.49,0.23,10,False,0,0,0.19578694305081404
25,49500,24750,14.22,0.5,3,False,1,1,0.7759158090876106
26,80000,10000,12.73,0.13,4,True,0,0,0.22931716419438436
42,75000,17000,7.9,0.23,15,False,0,0,0.13500856344680484
27,38400,2400,10.65,0.06,6,False,0,0,0.09662914583219222
24,112000,5400,15.27,0.05,4,True,0,0,0.1781461654769215
31,76000,15000,7.88,0.2,7,False,0,0,0.11352815696196336
26,80000,5000,0.0,0.06,3,False,0,0,0.020670581678514908
22,49464,25000,11.83,0.51,3,False,1,1,0.7345171131000833
32,38000,6350,5.79,0.17,6,False,0,0,0.12349028052387595
24,75000,12000,12.61,0.16,4,False,0,0,0.15538834958428321
22,72000,8000,7.9,0.11,4,False,0,0,0.07315971610693647
22,54000,10000,14.61,0.19,4,True,1,0,0.425158178765965
33,48000,7000,12.42,0.15,5,False,1,0,0.19846641380004587
30,85000,6000,5.42,0.07,8,False,0,0,0.040782917042416836
23,62500,23525,7.9,0.38,3,False,0,0,0.32462260939834586
24,135000,24000,13.79,0.18,2,False,0,0,0.09393236438239314
25,80208,4000,5.42,0.05,4,False,0,0,0.03820837289630283
28,100000,10000,7.51,0.1,7,False,0,0,0.05259862711671573
22,80000,9500,11.71,0.12,2,False,0,0,0.11181517800495448
25,86000,13000,8.49,0.15,4,False,0,0,0.08290736978638022
21,24000,2000,11.14,0.08,4,False,0,0,0.12837022499030679
21,11520,2000,11.12,0.17,3,False,1,0,0.2752981305786952
33,53000,12000,12.84,0.23,5,False,0,0,0.2973684229133356
23,48000,4800,5.42,0.1,3,False,0,0,0.06475721044564071
28,130000,13000,10.75,0.1,10,False,0,0,0.058652091987312874
26,72600,4500,7.74,0.06,2,False,0,0,0.05570941509933219
21,35100,3500,5.79,0.1,2,False,0,0,0.07543836331912926
24,62467,10625,8.49,0.17,2,False,0,0,0.12160624091310034
36,155000,30000,7.9,0.19,14,False,0,0,0.03445123332935374
22,43000,3500,11.49,0.08,3,False,0,0,0.11727542268602147
34,140004,12000,0.0,0.09,8,False,0,0,0.015249002866802946
24,62400,4000,8.9,0.06,4,False,0,0,0.06695371081143121
24,85000,7750,11.12,0.09,4,False,0,0,0.08650590620656218
35,48000,17000,7.88,0.35,6,False,1,0,0.3637646056686405
31,30000,7200,15.96,0.24,6,True,0,1,0.6558893080269934
37,40000,3000,9.91,0.07,15,False,0,0,0.09418856669723104
29,76000,20000,0.0,0.26,8,True,1,0,0.10912095773303257
36,84695,12000,7.29,0.14,14,False,0,0,0.07022593445131582
28,20000,8000,12.42,0.4,8,False,1,1,0.7548216503173601
28,38100,4800,9.63,0.13,10,False,1,0,0.14022393819743767
24,70000,25000,0.0,0.36,2,False,0,0,0.11587973884020696
28,76500,10000,12.42,0.13,7,False,0,0,0.13042837288633893
28,84996,20000,13.92,0.24,9,False,0,0,0.22315736477368567
22,60000,8000,14.72,0.13,2,True,0,0,0.3137232329330029
29,27000,5000,6.76,0.19,9,False,0,0,0.1767643169334748
23,26400,3800,7.9,0.14,2,False,0,0,0.13920045302724066
22,119000,35000,16.49,0.29,3,False,0,0,0.18976408530521466
31,78000,10000,14.27,0.13,10,False,1,0,0.15849590782477085
23,65000,3600,7.49,0.06,3,False,0,0,0.05757364406498245
22,50000,6000,14.22,0.12,2,False,0,0,0.19060584107312084
25,62903,3000,10.65,0.04,2,False,1,0,0.07261974772887703
44,24000,7750,15.58,0.32,13,True,0,1,0.8039653481684174
25,47052,21250,10.99,0.45,2,False,1,1,0.636229283647016
26,55700,8000,13.49,0.14,4,True,1,0,0.3068591156111314
36,52000,6000,9.99,0.12,12,False,0,0,0.1227726018902924
22,38400,5000,11.49,0.13,2,False,0,0,0.16957866623032913
36,110000,9000,0.0,0.08,13,False,0,0,0.018046869134309147
25,155796,25000,13.48,0.16,2,False,0,0,0.06709835481375717
23,70000,12000,7.9,0.17,2,False,0,0,0.1030933177979006
23,180000,5000,9.33,0.03,4,False,0,0,0.034565110580528094
30,30000,10000,9.91,0.33,10,False,0,0,0.48767259930645257
35,42000,1000,11.12,0.02,5,False,0,0,0.07767358003819923
22,46300,6400,0.0,0.14,4,False,0,0,0.04540564179910594
28,80000,9600,7.51,0.12,6,False,0,0,0.0693366117783231
24,43680,10800,5.42,0.25,4,False,0,0,0.18056777469786503
28,44000,5000,12.99,0.11,5,True,1,0,0.2780188978250821
30,66000,12000,11.71,0.18,6,False,1,0,0.17353388937462821
23,24000,5000,15.99,0.21,2,True,1,1,0.6191678263442922
23,35000,11900,7.66,0.34,3,False,1,0,0.409789511246068
29,84000,15000,12.18,0.18,10,False,0,0,0.14676285805173986
22,145000,12000,6.92,0.08,4,False,0,0,0.030883524052461343
22,90000,9500,0.0,0.11,3,False,0,0,0.02469124538398546
34,40000,25000,10.25,0.63,5,False,1,1,0.8902960202162712
27,20004,1500,12.69,0.07,9,False,0,0,0.14509314679457302
22,31356,3000,7.68,0.1,4,False,0,0,0.09714735156078541
34,27000,2525,12.21,0.09,7,False,0,0,0.15613336058198274
28,60000,6000,10.99,0.1,6,False,0,0,0.11136239769523767
32,75000,10000,7.29,0.13,7,False,0,0,0.07437061223067432
22,42000,6000,10.65,0.14,2,False,0,0,0.15894752991054248
22,30000,7000,9.62,0.23,4,False,1,0,0.28547458218482985
33,56000,12000,6.62,0.21,6,False,0,0,0.13543546193098505
29,70000,6000,14.27,0.09,7,True,0,0,0.2415912694623288
22,56400,8400,14.91,0.15,2,False,1,0,0.22702960869266392
28,82300,3600,9.63,0.04,6,False,0,0,0.058568280553090615
23,120000,30000,11.49,0.25,4,False,0,0,0.1017378755914058
24,35000,8575,10.65,0.24,4,False,0,0,0.31143869122413825
33,69600,16000,11.99,0.23,8,False,0,0,0.21845463617104507
27,34500,5000,9.76,0.14,7,False,0,0,0.15566896099187774
27,67500,1000,7.4,0.01,7,False,0,0,0.04076836760612798
23,37500,8000,14.26,0.21,4,False,0,0,0.34990236508392436
23,78000,25000,10.62,0.32,3,False,1,0,0.24295566087100343
21,35368,5100,12.99,0.14,2,False,0,0,0.21422536722573832
33,99300,7500,5.79,0.08,7,False,0,0,0.04166610254637457
22,21600,9600,7.49,0.44,2,False,1,1,0.6910116373377178
22,28000,6000,12.98,0.21,2,True,0,1,0.5077875882279205
25,60000,1400,14.22,0.02,3,True,0,0,0.1762221489936159
23,37000,6400,11.71,0.17,3,False,0,0,0.2245903941427094
36,171870,9400,15.62,0.05,11,True,1,0,0.12948355768684683
22,66000,17500,11.48,0.27,3,False,0,0,0.2615694460416359
27,69790,18000,10.25,0.26,9,False,0,0,0.20791270715742793
25,115000,4000,6.03,0.03,4,False,0,0,0.030358931208109338
26,39000,3000,0.0,0.08,2,True,1,0,0.060481026801057436
28,18000,7600,8.49,0.42,9,False,1,1,0.7028971875513172
25,58650,20000,14.09,0.29,4,True,1,1,0.5058986721451707
24,49200,6400,0.0,0.13,3,False,1,0,0.04126210963022507
28,86004,3000,9.99,0.03,5,False,0,0,0.0570587249443597
24,35000,14400,15.7,0.41,4,False,1,1,0.7676240652114827
31,115000,10000,12.42,0.09,6,False,0,0,0.0822914748904894
24,14400,4375,0.0,0.3,2,False,1,0,0.23261750118008986
25,120775,15000,13.11,0.12,4,False,0,0,0.08611503523062077
23,42000,1800,12.99,0.04,3,True,1,0,0.18728527434515407
38,72000,5000,12.92,0.07,16,False,0,0,0.10788938459125016
29,92700,24000,6.91,0.26,8,False,0,0,0.10086855494962578
29,64320,8000,6.03,0.12,9,False,0,0,0.06662764484196869
22,31500,2900,0.0,0.09,4,False,1,0,0.036024374433254125
23,80000,6000,5.99,0.07,4,False,0,0,0.04387692249785212
32,90301,15000,13.47,0.17,6,True,0,0,0.26081329969160977
28,48715,12000,12.87,0.25,5,True,0,0,0.49920065952730397
26,150000,7000,14.96,0.05,4,True,0,0,0.1440099738800542
24,50000,12500,7.88,0.25,3,False,0,0,0.20989468689173976
29,42000,5500,7.66,0.13,10,False,1,0,0.10789946047643768
42,57996,6000,8.59,0.1,12,False,0,0,0.08769769615206975
24,10000,3000,7.9,0.3,3,False,1,0,0.4729519941802932
27,77000,18500,11.11,0.24,10,False,0,0,0.1841612911241235
22,62050,6000,14.74,0.08,2,False,1,0,0.13908876418138005
22,70000,6000,11.49,0.09,2,False,0,0,0.10383288980483464
22,50000,22000,9.91,0.44,4,False,0,1,0.5623638931061188
22,70000,5025,0.0,0.07,2,False,0,0,0.02326950231895941
27,35000,4800,9.99,0.14,8,False,0,0,0.16049068267024594
47,30000,3000,12.23,0.1,16,True,0,0,0.2784742428375897
27,73000,10000,5.79,0.14,8,False,0,0,0.06769453595841736
30,210000,24000,11.49,0.11,6,False,0,0,0.02943551464022257
28,92000,15000,7.9,0.16,9,False,0,0,0.07417455770780576
22,37392,12000,10.62,0.32,2,False,1,0,0.44783821043850935
33,56312,3000,11.71,0.05,9,False,0,0,0.09220778814843829
24,32000,1900,13.49,0.06,2,True,0,0,0.2367398369676585
28,71874,20000,11.48,0.28,6,False,0,0,0.25009829730181476
35,192000,10000,11.99,0.05,9,False,0,0,0.04251275333012089
28,38196,10750,10.75,0.28,10,False,0,0,0.37122574892749294
35,273700,25000,14.59,0.08,6,False,1,0,0.025078518430748833
29,135000,24000,5.99,0.18,10,False,0,0,0.03723914545715527
28,21000,6250,7.9,0.3,7,False,0,0,0.41534517775071245
22,44004,5000,8.9,0.11,3,False,0,0,0.10564427959944628
22,34500,3000,11.83,0.09,2,False,0,0,0.140185900862562
34,95000,18600,13.57,0.2,7,True,0,0,0.2770877620682267
23,58000,15000,10.25,0.26,3,False,0,0,0.2478226658149339
22,30900,5000,10.0,0.16,2,False,0,0,0.19017504281847228
23,50000,2000,6.62,0.04,4,False,0,0,0.049156002550231934
21,22600,6000,12.23,0.27,4,False,0,0,0.4735763635153549
30,58000,20000,14.72,0.34,5,False,1,0,0.4918406291472438
24,69000,5200,17.19,0.08,2,False,0,0,0.185036090101102
24,50000,4000,7.88,0.08,3,False,0,0,0.07464981847888469
27,56525,12000,15.95,0.18,7,True,1,0,0.4116086231276656
25,55000,8575,14.65,0.16,3,False,0,0,0.2393848874486865
24,120000,25000,15.2,0.21,3,True,0,0,0.2407604621692906
29,42000,15000,10.99,0.36,9,False,1,1,0.5107364285329021
21,70000,6400,17.49,0.09,4,False,0,0,0.19189817505334275
23,51996,3000,10.37,0.06,2,False,0,0,0.08688659111627421
31,60000,7000,0.0,0.12,7,False,0,0,0.03533664323881386
24,55000,10000,8.94,0.18,3,False,0,0,0.14667791542861827
24,35000,19000,11.36,0.54,2,False,1,1,0.8435731586697067
26,135000,14275,9.45,0.11,2,False,0,0,0.051492368206763596
40,34500,5400,12.61,0.16,13,False,1,0,0.2439613829481006
27,30000,13000,7.88,0.43,10,False,1,1,0.6246512217581043
31,78996,6000,7.51,0.08,5,False,1,0,0.05937647709085077
37,70000,30000,10.65,0.43,14,False,0,0,0.4275293911848396
24,36000,3600,16.77,0.1,2,True,0,0,0.3837165720207017
26,70000,6000,6.17,0.09,4,False,0,0,0.05653621135565196
22,49000,10000,8.0,0.2,2,False,1,0,0.15956110527914857
24,55605,6500,10.99,0.12,2,False,0,0,0.13092619236068825
27,50000,15000,16.77,0.3,5,False,0,1,0.535702163355997
23,45000,4000,14.96,0.09,4,False,0,0,0.1794965542769692
22,47000,3000,5.42,0.06,3,False,0,0,0.04912477834507363
23,34008,3000,10.0,0.09,4,False,0,0,0.11461471286124941
25,34000,2500,6.03,0.07,2,False,0,0,0.0630055394725451
46,55000,5000,9.91,0.09,14,False,0,0,0.09983803956224029
29,74004,10000,11.86,0.14,8,False,0,0,0.13490150789075708
27,66000,5000,13.99,0.08,10,True,0,0,0.22756992823419356
30,110000,12000,13.57,0.11,7,True,0,0,0.17887059865616617
57,70000,6600,10.99,0.09,21,False,0,0,0.10021749412855899
30,90000,8000,0.0,0.09,9,True,0,0,0.04217994783708113
25,36000,9000,7.14,0.25,4,False,0,0,0.23895828897083024
23,42996,6000,12.84,0.14,3,True,0,0,0.3230519431672217
23,112976,20000,6.91,0.18,2,False,0,0,0.0564718052476637
32,132000,25000,10.99,0.19,7,False,0,0,0.07198518184566984
21,12000,2500,11.99,0.21,4,False,1,0,0.37955310260491526
24,44000,5000,11.99,0.11,3,False,1,0,0.1490769690439939
31,114237,17500,14.72,0.15,6,True,0,0,0.2106985124292545
31,73000,6800,7.74,0.09,8,False,0,0,0.06463526234282188
37,33280,8400,13.92,0.25,17,True,0,1,0.5966315059071038
25,80000,18200,7.9,0.23,2,False,0,0,0.12302703218733603
23,42000,12000,15.23,0.29,3,True,0,1,0.6695925524636382
23,84000,10000,7.49,0.12,4,False,0,0,0.06612742080955764
24,116300,5000,14.96,0.04,4,True,0,0,0.16002834955209427
25,56000,12375,11.49,0.22,4,False,0,0,0.23382419821207054
35,21600,2500,14.35,0.12,5,True,0,0,0.3933560852562423
29,38000,3600,7.14,0.09,9,False,0,0,0.07959383758438572
24,62000,5875,6.03,0.09,2,False,0,0,0.05737542577272825
23,78000,5000,11.71,0.06,2,False,0,0,0.08384257824070478
31,50000,6000,15.62,0.12,10,True,0,0,0.3519757229194118
26,50000,7000,9.63,0.14,2,False,0,0,0.1338537919546622
42,70000,12000,0.0,0.17,17,False,0,0,0.0416515737325205
28,70000,8000,6.62,0.11,5,False,0,0,0.06443166900667793
24,60500,8150,17.27,0.13,3,True,1,0,0.3845459615863485
32,42000,3000,7.49,0.07,10,False,0,0,0.07079381229853438
23,85000,9600,10.99,0.11,4,False,0,0,0.09207185101734995
31,95000,9450,6.54,0.1,6,False,0,0,0.049777406197344456
32,164000,2400,14.42,0.01,10,False,1,0,0.06474949484779656
23,54000,7000,6.62,0.13,3,False,0,0,0.08534922964538759
23,117000,14000,15.68,0.12,4,True,0,0,0.2110592511089016
24,94000,16000,11.89,0.17,3,False,0,0,0.12070304918485036
23,110000,7500,13.72,0.07,4,False,0,0,0.09095163185260782
33,57000,15000,10.39,0.26,7,False,0,0,0.25582737025132385
24,90000,19500,9.76,0.22,2,False,0,0,0.12486260074067343
27,45000,17475,11.99,0.39,8,False,1,1,0.5757846588703589
25,33000,3000,5.99,0.09,2,False,0,0,0.07375334494497418
25,30000,5600,0.0,0.19,4,True,1,0,0.14491654929279474
22,36000,6000,12.68,0.17,4,False,0,0,0.25040040123294194
27,34000,5600,15.96,0.16,10,True,1,0,0.4744548292506225
24,15996,4000,8.0,0.25,2,False,1,0,0.33699452062554913
27,36000,2500,9.63,0.07,7,False,0,0,0.09415683168419317
28,70000,25000,15.57,0.36,9,False,0,0,0.477676443691718
22,50000,13000,12.23,0.26,3,False,0,0,0.3280115943114868
30,22000,5375,12.21,0.24,9,False,0,0,0.4121317098335838
31,64000,5100,13.22,0.08,10,False,1,0,0.12355089618617827
28,72000,22000,10.25,0.31,6,False,0,0,0.2548485376317624
24,30000,4800,6.99,0.16,4,False,0,0,0.14058453187665326
22,40906,7500,9.63,0.18,2,False,0,0,0.18552716924367588
25,100000,25000,9.33,0.25,4,False,0,0,0.11195468490241507
22,48000,10000,13.49,0.21,4,False,0,0,0.2940233417692989
31,78996,6000,7.51,0.08,8,False,1,0,0.058842073332579084
23,21600,2400,15.23,0.11,4,False,1,0,0.24776875378328084
22,50000,1000,9.91,0.02,2,False,0,0,0.0637275753258724
27,58000,3250,11.86,0.06,8,False,0,0,0.09923443574092115
22,72000,15000,17.19,0.21,4,False,0,0,0.31084651920138423
31,22000,1400,22.06,0.06,7,True,0,0,0.49366130831745825
26,95000,12000,10.65,0.13,3,False,0,0,0.09148705977605921
26,49571,10000,13.11,0.2,3,True,0,0,0.41156063973565904
27,28800,5000,14.96,0.17,5,True,0,0,0.48568739871793953
32,85000,8000,18.79,0.09,5,True,0,0,0.3247802301087296
27,120000,20000,6.54,0.17,9,False,0,0,0.047678903651769154
24,28596,1500,11.46,0.05,4,False,0,0,0.10419719955541114
24,15915,2000,15.05,0.13,4,True,1,0,0.44263455986040884
23,100000,15000,7.88,0.15,4,False,0,0,0.06569868476633109
26,30000,7500,14.75,0.25,3,False,1,0,0.4783275505534242
22,58992,3000,12.84,0.05,3,True,1,0,0.17975978585845206
22,47000,15000,7.66,0.32,2,False,0,0,0.31106353544851745
21,51996,4600,8.59,0.09,2,False,0,0,0.08486308472041133
24,72400,15000,0.0,0.21,3,False,0,0,0.05013052443746045
22,36000,6000,7.51,0.17,4,False,0,0,0.1487540391555035
22,25000,4000,10.36,0.16,2,False,0,0,0.21025479982615525
26,78000,7800,16.77,0.1,3,False,0,0,0.17968630070930863
27,24000,7000,10.75,0.29,10,False,0,0,0.4615433962073019
28,24000,16750,14.96,0.7,10,True,1,1,0.9896849422192718
33,98000,25000,11.83,0.26,10,False,0,0,0.16218864610350944
21,60000,10000,12.18,0.17,2,False,0,0,0.18558611282082219
24,47500,12000,9.91,0.25,3,False,0,0,0.2626129709034447
23,21600,4200,15.23,0.19,4,False,0,0,0.39768819000864636
25,73000,6500,6.03,0.09,3,False,0,0,0.05351389078242559
26,73440,35000,9.91,0.48,2,False,0,0,0.4507110064158548
21,62467,6500,0.0,0.1,4,False,0,0,0.029012776041554618
24,52260,12000,9.99,0.23,4,False,1,0,0.22400471583934226
39,42000,6500,13.99,0.15,14,True,0,0,0.37699067255457197
25,31000,6450,14.42,0.21,3,True,1,1,0.5452462966894095
31,54000,4800,12.99,0.09,10,True,0,0,0.2347555542118969
30,44760,3300,11.71,0.07,8,False,0,0,0.11169803053752458
26,25200,1600,0.0,0.06,2,True,0,0,0.05657769496239784
22,21600,4025,5.42,0.19,4,False,0,0,0.16283457064486578
22,70000,9000,0.0,0.13,2,False,0,0,0.033051468038180515
23,46800,14000,10.37,0.3,3,False,0,0,0.3555259580424062
23,98000,10000,0.0,0.1,4,False,0,0,0.02117856202263345
22,30000,3000,11.12,0.1,3,False,0,0,0.14299913374643405
24,90000,24000,13.06,0.27,2,True,0,0,0.3428561424478768
27,91800,20000,0.0,0.19,9,True,1,0,0.05385471755142086
25,150000,10000,5.42,0.07,4,False,0,0,0.0261248047763287
22,42000,9000,7.66,0.21,2,False,0,0,0.17953971718717954
21,34000,10000,10.62,0.29,2,False,1,0,0.4057513769209553
21,17916,3000,6.0,0.17,3,False,1,0,0.15557242559297435
29,24000,3000,11.14,0.13,6,False,0,0,0.18970130991606346
25,30720,10000,10.37,0.33,2,False,1,1,0.5035901249946038
26,74400,15000,6.54,0.2,4,False,0,0,0.09747745004867943
33,33600,2500,14.65,0.07,8,False,0,0,0.16666218536178318
26,95000,12500,12.61,0.13,2,False,0,0,0.11131674434050871
24,21600,6500,14.79,0.3,4,True,1,1,0.760416984693619
22,42000,4800,14.35,0.11,4,False,0,0,0.19193959590105483
28,43200,3000,7.49,0.07,7,False,0,0,0.07026316806266941
24,28000,3000,10.25,0.11,3,False,0,0,0.1436212947117699
23,107000,4900,8.94,0.05,2,False,0,0,0.05082102013050717
24,30000,2000,21.27,0.07,3,True,1,0,0.47558647039309665
22,20000,16600,9.76,0.83,3,False,0,1,0.9899512400895503
23,71004,15000,13.47,0.21,3,True,0,0,0.3548812482366594
30,25000,6400,7.51,0.26,8,False,0,0,0.30745232399611144
26,17376,6000,10.99,0.35,3,False,1,1,0.6414837066340087
33,43000,10000,13.35,0.23,10,True,0,0,0.49943678965797556
29,78000,18000,9.38,0.23,6,False,1,0,0.1469328895908916
25,55044,18250,17.56,0.33,2,False,1,1,0.5821533859836566
23,60000,7000,6.54,0.12,3,False,0,0,0.07571633129138168
24,55152,16000,11.49,0.29,4,False,0,0,0.3308287640443117
25,59000,5000,6.17,0.08,2,False,0,0,0.056494228876212055
27,120000,10000,6.62,0.08,10,False,0,0,0.0361916134876006
22,45000,6000,6.76,0.13,2,False,0,0,0.09414484478349164
25,68000,13600,10.0,0.2,3,False,0,0,0.15633783800349715
31,20000,5000,11.83,0.25,7,False,0,0,0.4346790493292108
30,180000,14000,6.03,0.08,9,False,0,0,0.02226339859353858
21,33000,9000,12.69,0.27,3,False,0,0,0.43479889630764545
23,57000,7650,11.71,0.13,4,False,0,0,0.1434884477423276
33,124000,23500,14.96,0.19,6,True,0,0,0.21758750651416237
25,113000,21000,11.49,0.19,4,False,0,0,0.09957427210391932
32,40000,9000,10.59,0.23,7,False,0,0,0.2837603296307428
26,36108,2000,16.49,0.06,3,False,0,0,0.18766227486689582
28,75000,16000,6.17,0.21,6,False,0,0,0.09674882505678054
25,65000,4000,6.62,0.06,2,False,0,0,0.05123233204761979
23,37344,3200,12.68,0.09,2,True,0,0,0.2553220504110357
27,128000,32000,11.11,0.25,7,False,0,0,0.08549951152958297
24,12000,2500,12.69,0.21,4,False,1,0,0.40290694993332576
26,25000,11500,7.88,0.46,3,False,0,1,0.7187808549204765
31,20000,6400,5.42,0.32,6,False,0,0,0.39086031573443414
25,85000,20000,13.92,0.24,3,False,0,0,0.2246960569540451
23,75000,4500,0.0,0.06,4,True,0,0,0.04030920596699988
23,70000,20000,12.21,0.29,2,False,0,0,0.28817776127724176
23,24000,6000,5.42,0.25,4,False,0,0,0.23897676622859396
24,75000,8000,16.29,0.11,4,True,0,0,0.30244362002290115
47,18000,3000,5.42,0.17,13,False,1,0,0.15357511896738044
26,75000,16000,13.35,0.21,2,True,0,0,0.3377560255365392
28,82000,15000,12.98,0.18,8,True,0,0,0.26979351738791874
23,24972,2600,11.86,0.1,4,False,0,0,0.16019343656997198
22,82000,6000,0.0,0.07,2,False,0,0,0.02112923384698668
23,30000,4800,0.0,0.16,4,False,0,0,0.06357114936863023
33,53004,20000,13.04,0.38,10,False,1,1,0.5424422790400759
23,68000,1000,8.0,0.01,3,False,0,0,0.043703220518137666
23,36000,11000,0.0,0.31,3,False,0,0,0.17149047559477837
21,76800,8000,14.96,0.1,3,True,0,0,0.24674147398962654
25,33000,3600,10.0,0.11,3,False,1,0,0.13396097265943283
25,83004,5000,6.76,0.06,4,False,0,0,0.04620397240798026
22,69700,11200,0.0,0.16,2,False,0,0,0.038880345153943355
22,30000,13750,14.22,0.46,4,False,0,1,0.8266494974993378
23,87000,10000,7.29,0.11,4,False,0,0,0.05823478221794294
25,82000,7500,12.72,0.09,4,False,0,0,0.10640089587074147
21,70500,15000,8.0,0.21,3,False,0,0,0.12528924903564148
25,40000,5600,0.0,0.14,3,False,0,0,0.049141330617782836
25,55000,13000,7.51,0.24,4,False,0,0,0.17957517019973313
26,71000,6000,15.62,0.08,4,False,1,0,0.15003773356819247
24,23000,1600,7.68,0.07,2,False,0,0,0.08277058839674675
28,62496,13000,10.37,0.21,8,False,0,0,0.18396305516915643
24,120000,2500,0.0,0.02,3,False,0,0,0.014133409915696251
29,36000,3000,10.99,0.08,10,False,0,0,0.11649330998402689
31,81600,4000,13.57,0.05,7,False,0,0,0.09994995762650238
29,75000,16950,10.37,0.23,10,False,0,0,0.1717024946153711
34,30000,4200,5.79,0.14,8,False,0,0,0.10872552689445833
30,72000,6000,11.99,0.08,10,False,0,0,0.09993896015090006
22,80000,14400,11.71,0.18,2,False,0,0,0.14579938335223405
24,33600,7800,16.49,0.23,4,False,1,0,0.47246928064019245
22,45996,8000,7.51,0.17,3,False,0,0,0.1305540224806085
48,85000,10000,7.51,0.12,13,False,0,0,0.06971522704205868
22,31000,5550,11.36,0.18,3,False,1,0,0.24708548202387506
22,21216,1500,11.86,0.07,2,False,0,0,0.1328019753408625
23,57504,9000,6.54,0.16,3,False,0,0,0.09854620275737867
22,70000,9000,13.49,0.13,2,True,0,0,0.2629640681227802
23,44248,13200,0.0,0.3,2,False,0,0,0.13776139987708916
23,77004,6000,7.88,0.08,2,False,0,0,0.061353331664926854
41,28800,9600,13.49,0.33,16,False,1,1,0.6097953545776117
27,57240,15000,11.99,0.26,6,False,0,0,0.2920331807629548
41,58000,5200,12.87,0.09,11,False,0,0,0.13497150196503482
26,69000,24000,15.83,0.35,3,False,1,0,0.479831792629029
24,73000,10000,11.99,0.14,2,False,0,0,0.13743321568393055
28,105500,31000,8.49,0.29,9,False,0,0,0.10302642857108012
25,52000,3000,12.99,0.06,4,True,0,0,0.20284697332402551
24,19000,7400,13.85,0.39,2,False,1,1,0.7770211594680827
25,121000,13000,0.0,0.11,2,False,0,0,0.01838448290143307
23,90000,13675,7.49,0.15,4,False,0,0,0.06978388418418927
26,32000,2000,11.49,0.06,3,False,0,0,0.11120057464510638
27,42000,8000,13.61,0.19,9,True,0,0,0.43429729344166756
53,110000,6000,7.9,0.05,23,False,0,0,0.04317198258315803
24,39600,10000,10.36,0.25,3,False,1,0,0.30407092066214825
24,40000,5400,12.42,0.14,3,False,0,0,0.1982375612383345
42,36000,11000,11.97,0.31,16,True,1,1,0.6465211640809235
27,47900,7500,13.47,0.16,6,False,0,0,0.2283257112056426
23,75000,18000,12.73,0.24,2,False,0,0,0.22505236464179734
29,180000,31000,19.42,0.17,8,True,0,0,0.17031610542968428
21,80000,12000,5.99,0.15,2,False,0,0,0.06639074773790875
21,15874,1500,0.0,0.09,3,False,0,0,0.041065693197195996
44,200000,20000,7.51,0.1,11,False,0,0,0.022190729688076748
32,28800,7500,13.43,0.26,7,True,0,1,0.6260115472394117
25,42000,3250,10.0,0.08,3,False,0,0,0.10189681183380969
29,35000,10625,7.9,0.3,8,False,0,0,0.3418975390601973
31,46000,9600,14.46,0.21,5,True,1,0,0.4898254954238778
56,59200,10000,13.61,0.17,20,True,0,0,0.35911708473200865
23,75000,12000,12.49,0.16,4,False,0,0,0.15297719925178158
34,80000,5000,6.17,0.06,10,False,0,0,0.04395151562330575
24,40800,6000,12.92,0.15,3,False,0,0,0.2186933282520775
44,50000,6000,11.99,0.12,17,False,0,0,0.15476704835401714
26,39990,2400,14.27,0.06,2,True,0,0,0.2455372452301763
22,32400,5500,0.0,0.17,2,False,0,0,0.06680147111477491
24,22680,7000,10.62,0.31,2,False,1,1,0.5126306499378478
29,78000,14400,0.0,0.18,7,False,0,0,0.03838874556902669
27,18576,1400,9.99,0.08,6,False,0,0,0.12015879370469079
25,241875,16000,7.05,0.07,4,False,0,0,0.016626656853284166
40,83000,23000,12.36,0.28,11,True,1,0,0.37114612807838177
38,50000,10000,0.0,0.2,15,False,0,0,0.06575630067080589
23,60000,4000,7.66,0.07,2,False,0,0,0.06426002636091904
26,35000,3800,6.54,0.11,3,False,0,0,0.08986414810969381
32,77400,10000,18.43,0.13,6,False,1,0,0.24418000479656615
27,159600,25000,0.0,0.16,8,False,0,0,0.012790159080539074
21,43000,8500,15.58,0.2,2,False,0,0,0.3534963691653528
27,36000,5500,10.36,0.15,5,False,0,0,0.17595682746053548
26,57600,14000,10.37,0.24,2,False,0,0,0.22783489010212413
24,80000,25000,6.62,0.31,2,False,1,0,0.14951778537946664
51,67619,15000,13.11,0.22,27,False,0,0,0.23755027503112192
31,95000,24000,13.67,0.25,10,True,0,0,0.3114675757671218
32,39000,5000,14.09,0.13,10,False,1,0,0.22169009749503965
27,90000,12000,7.29,0.13,5,False,0,0,0.0627731706412275
25,54000,10000,15.23,0.19,4,False,1,0,0.29558513567493067
24,75000,15000,6.03,0.2,2,False,0,0,0.09179318055841623
25,55000,12000,10.65,0.22,3,False,0,0,0.22050637606043857
26,111000,7200,12.18,0.06,3,False,0,0,0.0712853534874038
30,37500,12000,0.0,0.32,6,False,1,0,0.17859159213680498
22,63000,8400,7.29,0.13,4,False,0,0,0.08245902927120324
28,68000,3250,13.23,0.05,7,False,0,0,0.10334217676787706
22,24000,10000,0.0,0.42,3,False,1,0,0.4083720682603275
26,225000,3000,9.32,0.01,4,False,0,0,0.028030853841996214
24,45000,5000,0.0,0.11,4,False,0,0,0.03729248299573943
34,31500,6000,0.0,0.19,8,False,0,0,0.08010073644610684
23,102000,35000,7.9,0.34,3,False,0,0,0.1228331739808042
24,90000,12000,9.91,0.13,2,False,0,0,0.08503766705432504
22,66614,11000,17.99,0.14,2,True,1,0,0.3828881930266864
28,35004,4000,11.49,0.11,10,False,0,0,0.15152289876853678
25,109000,14000,9.63,0.13,2,False,0,0,0.06968248009766881
31,121000,25000,12.73,0.21,9,True,0,0,0.18902083832102753
27,102000,15000,12.84,0.15,7,False,0,0,0.11553376450678364
24,50000,12000,5.42,0.24,2,False,0,0,0.15436572675593443
37,28800,4000,6.54,0.14,17,False,0,0,0.11793104927993749
26,84000,4925,9.96,0.06,3,False,0,0,0.06796722449744957
22,23000,4850,14.27,0.21,3,True,0,1,0.5686228522089649
29,28800,1400,7.9,0.05,5,False,0,0,0.07056199998662352
27,48000,2800,7.49,0.06,5,False,0,0,0.06393798203172132
26,93000,5600,0.0,0.06,4,True,0,0,0.03607144496869345
23,44400,1500,11.63,0.03,4,False,0,0,0.0842181322299918
26,25000,1000,14.65,0.04,3,True,0,0,0.24138016306696075
23,35400,9600,11.89,0.27,2,False,0,0,0.4020414200309715
36,65004,20000,15.33,0.31,15,False,1,0,0.4274202289511363
23,33000,1200,8.32,0.04,2,False,0,0,0.0666911821910196
35,56000,12000,0.0,0.21,8,False,0,0,0.06399079950979997
27,78000,5000,5.42,0.06,7,False,0,0,0.03985816481339555
24,47000,7000,6.62,0.15,4,False,0,0,0.10457556213863542
22,57160,1500,11.36,0.03,3,False,0,0,0.07856899736895605
27,35000,10000,13.48,0.29,10,False,0,0,0.4921749337598737
22,65000,12000,0.0,0.18,3,True,0,0,0.08407303019658624
26,30000,10625,11.71,0.35,3,False,1,1,0.586141915376462
25,40000,4700,12.09,0.12,3,True,0,0,0.28110447595015153
24,36000,2500,16.77,0.07,3,False,1,0,0.20316575117630808
26,49200,4800,6.17,0.1,3,False,0,0,0.0711128435392704
24,64000,4800,12.21,0.07,4,False,0,0,0.10219416624896484
22,30000,6400,16.0,0.21,3,False,1,0,0.430607213875147
29,54099,21000,9.96,0.39,6,False,0,0,0.45490911553431496
28,36000,4800,12.61,0.13,9,False,0,0,0.19310944558332338
22,43000,2400,10.99,0.06,4,False,0,0,0.09810606016102127
32,83000,20000,14.38,0.24,10,False,0,0,0.23638142195437314
22,30000,5500,12.53,0.18,4,False,0,0,0.2759822632219192
27,110000,3600,6.03,0.03,5,False,0,0,0.03169446918615603
29,118400,35000,7.9,0.3,7,False,0,0,0.08210403594687696
23,75000,15000,0.0,0.2,3,False,0,0,0.045032380114148805
28,83004,10000,11.86,0.12,10,False,0,0,0.10921207812241103
23,22790,2400,8.94,0.11,4,False,0,0,0.12980198522534545
30,52000,18500,10.91,0.36,7,False,0,0,0.44921006123195967
22,140000,15000,14.17,0.11,3,True,0,0,0.1487152246200328
24,79632,7200,14.17,0.09,3,True,0,0,0.21999665284534678
25,90000,25000,10.39,0.28,3,False,0,0,0.16794333012362442
22,32400,4200,10.99,0.13,4,False,0,0,0.16949239711346184
24,108000,10000,5.99,0.09,2,False,0,0,0.03893961083040543
22,23587,2000,11.89,0.08,2,False,1,0,0.14060751437880123
25,174000,8800,14.27,0.05,3,False,0,0,0.06226314375670938
30,54000,5375,0.0,0.1,5,False,0,0,0.03272429570326473
21,74880,8500,7.14,0.11,2,False,0,0,0.06468326007134306
30,37800,15050,9.99,0.4,7,False,1,1,0.5844006054847964
22,75000,15000,13.61,0.2,4,False,0,0,0.20500864839459837
30,67000,9250,0.0,0.14,7,False,0,0,0.03663830060505357
30,34000,10000,14.54,0.29,6,True,1,1,0.6862801603313929
32,44400,6500,14.84,0.15,7,True,0,0,0.4000273208862449
21,20000,4500,13.49,0.23,2,False,0,0,0.43929203201743133
22,100000,8450,12.99,0.08,2,True,0,0,0.15967141013567876
27,25800,2500,0.0,0.1,5,True,0,0,0.07768040634453643
37,32000,10000,13.79,0.31,14,False,1,1,0.5598086930816817
23,115000,13000,11.83,0.11,4,False,0,0,0.07664039957162837
35,101400,4500,9.32,0.04,8,False,0,0,0.05139311819258032
22,34900,3600,15.7,0.1,4,False,1,0,0.2188366731896809
24,143123,4000,12.61,0.03,4,False,0,0,0.060990376682567085
26,115000,12000,10.99,0.1,3,False,0,0,0.06785404829796196
33,97200,20000,12.29,0.21,9,False,0,0,0.14477748349957265
22,20000,6250,0.0,0.31,3,True,1,0,0.3586817259847981
45,52680,13000,6.92,0.25,15,False,0,0,0.18982357306554185
25,54000,10700,0.0,0.2,2,True,1,0,0.11324642621149653
35,102000,20000,13.85,0.2,10,False,0,0,0.15534691786791674
27,39600,9900,6.54,0.25,5,False,0,0,0.21472688612894195
29,42000,18000,14.65,0.43,8,True,1,1,0.843037551142989
24,60000,10000,6.54,0.17,2,False,0,0,0.10197864333293527
23,78500,20000,13.85,0.25,4,True,0,0,0.3820822902757451
24,56950,4500,10.0,0.07,3,False,1,0,0.08274950111561105
25,60000,17000,6.91,0.28,2,False,0,0,0.1905855167196797
32,262000,12800,9.91,0.05,8,False,0,0,0.02228546587611252
21,45000,9600,12.18,0.21,3,False,0,0,0.26774026747853125
53,24000,5000,14.42,0.21,27,True,1,1,0.577542072259204
41,47000,5000,7.51,0.11,11,False,0,0,0.09278963264843468
23,29856,10300,8.94,0.34,4,False,1,0,0.4767646029004663
30,47600,23800,12.42,0.5,9,False,0,1,0.7462610578018263
26,33000,5000,12.69,0.15,4,False,0,0,0.22936870930055406
43,41000,6000,13.22,0.15,16,True,0,0,0.3641018743449604
27,112548,24000,0.0,0.21,5,False,0,0,0.02611147733584191
30,36000,3000,6.39,0.08,10,False,0,0,0.06919581239598403
35,72000,12800,6.62,0.18,10,False,0,0,0.09425916383810509
25,72000,17000,7.88,0.24,3,False,0,0,0.1455852285343234
23,85000,10000,6.17,0.12,4,False,0,0,0.05644236857961496
24,72444,25000,10.74,0.35,3,False,0,0,0.3104751479409359
26,36000,7500,10.59,0.21,3,False,0,0,0.2630086927069405
48,54000,2000,5.99,0.04,16,False,0,0,0.047133395822289814
29,220000,8500,10.37,0.04,5,False,0,0,0.03151061665427839
22,74476,5000,8.49,0.07,4,False,1,0,0.0634177636027671
22,29004,1200,15.7,0.04,4,True,1,0,0.25811325071347974
36,34000,5000,10.65,0.15,11,False,0,0,0.18866439832044132
26,83957,3000,8.94,0.04,3,False,0,0,0.05574249322922598
39,156000,15000,11.89,0.1,11,False,0,0,0.05705554003322161
24,53636,4000,10.62,0.07,2,False,0,0,0.09251624089110881
28,49000,8025,0.0,0.16,7,True,1,0,0.09224442670186037
22,45000,3000,0.0,0.07,4,False,0,0,0.02824237609614345
30,100000,10000,6.17,0.1,9,False,0,0,0.04485305894603689
45,48500,18000,13.85,0.37,15,True,1,1,0.7287358614055757
34,110000,6000,9.45,0.05,6,False,0,0,0.05140321550491839
27,32760,5000,15.21,0.15,9,True,0,0,0.43708132749010137
31,72100,8000,14.65,0.11,10,True,0,0,0.26369414551863535
33,53000,2500,9.99,0.05,7,False,0,0,0.07909092396534924
30,60000,4200,0.0,0.07,5,False,0,0,0.02567867978063071
22,46500,9500,12.69,0.2,4,False,1,0,0.2608778981752336
32,44004,2200,15.65,0.05,5,False,1,0,0.15513785796139093
23,108000,10000,0.0,0.09,3,False,1,0,0.01864467940484522
21,125000,10000,7.51,0.08,2,False,0,0,0.03985391872519482
23,87000,3500,9.32,0.04,3,False,0,0,0.05557362092036695
25,155000,10000,13.06,0.06,3,True,0,0,0.10718330667894155
24,37000,7000,9.99,0.19,2,False,0,0,0.21698307857464647
26,94500,2000,5.42,0.02,2,False,0,0,0.031005443501880312
23,59000,21600,11.89,0.37,2,False,0,0,0.44994222791657396
32,230000,35000,0.0,0.15,9,False,0,0,0.005099051303127805
28,33996,12000,0.0,0.35,8,False,1,0,0.22692716687234463
32,106000,25000,16.63,0.24,7,True,1,0,0.35276804298721803
24,80000,12000,13.48,0.15,4,True,0,0,0.2599855077503496
25,20000,4000,7.29,0.2,3,False,0,0,0.2172188761751452
26,173000,10000,8.07,0.06,4,False,0,0,0.030521340474183235
39,65000,16000,11.83,0.25,16,False,0,0,0.25287851949613543
30,134500,24000,15.96,0.18,6,True,0,0,0.20911978982440232
26,60000,9800,7.75,0.16,3,False,0,0,0.10826862979383808
37,124000,30000,17.99,0.24,12,False,0,0,0.18931377482949183
23,41000,4700,7.9,0.11,2,False,0,0,0.09738934661900732
27,60000,5000,12.73,0.08,8,True,0,0,0.20520511311885184
24,95000,25000,16.32,0.26,3,False,0,0,0.25384684452098755
29,47000,7000,10.36,0.15,7,False,0,0,0.158286777266975
44,57700,3600,6.99,0.06,14,False,0,0,0.05748155917967318
21,24996,3600,14.09,0.14,3,False,1,0,0.26124873430492335
23,60000,7500,9.07,0.13,2,False,0,0,0.10797018519947219
27,70000,8000,12.92,0.11,6,True,0,0,0.22481443420177735
24,55000,9000,14.72,0.16,2,True,0,0,0.37315604724503887
22,26000,3900,7.51,0.15,3,False,0,0,0.144105884371442
30,60000,12000,13.84,0.2,7,True,0,0,0.39620221055522914
24,60000,5850,7.49,0.1,3,False,0,0,0.07512175982467119
26,100000,24000,10.99,0.24,4,False,0,0,0.13022665591133742
35,148000,25000,14.62,0.17,10,True,1,0,0.15452890775466185
21,24000,7000,11.86,0.29,3,False,0,0,0.49667477289958467
28,112000,15000,11.12,0.13,7,False,0,0,0.07716944871051568
36,25000,6200,9.91,0.25,14,False,1,0,0.35474337409722534
21,60000,8000,11.26,0.13,3,False,0,0,0.13263304305103032
22,66000,2700,6.76,0.04,3,False,0,0,0.04565498522301068
35,39800,2400,11.71,0.06,10,False,0,0,0.10986006602006845
25,54000,12000,17.49,0.22,4,False,1,0,0.40000424482072683
23,31000,10000,7.51,0.32,2,False,1,0,0.3887488466459192
21,42000,5000,9.32,0.12,4,False,0,0,0.12101744860889499
30,21600,1500,11.71,0.07,8,False,1,0,0.13146451568587345
21,30000,3200,11.14,0.11,3,False,0,0,0.1540628305162011
22,50000,8000,6.03,0.16,3,False,0,0,0.10017635121264504
22,45000,9000,7.9,0.2,3,False,0,0,0.1675563456814167
36,29000,4000,8.49,0.14,13,False,1,0,0.1469061544024292
33,43000,7000,7.88,0.16,6,False,0,0,0.13574048132526798
23,130104,24000,6.54,0.18,2,False,0,0,0.04059489743113615
22,73700,8800,18.21,0.12,3,True,0,0,0.367540645976134
27,61000,12000,12.21,0.2,5,False,0,0,0.2162558911815646
26,30000,2000,11.99,0.07,2,False,1,0,0.12949050505266846
34,91000,15000,0.0,0.16,8,False,0,0,0.029679405260132997
27,40000,6125,13.23,0.15,5,True,0,0,0.35876736308192847
22,68000,3500,6.39,0.05,4,False,0,0,0.04546691821288556
29,91200,2000,11.49,0.02,8,False,0,0,0.06419331186478229
34,80300,15000,12.73,0.19,9,True,0,0,0.288377131127678
25,42769,1500,7.49,0.04,3,False,0,0,0.05791553144575165
29,63500,1600,11.83,0.03,5,False,0,0,0.0822592806235673
27,48000,10000,10.62,0.21,7,False,0,0,0.22653821648856942
35,85000,14000,10.65,0.16,5,False,0,0,0.11317483547124137
24,29000,14400,15.7,0.5,4,False,1,1,0.8929001893329888
22,31200,10000,12.73,0.32,2,True,1,1,0.7010597085654358
33,125000,10975,6.99,0.09,9,False,0,0,0.0396577004191475
25,70200,18000,16.45,0.26,2,False,0,0,0.3667109915661626
38,104800,14000,6.03,0.13,14,False,0,0,0.046412197815828525
32,36500,5000,6.91,0.14,5,False,1,0,0.1160032261616295
28,230000,10000,10.95,0.04,6,False,0,0,0.029780543796876297
22,51600,4200,10.59,0.08,3,False,0,0,0.09956441830435435
24,40000,8000,0.0,0.2,4,False,0,0,0.07502296036990379
47,59827,6000,15.58,0.1,15,False,1,0,0.18780015027271268
29,48880,14000,10.65,0.29,9,False,0,0,0.3394555653900127
25,24000,10000,9.91,0.42,4,False,1,1,0.7064940541788133
23,28000,6000,9.63,0.21,4,False,0,0,0.25990355277011085
23,40000,2000,11.71,0.05,4,False,0,0,0.10054070956621708
31,124992,24000,8.49,0.19,5,False,0,0,0.058251186824174926
24,25000,5000,7.14,0.2,2,False,0,0,0.20126082872847134
32,25000,11700,12.68,0.47,10,True,1,1,0.9073374942815382
21,12000,2500,7.51,0.21,4,False,1,0,0.2586685357237428
24,75000,1800,8.94,0.02,4,False,0,0,0.05027776874333491
25,94400,35000,7.49,0.37,3,False,0,0,0.15662590013591304
29,65000,15000,11.83,0.23,9,False,0,0,0.22520058279866137
27,35000,4200,0.0,0.12,5,False,0,0,0.04471714665134394
21,34000,1200,12.69,0.04,4,False,1,0,0.10836487643229228
25,80000,6000,7.9,0.07,3,False,0,0,0.055617976221651676
25,62000,20000,17.04,0.32,3,False,1,1,0.5082163780245881
21,55400,5000,14.27,0.09,4,False,1,0,0.1534054338725886
32,74280,6400,0.0,0.09,10,False,0,0,0.02596147352900397
25,108000,10000,7.88,0.09,3,False,0,0,0.048850150040397826
23,69000,1000,7.29,0.01,3,False,0,0,0.04000670409728484
46,88400,30000,18.39,0.29,16,False,1,0,0.31716064836512237
22,60000,7000,7.14,0.12,3,False,0,0,0.08089260341343377
26,30000,2300,10.99,0.08,2,False,0,0,0.12472201951664795
31,54000,1400,0.0,0.03,8,False,0,0,0.020750673578021454
36,42000,2000,11.14,0.05,11,False,0,0,0.09563122857322859
25,36000,6600,11.49,0.18,4,False,0,0,0.2366245519248535
29,48000,5000,11.97,0.1,5,True,0,0,0.23283090961782582
24,70000,10000,13.49,0.14,4,False,0,0,0.16172663142275556
23,150000,30000,9.99,0.2,3,False,0,0,0.04908422633398556
27,90000,20000,16.7,0.22,9,False,0,0,0.24599785416505082
26,22800,5000,13.57,0.22,2,True,0,1,0.5738753628779175
48,39000,5800,14.54,0.15,15,False,1,0,0.2674085126856475
27,90000,10000,7.49,0.11,9,False,0,0,0.05895710332418259
28,48500,15000,12.87,0.31,8,True,1,1,0.6007352308564095
35,54000,17250,19.42,0.32,10,False,1,1,0.6312261834995965
44,85280,7000,10.62,0.08,12,False,0,0,0.08075988515227528
22,51000,15000,11.11,0.29,4,False,0,0,0.3353063190797584
25,83195,13000,11.71,0.16,3,False,0,0,0.13159624634116832
27,76000,12000,0.0,0.16,6,False,0,0,0.03652315949093816
29,128000,15000,9.63,0.12,9,False,1,0,0.056048276458098206
32,100000,9500,5.79,0.1,8,False,0,0,0.04455707234525011
23,40000,1000,6.03,0.03,2,False,0,0,0.04578721070338426
26,112000,20000,12.53,0.18,4,False,1,0,0.10866596080499641
22,74000,24250,15.65,0.33,2,True,1,1,0.5763994673464301
26,36000,5175,6.03,0.14,4,False,0,0,0.10268876964240856
24,88400,5000,0.0,0.05,4,False,1,0,0.018052146234245434
25,50000,8000,5.42,0.16,4,False,0,0,0.09410034016560113
31,45000,15000,13.06,0.33,5,True,0,1,0.6603992908396862
36,72000,10000,11.49,0.14,14,False,0,0,0.130878083307142
29,10000,3250,11.12,0.33,9,False,1,1,0.6410840861853458
23,27252,5800,13.06,0.21,3,False,0,0,0.35463321823588856
29,51996,2000,13.72,0.04,6,True,0,0,0.19624797179344164
24,87000,25000,10.99,0.29,4,False,0,0,0.19446089840483066
23,57468,14075,9.91,0.24,2,False,0,0,0.21538998640592527
22,54000,7000,14.96,0.13,2,True,1,0,0.33804901469133086
23,43000,8000,10.37,0.19,4,False,0,0,0.20977883139961878
31,56000,4000,5.79,0.07,9,False,0,0,0.052422784308057704
25,99000,15000,6.17,0.15,4,False,0,0,0.05422448610826457
24,22000,8000,5.42,0.36,4,False,0,0,0.4593270661148843
23,72000,10000,13.85,0.14,3,False,0,0,0.16699558751122467
37,52000,14000,13.16,0.27,15,True,0,1,0.5251088731705136
25,54000,8000,11.49,0.15,4,False,1,0,0.16554309163572117
29,15000,2600,16.29,0.17,10,False,1,0,0.4102771078860953
23,45000,8650,14.27,0.19,3,False,0,0,0.2930618002903671
25,70000,12000,12.18,0.17,3,False,0,0,0.1647599314240649
23,75000,6000,6.99,0.08,4,False,0,0,0.05524137241197159
34,19200,5500,15.23,0.29,8,True,1,1,0.7685406094136413
28,101000,5000,9.91,0.05,5,False,0,0,0.05815742254476127
23,54000,16000,16.32,0.3,3,False,1,1,0.5012684718748338
23,83000,1500,11.12,0.02,2,False,0,0,0.0647604970186152
25,63000,12000,14.26,0.19,3,False,0,0,0.24261450205669502
22,60000,16800,11.99,0.28,3,False,0,0,0.30770330197822376
21,38400,12200,0.0,0.32,2,False,0,0,0.173743950909027
25,100000,7500,13.99,0.07,4,False,0,0,0.09719297183014079
24,36600,3000,9.33,0.08,2,False,0,0,0.09729195481518482
26,38000,4000,0.0,0.11,3,False,0,0,0.040819833281223475
26,70000,5000,0.0,0.07,3,True,0,0,0.04435714680056195
29,120000,6250,12.53,0.05,9,False,0,0,0.06888402141058889
24,40000,10000,11.99,0.25,4,False,0,0,0.3479162274775074
21,65000,10000,9.99,0.15,2,False,0,0,0.1222748404674644
27,49000,11000,0.0,0.22,10,False,0,0,0.07362765086810712
25,65004,2500,10.08,0.04,2,False,0,0,0.06947347117209543
28,63000,6400,14.79,0.1,9,False,0,0,0.16185333403428676
22,96000,12000,0.0,0.13,3,False,0,0,0.025397634760843786
29,99400,6000,6.92,0.06,7,False,0,0,0.04238542388350502
29,54000,10000,13.49,0.19,9,True,1,0,0.39320490154517485
28,40000,1000,9.88,0.03,9,False,0,0,0.07178744660277052
23,30000,4275,11.86,0.14,4,False,0,0,0.202162337001614
24,100000,10200,12.99,0.1,4,True,0,0,0.17280854992301578
25,27600,7000,9.76,0.25,4,False,0,0,0.3361779224418433
25,90000,6000,13.49,0.07,4,False,0,0,0.10273635222042535
25,125000,8000,9.63,0.06,2,False,0,0,0.04827284993931973
27,35000,3500,8.59,0.1,6,False,0,0,0.10462318052604004
24,52000,5000,15.28,0.1,4,False,1,0,0.18855052286747984
41,69350,10800,5.42,0.16,13,False,0,0,0.07781455299847881
25,77004,15000,9.63,0.19,2,False,0,0,0.12515132721589792
30,35000,1000,10.36,0.03,6,False,0,0,0.07823127805467106
27,130000,15000,5.79,0.12,7,False,0,0,0.03515815480798925
26,156000,9600,14.27,0.06,2,True,0,0,0.12561210782503068
26,38400,7000,12.69,0.18,2,False,0,0,0.2605126425023266
22,105000,7500,0.0,0.07,2,False,0,0,0.01794546431787051
34,80000,19000,10.62,0.24,10,False,0,0,0.17278630226503125
22,60000,4400,15.23,0.07,3,True,0,0,0.24861980861889002
23,34800,7000,11.99,0.2,2,False,1,0,0.2832726340393439
37,72800,23000,11.58,0.32,17,False,0,0,0.29452627904662726
30,95000,5000,6.99,0.05,10,False,0,0,0.04147780560538976
21,33996,2500,7.88,0.07,3,False,1,0,0.07694520446566966
26,45000,6000,9.91,0.13,2,False,0,0,0.1352318394601212
25,79000,14500,11.48,0.18,3,False,0,0,0.14276930907250715
22,67145,10000,10.62,0.15,4,False,0,0,0.12987784628197582
23,85596,6000,10.0,0.07,3,False,0,0,0.06952931629357056
31,81000,7000,13.61,0.09,8,True,0,0,0.21082760262947525
24,49200,10000,13.49,0.2,3,False,0,0,0.27479733876781093
23,71000,8500,5.79,0.12,2,False,0,0,0.06178277055420089
22,48400,12000,14.65,0.25,3,True,1,1,0.5514693887714665
22,67350,9600,14.96,0.14,4,False,0,0,0.1923176450248301
44,61000,11000,16.02,0.18,12,True,1,0,0.43554020541670035
25,38400,4000,12.53,0.1,4,False,0,0,0.15508782861971981
34,29152,5000,10.36,0.17,7,False,0,0,0.21891716157419597
23,24960,1675,11.11,0.07,3,False,0,0,0.1199359487072467
24,72000,9000,7.49,0.13,4,False,0,0,0.07992204516164442
24,48000,12000,0.0,0.25,3,False,0,0,0.09312804367403667
26,102000,10000,8.59,0.1,2,False,0,0,0.059913386968240744
27,80000,7500,12.18,0.09,5,False,0,0,0.10105865638658568
27,36000,1050,14.72,0.03,5,True,0,0,0.2177479692060026
27,110000,18000,9.91,0.16,5,False,0,0,0.0755032472537307
23,30000,2200,0.0,0.07,3,False,1,0,0.0312525080484369
25,135000,10000,15.62,0.07,3,True,0,0,0.16338280673373323
25,178364,8000,15.68,0.04,2,True,0,0,0.1252852369867689
26,113000,3200,0.0,0.03,3,False,0,0,0.015406440810736997
36,52500,2250,5.42,0.04,14,False,0,0,0.04215462460639779
33,97200,4000,0.0,0.04,10,False,0,0,0.017080744810366304
34,50000,16000,13.49,0.32,5,True,0,1,0.6344093851435261
30,35004,3600,12.73,0.1,6,True,0,0,0.27508268648914735
37,33600,8000,0.0,0.24,17,False,0,0,0.11054707358482149
39,67000,15000,10.37,0.22,15,False,0,0,0.18086448243045997
35,30000,10000,13.43,0.33,7,False,1,1,0.6031682851021968
22,31000,6500,8.32,0.21,3,False,0,0,0.22248586546080756
32,43000,5600,7.51,0.13,7,False,0,0,0.10711183761117929
27,45500,14000,13.92,0.31,6,True,0,1,0.6488552078031424
37,76066,24250,15.65,0.32,13,True,1,1,0.5540670764510833
41,70800,10000,11.36,0.14,12,False,0,0,0.13216512555141388
50,900000,30000,12.69,0.03,15,False,0,0,0.0012029908210939816
23,15000,5175,12.18,0.34,2,False,1,1,0.6640292840887977
31,20400,11000,11.03,0.54,10,True,0,1,0.9444839045854914
28,61838,10675,7.49,0.17,7,False,0,0,0.1085287043761373
26,64212,9600,14.27,0.15,2,True,0,0,0.3239763158602675
30,102000,25000,9.62,0.25,8,False,0,0,0.11540836127149262
23,140000,3500,5.79,0.03,3,False,0,0,0.02796804494631106
29,30000,4400,11.49,0.15,6,False,0,0,0.21217566153359255
30,32004,5500,8.0,0.17,8,False,0,0,0.16456833331131673
24,38000,2000,11.83,0.05,2,False,0,0,0.1034160759394418
25,108000,4800,12.42,0.04,4,False,0,0,0.06988272635237879
24,85000,15000,7.9,0.18,2,False,0,0,0.09183029327204688
24,105000,4000,11.34,0.04,4,False,0,0,0.06485217919049131
25,90000,10000,5.42,0.11,4,False,0,0,0.04650889816384225
23,61000,12000,11.71,0.2,2,False,0,0,0.20513977215039228
30,17280,2000,0.0,0.12,7,False,0,0,0.05388637790146722
24,55000,14500,6.62,0.26,2,False,0,0,0.1797284108490586
23,95000,10000,9.91,0.11,3,False,0,0,0.07743372730152255
31,36000,1000,10.59,0.03,9,False,0,0,0.07964274360666158
22,42000,5000,8.94,0.12,2,False,0,0,0.11705722861592859
26,50026,7000,0.0,0.14,4,False,0,0,0.04391153010848059
23,175000,21000,11.99,0.12,3,False,0,0,0.04523904193075378
23,24000,5550,12.53,0.23,4,True,0,1,0.5532301098200952
26,75000,10000,8.94,0.13,2,False,0,0,0.08953596881007338
21,31200,13000,13.11,0.42,2,True,1,1,0.8481210818699377
23,30000,13000,13.57,0.43,2,True,1,1,0.8686514618194152
26,36636,5000,6.03,0.14,2,False,0,0,0.10408327016421351
22,48000,6500,15.99,0.14,2,True,1,0,0.4032073602591447
21,45000,4000,7.9,0.09,3,False,0,0,0.08254556936961985
23,33996,8000,10.95,0.24,3,False,1,0,0.32791969859730713
26,78000,7200,6.62,0.09,2,False,0,0,0.05461385899891047
46,60000,5000,11.72,0.08,16,False,0,0,0.10953011774308807
41,60000,5000,5.42,0.08,17,False,0,0,0.05187988400987097
22,105000,6000,14.22,0.06,3,True,0,0,0.1711507945252703
25,42288,5000,10.99,0.12,2,False,0,0,0.14750975356503876
28,103992,18000,10.99,0.17,10,False,0,0,0.09431481047635483
38,90000,7000,6.99,0.08,16,False,0,0,0.05040908726138494
22,69500,6000,10.65,0.09,4,False,0,0,0.09402961640497069
38,66000,5000,12.92,0.08,16,False,1,0,0.12001634686584779
24,18000,6000,12.21,0.33,2,False,1,1,0.6289204966430548
26,54000,3600,12.69,0.07,4,False,1,0,0.11919377135062187
21,38000,5000,8.94,0.13,2,False,0,0,0.12894223233203084
23,70550,14000,17.51,0.17,2,True,1,0,0.39454134335068275
29,109900,15000,13.47,0.14,10,True,1,0,0.19298440762639194
25,50000,20000,7.49,0.4,3,False,1,0,0.42082317536530345
43,45996,6300,7.51,0.14,14,False,0,0,0.11335414382601999
25,76000,6000,12.98,0.08,2,True,0,0,0.19409181416849264
25,12000,3000,0.0,0.25,3,False,1,0,0.1672988067106119
30,25000,3500,11.11,0.14,5,False,0,0,0.20065515138583284
23,60480,15000,10.83,0.25,2,False,0,0,0.24174653059873388
39,48000,3000,5.42,0.06,11,False,0,0,0.05053461341149339
37,24000,3000,19.03,0.13,11,False,1,0,0.38899169600758976
37,408000,6000,12.61,0.01,13,False,0,0,0.019777072924318885
23,55000,1500,11.49,0.03,3,False,0,0,0.0805288245419606
22,31356,11225,0.0,0.36,2,True,1,0,0.3975450386196203
31,42000,7200,9.99,0.17,8,False,0,0,0.1811926727214774
22,70800,10000,12.61,0.14,2,False,0,0,0.14693832363035583
29,120000,7000,8.49,0.06,7,False,0,0,0.04525833042932067
21,30000,14500,14.59,0.48,2,True,1,1,0.9184691612937431
24,20000,6000,7.14,0.3,2,False,0,0,0.39737900944518506
31,60380,6000,11.48,0.1,10,False,0,0,0.11720302105095945
38,150000,24000,11.83,0.16,13,False,0,0,0.06012746792837553
24,59000,12000,15.28,0.2,2,True,1,0,0.43972417110562567
22,107000,24000,19.69,0.22,4,True,1,0,0.40329404115672823
22,45000,5400,7.29,0.12,2,False,0,0,0.09435261092410004
44,49200,3600,16.29,0.07,14,True,0,0,0.29976792034205324
22,36000,4500,7.51,0.13,2,False,0,0,0.11415200296963672
44,91000,7900,8.59,0.09,14,False,0,0,0.06501880640580142
26,76160,7400,7.51,0.1,2,False,0,0,0.0662778486667771
31,48000,15000,15.21,0.31,5,True,1,1,0.6733498604815648
23,40000,6000,14.79,0.15,2,False,0,0,0.26180934498304154
28,75000,6000,11.48,0.08,8,False,0,0,0.09346270259412115
28,71652,25000,20.03,0.35,9,False,1,1,0.5898939409425806
23,26000,1600,16.29,0.06,3,True,1,0,0.31248770332140363
34,28800,2500,21.36,0.09,9,False,1,0,0.3655644890253801
30,52500,10000,9.63,0.19,8,False,1,0,0.17351589717397764
28,111000,25000,19.79,0.23,5,False,1,0,0.2709025578235492
28,110000,11000,5.79,0.1,7,False,0,0,0.03915475948298055
23,120000,10000,0.0,0.08,2,False,0,0,0.016304229485639705
40,130000,24250,6.17,0.19,16,False,0,0,0.04271752069604058
25,45000,5000,11.89,0.11,3,False,0,0,0.14751908027750074
26,100840,7000,9.99,0.07,3,False,0,0,0.06323355641171682
22,67000,8800,7.51,0.13,2,False,0,0,0.08219441467522037
30,42000,10000,16.11,0.24,9,False,0,0,0.4466078013263055
28,30000,15000,0.0,0.5,8,False,0,1,0.5285053259737773
21,35000,10000,7.66,0.29,3,False,0,0,0.3188691452477547
24,59964,1275,10.99,0.02,4,False,1,0,0.06909515115193378
37,30000,12000,12.42,0.4,15,False,1,1,0.7018017894608427
28,50000,5000,7.74,0.1,6,False,0,0,0.08389959083610153
25,48000,24250,10.25,0.51,3,False,0,1,0.7069559678440344
23,65000,9600,14.17,0.15,4,True,0,0,0.31703969865741405
24,46256,10000,11.48,0.22,3,False,0,0,0.26671472125630546
25,88140,15000,13.49,0.17,3,True,0,0,0.25984885662165125
27,58000,8500,13.49,0.15,6,True,0,0,0.31969492757555323
33,16000,6000,7.14,0.38,5,False,1,1,0.6043482082707824
31,83300,10000,0.0,0.1,5,True,1,0,0.0428471349319031
22,32000,10000,16.07,0.31,2,False,1,1,0.6254644481638555
25,68496,6000,8.0,0.09,3,False,0,0,0.07039167320911087
37,27052,6000,10.37,0.22,12,False,0,0,0.304222356075267
23,55000,5500,11.71,0.1,4,False,0,0,0.12448125609007893
31,100000,11000,7.51,0.11,5,False,0,0,0.05547451365439402
24,68400,3000,5.42,0.04,4,False,0,0,0.038040947997142235
24,64600,5000,7.9,0.08,3,False,0,0,0.06764011567040805
28,53000,10000,11.89,0.19,6,False,0,0,0.2175845769558754
22,30000,13250,10.99,0.44,4,False,0,1,0.7283891185208979
21,47200,7000,13.23,0.15,4,False,0,0,0.2091605830016724
23,25920,10000,15.58,0.39,2,False,1,1,0.7824810672151381
24,125000,16800,12.42,0.13,4,False,0,0,0.07762151097734127
28,75500,3500,14.91,0.05,9,False,0,0,0.11960510521092066
22,30004,7500,0.0,0.25,2,False,0,0,0.1250016155427266
25,78000,9000,11.78,0.12,2,True,1,0,0.2040313179797532
31,79000,20000,13.49,0.25,6,False,0,0,0.23846834900446046
27,88000,9000,6.91,0.1,8,False,0,0,0.05352090198689501
23,55000,8000,9.25,0.15,2,False,0,0,0.1298795947069943
39,78000,25000,16.02,0.32,17,False,1,0,0.38949711576763496
23,33996,5500,13.47,0.16,2,True,0,0,0.4021836645538608
29,78200,23500,11.36,0.3,8,False,0,0,0.24060063826022732
22,42500,7500,7.9,0.18,2,False,0,0,0.15429091851983237
30,25716,3000,13.72,0.12,10,False,0,0,0.22369674258626168
26,102000,20000,11.36,0.2,4,False,0,0,0.11741313517161613
29,100000,10000,7.49,0.1,6,False,0,0,0.05280565358422115
28,45000,2800,0.0,0.06,8,False,0,0,0.026113236727734475
23,43200,9000,6.17,0.21,3,False,0,0,0.15318210178471164
41,140000,15000,17.88,0.11,11,False,0,0,0.1307144688913114
22,41400,17000,12.87,0.41,3,False,1,1,0.6585186453216235
26,43680,12000,10.37,0.27,2,False,0,0,0.3206328830376055
25,36400,18200,9.91,0.5,4,False,1,1,0.7580448700873818
26,96000,24000,19.42,0.25,4,False,0,0,0.32546587538572663
34,130000,5000,17.56,0.04,8,True,0,0,0.2050481439460529
23,60000,3000,19.13,0.05,2,False,0,0,0.20082642366649123
33,40000,3200,5.42,0.08,8,False,0,0,0.06127439874005695
25,75000,5800,0.0,0.08,2,False,0,0,0.024370842710426596
34,72000,10000,7.51,0.14,7,False,0,0,0.08498316393921931
28,39600,4500,10.25,0.11,10,False,0,0,0.12745563730868367
22,50000,7000,7.66,0.14,3,False,0,0,0.10610117061652258
34,55000,7000,13.49,0.13,10,True,0,0,0.3007559469227328
30,52800,15000,5.99,0.28,5,False,0,0,0.19653479940411325
27,200000,5000,7.74,0.03,7,False,0,0,0.02686099774848139
30,61000,9000,11.49,0.15,5,False,0,0,0.15611219817381614
27,223000,12000,14.96,0.05,6,False,1,0,0.04817866769541926
39,200000,4800,7.49,0.02,13,False,0,0,0.024424117339353818
25,72000,20000,11.83,0.28,4,False,0,0,0.2575810868972266
27,146000,2500,8.49,0.02,9,False,0,0,0.036460073570475704
24,168000,25000,16.45,0.15,3,False,1,0,0.08264321054654504
30,55000,12000,13.55,0.22,5,False,0,0,0.29143378606893816
50,69000,15000,0.0,0.22,17,False,1,0,0.05813596902382328
23,25000,7200,8.49,0.29,2,False,0,0,0.39149562412714733
24,74000,16800,15.65,0.23,3,True,1,0,0.44041774852493215
38,55000,14000,11.48,0.25,14,False,0,0,0.27501040717742503
31,43288,10000,10.74,0.23,5,False,0,0,0.2736858294409554
23,75000,16100,7.9,0.21,3,False,0,0,0.11600368547945225
28,56000,5050,12.29,0.09,8,True,1,0,0.21498718139052592
29,32000,2100,6.91,0.07,5,False,0,0,0.0721581445112844
41,95000,21600,13.92,0.23,12,True,0,0,0.31251192900690183
22,37200,13000,16.0,0.35,2,False,1,1,0.6695985511622436
22,52000,9000,14.11,0.17,3,True,0,0,0.3787632606754325
22,53000,5000,9.91,0.09,2,False,0,0,0.09648614605416576
34,74000,17000,14.27,0.23,10,True,0,0,0.3982963506555394
23,33195,1800,11.99,0.05,3,False,0,0,0.10730493147951174
28,100000,12000,10.99,0.12,8,False,0,0,0.08478257091890543
28,29000,8000,13.11,0.28,9,True,1,1,0.6513511680902407
27,51000,3500,7.88,0.07,5,False,0,0,0.06999425713276707
26,120000,25000,0.0,0.21,3,False,0,0,0.024094559960007592
28,66000,9000,13.99,0.14,7,False,0,0,0.18177088582463058
32,249996,14000,12.99,0.06,8,False,0,0,0.034590867000049326
34,69000,5800,14.59,0.08,5,True,1,0,0.23768362361833717
23,13200,1400,9.25,0.11,4,False,0,0,0.14535670445379478
30,89900,20000,0.0,0.22,9,True,0,0,0.07259525652361785
24,84996,6000,6.03,0.07,3,False,0,0,0.04368511726354115
34,36000,9500,8.59,0.26,8,False,0,0,0.29145425436253214
24,16800,3900,0.0,0.23,2,False,1,0,0.13271059552693437
29,52000,10000,13.23,0.19,9,True,0,0,0.3869999636522452
25,47000,5000,12.42,0.11,4,False,0,0,0.1547948700606089
23,300000,24250,19.41,0.08,2,True,0,0,0.07801046354234253
25,67675,3000,14.35,0.04,3,False,0,0,0.10888826159004857
25,24996,9250,8.59,0.37,4,False,1,1,0.5627072560930089
22,48000,1000,7.29,0.02,4,False,0,0,0.04672867334653451
38,57000,15000,17.27,0.26,16,False,0,0,0.4459343611135381
26,14400,2000,17.49,0.14,3,True,1,1,0.5476156726549507
25,60000,12500,11.49,0.21,4,False,0,0,0.21278932729438566
25,96000,12000,11.99,0.13,3,False,0,0,0.10580000515456689
22,48000,2400,11.46,0.05,3,False,0,0,0.0933586636220916
28,125000,8000,11.14,0.06,6,False,0,0,0.057615059801660345
40,60000,3500,12.99,0.06,14,True,0,0,0.19694843692947986
36,32642,8500,11.49,0.26,12,False,0,0,0.3872937490245574
37,97000,10000,0.0,0.1,15,False,0,0,0.021519601276164153
35,75000,7600,0.0,0.1,7,False,0,0,0.027121364467544044
25,45000,5950,7.74,0.13,2,False,0,0,0.10642241911848173
22,39696,14125,12.42,0.36,4,False,1,1,0.5683331397491567
22,166000,23450,11.36,0.14,2,False,0,0,0.04530696868322137
25,23198,6000,8.0,0.26,2,False,0,0,0.32775649818051433
23,84000,4200,5.42,0.05,4,False,0,0,0.03706861098228636
24,36000,10000,11.46,0.28,4,False,0,0,0.40623806678770297
26,36000,10000,10.75,0.28,2,False,0,0,0.38812202078594854
23,33000,4000,10.96,0.12,4,False,0,0,0.1571021767095266
22,56004,2000,7.51,0.04,4,False,0,0,0.05346461239050133
29,33000,5000,8.9,0.15,8,False,0,0,0.15586513387726422
29,74100,4500,13.61,0.06,6,True,0,0,0.19044231004905834
23,24000,14075,0.0,0.59,3,False,1,1,0.7493724983535901
29,105996,25000,14.83,0.24,9,False,0,0,0.18182202715453913
23,51000,10000,7.14,0.2,2,False,0,0,0.14525272933173575
22,41000,4000,7.51,0.1,3,False,1,0,0.0878659294545747
43,48000,4500,5.42,0.09,14,False,0,0,0.061877142123367646
28,145656,10000,10.37,0.07,7,False,1,0,0.048191964598630094
36,60996,15000,9.63,0.25,14,False,0,0,0.21605972220062886
31,50000,2000,5.42,0.04,8,False,1,0,0.04319187678635306
25,30000,11400,7.51,0.38,4,False,1,1,0.5174164755342031
23,44000,3200,7.51,0.07,2,False,0,0,0.069382015196591
25,75000,12000,0.0,0.16,3,True,0,0,0.06838206923673389
42,13200,2500,0.0,0.19,14,True,1,0,0.18181079097475977
25,37560,5000,10.99,0.13,3,False,0,0,0.1622747958680845
23,33800,13000,15.31,0.38,4,True,0,1,0.8298990996108718
34,65000,5600,8.0,0.09,6,False,0,0,0.0742336808468596
22,51996,3500,9.62,0.07,2,False,0,0,0.08474204138194892
22,60000,14000,6.03,0.23,2,False,0,0,0.13161111113849164
30,105000,12000,7.88,0.11,6,False,0,0,0.053530802858288186
23,57000,9250,5.99,0.16,4,False,0,0,0.09118340835227651
27,57886,4000,7.9,0.07,9,False,0,0,0.06598490209995192
21,30000,12250,14.59,0.41,3,True,1,1,0.8642806617555617
21,25200,8250,7.49,0.33,4,False,1,0,0.43985075263853923
27,29120,4000,10.75,0.14,8,False,0,0,0.18373125756866585
42,62000,8000,9.63,0.13,11,False,0,0,0.11488077072614346
32,130000,12500,9.99,0.1,6,False,0,0,0.056586505622480944
22,74000,19000,20.48,0.26,2,True,1,1,0.6294009454692313
22,55000,10000,5.79,0.18,2,False,0,0,0.10345901387013885
27,69000,2500,7.14,0.04,8,False,0,0,0.04794476293232444
48,66000,12475,6.62,0.19,11,False,0,0,0.11096090813636836
33,84000,20000,5.99,0.24,8,False,0,0,0.09819063688592189
26,85000,11600,5.42,0.14,4,False,0,0,0.057509549933442754
22,32000,1200,9.96,0.04,2,False,0,0,0.08066625263974309
24,60000,6000,11.48,0.1,2,False,0,0,0.11748347623701856
27,38000,5850,0.0,0.15,5,False,0,0,0.05364317731403991
37,21000,5000,15.21,0.24,11,False,0,1,0.5161829268792305
24,36000,5000,14.59,0.14,2,False,1,0,0.2526160033565957
30,48500,4200,11.48,0.09,7,False,0,0,0.1229304577194289
25,100000,15000,6.17,0.15,4,False,0,0,0.05405794241285433
21,35360,12250,15.31,0.35,4,False,0,1,0.6596886922393735
24,50004,5000,7.14,0.1,3,False,0,0,0.07799504789780941
23,170000,12000,11.11,0.07,2,False,0,0,0.043388844185286476
26,81000,10750,8.49,0.13,2,False,0,0,0.08009132748124635
39,54000,6000,11.83,0.11,16,False,1,0,0.13640264325441304
24,75000,3000,5.42,0.04,3,False,0,0,0.037378302719393325
22,102996,8000,7.74,0.08,3,False,0,0,0.049318707862917664
27,46000,18000,7.9,0.39,8,False,0,0,0.43968108968075176
32,40000,9600,13.48,0.24,5,True,0,1,0.540294199888952
32,80000,12000,6.62,0.15,10,False,0,0,0.07227771974950625
30,24000,5000,10.59,0.21,6,False,0,0,0.30275241317558027
24,55000,15000,6.62,0.27,3,False,0,0,0.1898038056804517
38,17600,4000,16.0,0.23,11,False,1,1,0.5346323466572157
26,72000,7000,9.32,0.1,2,False,0,0,0.08467296593968988
35,110000,6000,0.0,0.05,6,False,0,0,0.01636432850190685
24,114000,15000,9.76,0.13,3,False,0,0,0.06541339905053414
34,50000,15000,12.72,0.3,9,True,0,1,0.574847300753405
33,43000,8000,10.0,0.19,8,False,0,0,0.20571700536787452
22,45975,10375,0.0,0.23,4,False,0,0,0.08459281441631127
22,94342,2400,10.59,0.03,4,False,0,0,0.060788697375472954
25,120000,11000,12.18,0.09,4,False,0,0,0.07354792574005961
26,41000,8000,6.03,0.2,3,False,0,0,0.1481209893569621
31,235000,11200,15.65,0.05,5,False,0,0,0.05365328327127743
25,31200,10000,9.91,0.32,4,False,1,0,0.4620852028223406
22,35000,8000,9.2,0.23,3,False,0,0,0.26031382856941043
24,36000,5300,15.28,0.15,3,False,0,0,0.285142185203681
31,60000,5000,16.49,0.08,9,False,0,0,0.1784207335197774
24,50866,20000,0.0,0.39,3,False,1,0,0.20342249554308792
40,39500,10000,7.29,0.25,11,False,0,0,0.2345441064368513
36,31000,2500,8.9,0.08,13,False,0,0,0.09738703695169319
26,90000,10000,7.49,0.11,4,False,0,0,0.0596580820801318
23,50000,5000,10.59,0.1,2,False,0,0,0.11529408639109472
24,16000,4200,0.0,0.26,2,False,1,0,0.16926180645697886
30,54000,6300,10.0,0.12,7,False,0,0,0.11975801552880608
28,64500,4000,13.79,0.06,8,True,1,0,0.20219582127307834
28,69000,6000,11.86,0.09,9,False,0,0,0.10837569284277437
32,42000,10375,5.42,0.25,7,False,0,0,0.18800161437262763
32,54000,5000,7.9,0.09,7,False,0,0,0.07773270202616987
23,80000,25000,9.99,0.31,3,False,0,0,0.21036992963378473
28,50000,8450,0.0,0.17,9,False,0,0,0.05333633156658834
33,114996,7450,11.71,0.06,5,False,0,0,0.06682237922478884
26,80004,7500,15.23,0.09,2,True,1,0,0.24189808131694598
26,57800,15000,0.0,0.22,3,True,1,0,0.10604539288253598
31,82116,2800,12.68,0.03,9,True,0,0,0.14300514750387458
25,65000,10000,10.95,0.15,2,False,0,0,0.13741249219722546
27,42000,5000,10.99,0.12,10,False,0,0,0.1452870518048864
28,56864,12300,7.88,0.22,8,False,0,0,0.16247226189513797
22,42000,5400,6.03,0.13,3,False,0,0,0.09011172486281274
58,39996,2500,10.37,0.06,27,False,0,0,0.09604558653972917
27,27600,3500,6.99,0.13,9,False,0,0,0.1160010776214452
29,55000,8000,10.0,0.15,6,False,0,0,0.14183396626031297
41,82000,12000,7.51,0.15,17,False,0,0,0.08027989176168225
25,23387,10000,7.51,0.43,4,False,1,1,0.6638115161869884
23,85000,10000,11.89,0.12,4,False,0,0,0.10913767107178174
26,93500,6250,14.83,0.07,3,True,0,0,0.20351909991142078
24,23000,8000,13.49,0.35,4,False,1,1,0.677951005501662
34,120000,7100,8.9,0.06,8,False,0,0,0.04789153084455155
28,30000,10000,9.32,0.33,7,False,1,0,0.4698982496958191
28,87950,24000,10.75,0.27,7,False,0,0,0.16931803460303757
42,2039784,8450,12.29,0.0,15,True,0,0,0.0001455101979689925
23,26000,5000,7.91,0.19,2,False,0,0,0.19951468557665752
23,75000,10200,12.68,0.14,2,True,0,0,0.24644530314677415
23,59000,13000,5.42,0.22,4,False,0,0,0.1189452124270585
29,153000,17600,8.7,0.12,8,False,0,0,0.040018259880491354
27,66000,9250,8.59,0.14,9,False,0,0,0.09918618593472073
44,79272,3000,5.79,0.04,11,False,0,0,0.040205651074831227
26,45000,7750,12.53,0.17,4,False,0,0,0.22481794370218627
23,50000,10000,6.03,0.2,4,False,0,0,0.1284655146735105
30,46500,6000,7.88,0.13,8,False,0,0,0.10715131304185387
41,88712,16000,10.95,0.18,15,False,0,0,0.1228748967705268
28,46097,6000,10.75,0.13,8,False,0,0,0.14603011557974854
27,71000,8400,12.61,0.12,10,True,0,0,0.22854979539003786
23,66000,4000,15.62,0.06,4,True,1,0,0.24001450992288054
37,50000,5000,11.89,0.1,12,False,0,0,0.13486947677401287
28,33900,10000,15.58,0.29,6,False,0,1,0.5625995145674875
22,70000,22000,11.36,0.31,4,False,1,0,0.28057746451109616
26,42000,14000,9.45,0.33,2,False,1,0,0.4063958210798389
32,41000,8000,15.05,0.2,9,False,0,0,0.3503497781064864
22,55000,1000,8.59,0.02,3,False,0,0,0.05354597951988842
25,66000,15000,7.49,0.23,4,False,0,0,0.1442339423016166
21,36000,10000,10.62,0.28,3,False,0,0,0.37943200988179054
32,40000,12000,11.89,0.3,10,False,0,0,0.43751835795424693
28,285000,25000,16.32,0.09,6,False,0,0,0.03217878859834204
46,60070,5500,14.22,0.09,17,True,0,0,0.2571693583631057
24,75000,8000,15.37,0.11,3,True,0,0,0.2793306478996086
33,89004,20000,17.58,0.22,6,True,1,0,0.42033274418329136
33,90000,4200,8.94,0.05,5,False,0,0,0.05709323939554297
23,44000,6000,14.22,0.14,3,True,0,0,0.36121410839550216
23,48800,15000,11.36,0.31,4,False,1,0,0.3915134062884917
33,138000,35000,18.64,0.25,7,True,1,0,0.27553925272080654
30,40556,8500,12.87,0.21,7,True,0,0,0.4588866897091484
23,85000,12000,0.0,0.14,2,False,0,0,0.029191516795766436
23,75000,10000,6.92,0.13,2,False,0,0,0.07025226038964381
32,91800,8400,15.99,0.08,9,False,1,0,0.13036660505946235
22,28080,15250,16.7,0.54,4,False,1,1,0.9304038273645565
41,100000,6000,8.49,0.06,15,False,0,0,0.05180601615159711
27,32000,4200,8.0,0.13,10,False,0,0,0.12296839229858501
37,43000,8000,11.49,0.19,13,False,0,0,0.2375030033120684
23,120000,10000,7.88,0.08,2,False,0,0,0.04260138414683015
23,26000,2700,7.29,0.1,3,False,0,0,0.09658298291351415
29,35000,3200,7.49,0.09,6,False,0,0,0.08626016991072659
25,53004,4800,5.42,0.09,2,False,0,0,0.05857831154786504
21,31544,2200,7.9,0.07,2,False,0,0,0.07925170541160582
39,70000,12500,7.9,0.18,13,False,0,0,0.11172513701250904
24,91800,15000,16.32,0.14,2,True,1,0,0.2677004310662571
23,120000,14000,0.0,0.12,3,False,0,0,0.01898335102075154
25,39996,10000,10.99,0.25,4,False,0,0,0.3208054448652277
26,85000,10000,0.0,0.12,2,False,0,0,0.027306766719828734
22,56000,15000,16.0,0.27,4,True,1,1,0.5904277796818177
34,78000,18000,8.9,0.23,9,False,0,0,0.14047194154681072
27,38004,5000,9.63,0.13,10,False,0,0,0.13838069598290967
26,120000,20000,17.74,0.17,3,True,0,0,0.2849213840328449
21,40000,1500,12.18,0.04,4,False,0,0,0.0989153184130427
37,20004,5000,0.0,0.25,12,False,0,0,0.14922356757057825
23,57600,4000,0.0,0.07,3,False,0,0,0.025736157915263704
26,53100,13000,7.9,0.24,3,False,0,0,0.18884703123410992
22,60000,14000,7.49,0.23,2,False,1,0,0.15396778306846667
40,56472,15775,10.59,0.28,14,False,0,0,0.2920848901721052
23,46000,3000,5.42,0.07,3,False,0,0,0.054391455176311956
27,65000,7000,13.57,0.11,7,False,0,0,0.1496995992425541
39,67000,9800,16.29,0.15,14,True,0,0,0.37817853251119665
25,150000,6000,7.66,0.04,3,False,0,0,0.032551451150667515
27,85000,9000,10.36,0.11,5,False,0,0,0.08946005938186273
24,41000,9000,9.88,0.22,2,False,0,0,0.24408726238260675
30,32400,9000,11.22,0.28,10,False,0,0,0.4169644387627268
33,108000,11500,9.99,0.11,7,False,0,0,0.07043244066788247
37,20004,5000,0.0,0.25,14,False,0,0,0.14841211563649606
23,30000,3000,15.2,0.1,4,True,0,0,0.3488270741680339
25,24000,1200,15.21,0.05,4,True,0,0,0.2709343342089341
23,35000,6400,0.0,0.18,4,False,0,0,0.06896681975192342
36,32000,3600,13.49,0.11,11,True,0,0,0.31895299998458326
31,70550,18000,19.74,0.22,10,True,1,1,0.5279591551814964
22,14400,2500,0.0,0.17,2,False,1,0,0.0835686237548247
22,60000,15000,0.0,0.25,4,False,0,0,0.07525120451989512
28,100000,11000,13.61,0.11,8,True,0,0,0.19225734826879243
27,57000,15000,6.03,0.26,6,False,0,0,0.1635996926828523
24,300000,35000,9.99,0.12,3,False,0,0,0.010356639873361053
26,102000,20000,11.36,0.2,4,False,0,0,0.11741313517161613
42,21120,6400,11.14,0.3,14,False,0,1,0.5201032928757764
24,38500,2500,0.0,0.06,4,False,0,0,0.02711050406801517
23,38000,5000,12.99,0.13,4,False,0,0,0.19745392800389203
26,86000,5000,11.12,0.06,2,False,0,0,0.07721123316850838
37,47004,8000,0.0,0.17,12,False,0,0,0.05638001223396372
24,48000,10000,14.22,0.21,4,True,0,0,0.46936187760546594
22,96000,20000,7.88,0.21,3,False,0,0,0.08756955730934203
28,100000,8000,13.98,0.08,6,True,0,0,0.18224906879657657
28,54000,6250,9.99,0.12,6,False,0,0,0.11955872080898917
31,50402,3000,13.22,0.06,9,False,0,0,0.12081705612416586
32,237000,21000,9.2,0.09,9,False,0,0,0.02001524849826533
25,101000,17000,11.71,0.17,3,False,0,0,0.11018616777014048
36,52660,15000,13.16,0.28,13,True,0,1,0.5351534850740588
31,106000,15000,7.88,0.14,7,False,0,0,0.059696177076583375
25,120000,14500,7.49,0.12,4,False,0,0,0.045946755657122286
27,88000,3500,13.57,0.04,8,True,0,0,0.16099062411379983
35,73000,14000,14.59,0.19,8,True,0,0,0.3592542057994091
23,88000,18000,13.16,0.2,4,False,0,0,0.16327796776552608
24,88000,14000,9.99,0.16,3,False,0,0,0.10131191060172694
35,70000,10000,13.98,0.14,7,False,0,0,0.17426690620785937
22,72000,5000,11.49,0.07,3,False,0,0,0.09068796188247637
35,17000,4750,9.32,0.28,6,False,1,0,0.4419603225262189
25,115000,18000,7.51,0.16,2,False,0,0,0.05628448978036253
26,45000,16750,12.41,0.37,3,False,1,1,0.553212076162138
25,54000,19000,0.0,0.35,4,True,1,0,0.2569736675752535
61,148000,24000,10.38,0.16,20,False,1,0,0.05378076562166313
29,41004,12000,10.0,0.29,7,False,0,0,0.3559913145402411
30,98000,12000,8.88,0.12,7,False,0,0,0.06742718392316893
28,71000,9800,12.21,0.14,5,False,0,0,0.14353053321217066
24,88000,8000,5.99,0.09,4,False,0,0,0.04630776872405102
22,29000,1000,7.29,0.03,4,False,0,0,0.05452361378378964
23,105999,8550,9.88,0.08,2,False,0,0,0.061373386963759685
22,84600,6000,0.0,0.07,4,False,0,0,0.020824031147649674
23,54000,4500,0.0,0.08,3,False,1,0,0.0278691172679336
24,114750,3400,12.21,0.03,4,False,1,0,0.06566563832281633
22,82000,10750,9.25,0.13,3,False,0,0,0.08579325724516476
27,40000,13000,7.88,0.33,7,False,0,0,0.37272898737255455
23,65000,7425,6.03,0.11,4,False,0,0,0.06226309196010081
26,180000,25000,10.99,0.14,4,False,0,0,0.03815264396319048
32,43000,6000,13.22,0.14,6,False,0,0,0.20989530764060876
27,72000,10000,6.62,0.14,9,False,0,0,0.07456543816097619
42,68000,8500,10.37,0.13,12,False,0,0,0.11895196515385872
26,75000,21000,11.48,0.28,4,False,0,0,0.23686814357675348
34,86400,8000,13.49,0.09,9,True,0,0,0.19677481236516928
22,51300,11200,15.31,0.22,3,True,0,1,0.5066869404847694
25,50400,12000,16.89,0.24,4,False,1,0,0.4335101350025872
39,32280,2400,8.88,0.07,17,False,0,0,0.08864373521489882
23,61615,13000,10.62,0.21,3,False,0,0,0.1889626424074628
52,30000,5000,12.73,0.17,18,False,0,0,0.27871315030134014
34,160000,23000,6.91,0.14,10,False,0,0,0.028118629866670856
23,49000,5000,15.21,0.1,2,False,1,0,0.1891540034079722
35,648000,10000,17.19,0.02,8,True,1,0,0.026860622242581605
23,48000,10000,12.84,0.21,4,False,0,0,0.278094387802594
21,15000,4800,8.49,0.32,3,False,1,1,0.5075748608227101
21,60996,8500,0.0,0.14,2,False,0,0,0.038458327434107195
24,37000,7000,7.51,0.19,4,False,0,0,0.1679052749383898
26,210000,22000,11.83,0.1,4,False,0,0,0.031104644679189598
24,36000,6500,5.42,0.18,2,False,0,0,0.12753597107346853
22,40320,12000,14.27,0.3,3,False,0,1,0.508476807739513
23,45000,1600,10.08,0.04,4,False,0,0,0.07670405537081632
33,26000,15000,9.76,0.58,6,False,1,1,0.8983973144039996
29,91500,4500,10.65,0.05,5,False,0,0,0.06742025076569179
22,60400,24000,6.54,0.4,3,False,0,0,0.32577873292126236
33,25000,6000,6.62,0.24,8,False,0,0,0.2515873301258551
30,50000,1000,0.0,0.02,6,False,0,0,0.019560914674079354
22,45691,7000,7.14,0.15,2,False,0,0,0.11120843075017484
23,46551,15000,10.62,0.32,4,False,0,0,0.3951569246227294
22,60000,7500,6.17,0.13,3,False,0,0,0.07714826570780835
24,110004,16000,0.0,0.15,3,False,0,0,0.02344580115618171
26,47000,12500,8.49,0.27,2,False,0,0,0.26349886531065414
24,117000,10800,0.0,0.09,3,False,0,0,0.017324868020239005
23,95000,7200,14.79,0.08,4,True,0,0,0.20663777962692842
39,115000,25000,15.58,0.22,17,True,0,0,0.27348289462182884
25,29360,8875,12.69,0.3,3,False,1,1,0.518260371915178
45,32000,4500,7.51,0.14,12,False,0,0,0.13147451445321884
22,16000,4750,13.16,0.3,3,False,1,1,0.602869292554615
24,106800,11525,5.42,0.11,4,False,0,0,0.040238133051480995
22,120000,9600,13.22,0.08,4,True,0,0,0.14508841275742956
50,50000,7500,0.0,0.15,16,True,0,0,0.09019282758763583
30,42000,11000,10.36,0.26,10,False,0,0,0.31045472969592147
23,60500,5000,14.27,0.08,3,True,0,0,0.2385789530073055
25,48000,1400,14.79,0.03,3,False,0,0,0.12069891886338494
27,20000,3600,9.25,0.18,7,False,0,0,0.22808753729672993
24,80000,6000,8.59,0.07,2,False,0,0,0.06032442960609174
23,46443,6000,7.9,0.13,4,False,0,0,0.10632675137605478
23,52800,4500,6.76,0.09,4,False,0,0,0.06892113272457813
35,70000,2000,13.72,0.03,7,False,0,0,0.09916923079466533
33,55000,15000,6.54,0.27,6,False,0,0,0.19156580801787132
24,46704,9000,11.49,0.19,3,False,0,0,0.22227349500284888
31,41004,5000,15.28,0.12,5,False,0,0,0.2312341220803806
27,75000,20000,13.49,0.27,7,False,0,0,0.2761379745403708
24,28000,8000,12.84,0.29,4,False,0,1,0.5106179285029919
80,64000,6800,11.71,0.11,25,False,0,0,0.1383140509516572
35,72500,4000,10.25,0.06,6,False,0,0,0.07823560979750566
22,45000,15000,11.36,0.33,2,False,0,0,0.4441710847799042
30,30000,12000,15.21,0.4,6,True,1,1,0.8658848032192017
34,75000,8400,0.0,0.11,8,True,0,0,0.05315068103379646
29,92000,10000,11.26,0.11,8,False,0,0,0.09161235339669062
37,53976,4400,15.62,0.08,11,True,1,0,0.2868579259451111
22,100000,3000,11.49,0.03,4,False,0,0,0.06416675407922219
27,36000,13500,10.0,0.38,7,False,0,1,0.5575086298731164
27,65600,6000,15.62,0.09,9,True,0,0,0.2741269730452769
28,93600,35000,8.49,0.37,6,False,0,0,0.17438225872947008
22,33280,10000,12.53,0.3,4,True,0,1,0.6485617760906444
37,25000,10000,16.29,0.4,11,False,1,1,0.8164275361989752
27,30996,2600,14.74,0.08,5,False,1,0,0.18149704651516527
25,72000,18000,7.66,0.25,3,False,0,0,0.14707743848860266
23,108000,4500,7.14,0.04,3,False,0,0,0.03784957775053649
24,74360,25000,0.0,0.34,4,False,0,0,0.09500360880838915
38,50000,20000,13.85,0.4,14,False,1,1,0.6194680770226209
29,33600,4800,5.79,0.14,9,False,0,0,0.10222942375680134
26,127000,6000,5.42,0.05,3,False,0,0,0.02949424537572215
28,92000,25000,19.29,0.27,9,True,0,1,0.5134664454054673
29,23520,2400,10.36,0.1,6,False,0,0,0.14021286412615366
25,89000,14000,7.49,0.16,2,False,0,0,0.0763755583379002
30,84000,14000,12.42,0.17,6,False,0,0,0.1476193442061295
23,55000,3000,6.99,0.05,2,False,0,0,0.052834033406972424
25,130000,12000,7.51,0.09,2,False,0,0,0.03894109261024703
34,70000,2400,11.99,0.03,7,False,0,0,0.07934915894824146
34,99996,9800,7.14,0.1,8,False,0,0,0.05177641401928467
40,60000,5000,15.31,0.08,16,True,0,0,0.2666851437820536
24,110000,25000,15.7,0.23,2,True,0,0,0.29969781411924845
32,52000,10000,14.35,0.19,8,True,0,0,0.42408581840485404
29,102000,6000,7.88,0.06,9,False,0,0,0.046878164924745336
23,55000,2000,7.49,0.04,3,False,0,0,0.05384094756604325
26,56000,8150,12.87,0.15,2,False,0,0,0.18993597821484565
32,110000,6700,6.92,0.06,7,False,0,0,0.039749847765484014
25,43200,13800,11.48,0.32,2,False,0,0,0.44514954574725163
26,43000,10000,14.65,0.23,4,False,0,0,0.3777536395432562
34,73600,15000,12.42,0.2,7,False,0,0,0.18723644204589918
22,36000,6000,7.51,0.17,2,False,0,0,0.14956703223265053
22,62000,5000,8.59,0.08,4,False,0,0,0.0731898851598688
22,59000,12000,0.0,0.2,3,True,1,0,0.10272127213575664
26,74000,1200,12.69,0.02,2,False,0,0,0.08200790975614393
28,66000,7500,11.28,0.11,7,True,1,0,0.19789314793961593
27,42000,3000,11.83,0.07,9,False,0,0,0.11458920819061551
39,60000,4300,7.49,0.07,17,False,0,0,0.062333293124231165
43,142500,20000,11.49,0.14,15,False,0,0,0.062191424498602994
26,80000,8000,5.99,0.1,2,False,0,0,0.052899462046308805
29,64548,1000,14.27,0.02,5,True,0,0,0.17963627244066607
22,108000,8000,16.29,0.07,2,True,1,0,0.20647827186226222
42,41000,10000,10.99,0.24,12,False,0,0,0.30555094950972816
31,61104,15000,9.25,0.25,10,False,0,0,0.20731409107466994
23,40000,2400,8.9,0.06,3,False,0,0,0.07842317170375256
23,39000,12000,10.83,0.31,3,False,1,0,0.4283054362404867
25,34800,5125,6.99,0.15,2,False,1,0,0.12600249486513293
43,25000,8000,11.99,0.32,17,False,1,1,0.5675128377656977
23,27000,6000,11.66,0.22,3,False,0,0,0.3351662626071098
36,48000,1500,8.9,0.03,16,False,0,0,0.06100842256953446
25,60000,8000,0.0,0.13,3,False,0,0,0.036430740075395006
23,91200,3000,8.88,0.03,2,False,0,0,0.048865946972034
26,88000,25000,15.65,0.28,3,False,1,0,0.28269934657693013
36,45600,8775,12.36,0.19,17,True,0,0,0.38350734215244037
42,50000,7000,0.0,0.14,12,False,0,0,0.045173960376237596
27,42000,8000,7.29,0.19,6,False,0,0,0.15425484926955996
22,44004,6300,12.29,0.14,3,True,0,0,0.3028438746011311
26,30720,10000,7.88,0.33,2,False,1,0,0.42696430470351365
41,113000,12000,16.0,0.11,15,True,1,0,0.22848134635052525
30,29004,2400,17.93,0.08,7,True,1,0,0.39437382529630977
30,36000,4800,0.0,0.13,6,False,0,0,0.0477082784191525
24,69764,1500,14.42,0.02,4,True,1,0,0.17341489856490402
26,40000,13250,11.71,0.33,2,False,1,0,0.4891858932746574
23,60000,11500,0.0,0.19,4,False,0,0,0.0523870124757093
28,40000,10000,12.42,0.25,5,False,0,0,0.3626863471786992
25,76000,20000,6.54,0.26,4,False,0,0,0.12609389127943985
47,1362000,6600,7.74,0.0,17,False,0,0,0.000438427878100339
31,19968,2500,9.62,0.13,6,False,1,0,0.16912471307049054
25,19000,750,12.29,0.04,4,True,0,0,0.19580228957499252
26,75000,9600,10.0,0.13,4,False,0,0,0.10262387943182863
26,52800,4000,0.0,0.08,3,False,0,0,0.029110076641524145
32,41000,6400,15.65,0.16,6,True,1,0,0.4544355625528456
28,48000,12000,14.54,0.25,7,False,0,0,0.38869171460298885
39,43680,16000,0.0,0.37,16,False,1,0,0.21615230711526087
28,121008,5400,5.99,0.04,6,False,0,0,0.030195643340246207
26,22000,7500,10.96,0.34,2,False,0,1,0.5923653649678078
23,74000,25000,10.36,0.34,2,False,1,0,0.2785782004485304
27,49800,10000,10.74,0.2,7,False,0,0,0.21090602530118246
26,70000,5000,0.0,0.07,4,False,0,0,0.023473206483065324
32,72000,6000,8.49,0.08,10,False,0,0,0.06725509094071232
24,67000,20000,13.48,0.3,3,True,0,1,0.5051098026361454
24,48000,3000,5.79,0.06,4,False,0,0,0.051358342988877634
29,22500,6000,11.83,0.27,9,False,0,0,0.4640594742885455
41,98004,12000,13.57,0.12,15,False,0,0,0.11641668561405538
27,36082,5000,6.62,0.14,9,False,1,0,0.10949755900412596
24,46000,12000,7.88,0.26,4,False,1,0,0.23424937595018333
25,54996,10000,8.94,0.18,2,False,0,0,0.14751425835503684
24,24000,10000,10.99,0.42,4,False,1,1,0.7330822472921803
22,29244,3000,13.3,0.1,2,True,1,0,0.29798709542204005
23,100000,10000,10.59,0.1,4,False,0,0,0.0749743761091818
30,38000,10000,17.99,0.26,6,False,1,1,0.5610027061636624
36,25000,11500,7.29,0.46,12,False,0,1,0.704778278986604
34,26000,10000,12.42,0.38,7,False,1,1,0.6910729897350374
36,73000,4000,11.12,0.05,16,False,0,0,0.07667304698406284
23,30000,10000,13.99,0.33,2,False,1,1,0.6138387728071644
24,43300,8000,7.29,0.18,4,False,0,0,0.14058013755196114
25,42900,12000,8.9,0.28,2,False,0,0,0.30252334111291646
26,75000,1800,9.25,0.02,2,False,0,0,0.05282750144191233
26,38000,12000,0.0,0.32,4,False,1,0,0.17727204103246158
28,63000,11200,12.99,0.18,7,True,0,0,0.33248976636210065
33,90000,12000,12.98,0.13,5,False,0,0,0.12243206964391942
26,59000,8000,15.99,0.14,2,True,1,0,0.37616480621688964
27,57996,13000,13.92,0.22,7,True,0,0,0.4317021104684213
23,38400,1000,0.0,0.03,3,False,0,0,0.02208358469381591
32,58650,17400,15.05,0.25,6,False,1,0,0.32368390989411466
30,115000,20000,11.11,0.17,7,False,0,0,0.0840414186040631
35,35000,8000,12.69,0.23,6,False,0,0,0.36084235579647045
24,32000,6000,5.42,0.19,4,False,0,0,0.1436824104033503
22,70000,9600,15.37,0.14,2,False,0,0,0.20007117397783944
21,45000,4000,7.14,0.09,3,False,0,0,0.07561323510597197
21,24996,6500,11.34,0.26,4,True,0,1,0.5740563474475224
43,65000,15000,11.71,0.23,13,False,0,0,0.22878938578268282
32,37000,6000,10.36,0.16,8,False,0,0,0.18702046616300647
37,65000,9000,6.91,0.14,14,False,0,0,0.0847252358633105
26,36000,3000,7.88,0.08,4,False,0,0,0.08264365966041984
24,30000,10000,8.38,0.33,2,False,1,0,0.44123676347462715
23,96050,15000,19.13,0.13,2,False,1,0,0.19357357829051255
25,57300,10400,11.66,0.18,4,True,0,0,0.3106912870361429
27,106000,15000,10.75,0.14,6,False,0,0,0.08257596133557586
31,19200,4075,8.32,0.21,6,False,1,0,0.2605596460845991
26,22406,2500,6.76,0.11,4,False,1,0,0.10243686803761792
25,73000,6000,14.96,0.08,4,False,1,0,0.13859913718891465
26,85000,8000,0.0,0.09,4,False,0,0,0.022774645127491857
33,75000,6000,7.9,0.08,8,False,0,0,0.06276826851665299
24,63996,14400,9.63,0.23,4,False,0,0,0.18654903909772164
28,27000,5600,5.42,0.21,8,False,0,0,0.17625572837685294
24,80490,6000,10.59,0.07,3,False,0,0,0.07586206511014358
23,37344,3200,12.68,0.09,4,False,0,0,0.15037520513975594
22,76000,15000,10.99,0.2,3,False,0,0,0.1566089098150717
22,87000,8000,5.79,0.09,3,False,0,0,0.04519409583811389
25,56000,10250,14.65,0.18,4,True,0,0,0.3992085537574148
34,33456,4000,16.45,0.12,5,False,1,0,0.2771487081811785
29,42000,18000,14.65,0.43,7,False,1,1,0.7367954346220754
25,165000,25000,19.74,0.15,4,False,0,0,0.12082491468393769
29,37920,12000,13.48,0.32,8,False,1,1,0.537985815350813
24,24000,8975,11.83,0.37,2,False,1,1,0.6640126580631908
41,70800,12000,6.62,0.17,11,False,0,0,0.09169965590582448
24,18000,3000,15.27,0.17,2,True,1,1,0.5345256373856377
25,24996,2500,12.98,0.1,4,False,0,0,0.18190625524423704
27,77200,5425,10.59,0.07,9,False,1,0,0.07849780038266245
22,41000,7000,7.9,0.17,4,False,1,0,0.14517344935606452
25,123000,8000,12.53,0.07,3,False,0,0,0.07488456353636144
38,110000,12000,12.99,0.11,11,False,0,0,0.09649893821694151
36,103000,25000,12.53,0.24,15,True,1,0,0.2454938078439192
28,58704,23500,14.72,0.4,7,False,1,1,0.5846303847970471
27,20000,8000,11.89,0.4,6,False,1,1,0.7428871735047836
29,72000,9500,11.26,0.13,7,False,0,0,0.11984708485418659
27,96000,12500,19.03,0.13,5,True,0,0,0.34810984200123474
23,42000,6000,12.99,0.14,4,False,1,0,0.2016882997574347
27,36000,7500,13.55,0.21,7,True,1,0,0.4965099843269682
32,25000,3000,13.48,0.12,6,True,0,0,0.3549251102613085
28,60000,4800,0.0,0.08,5,False,0,0,0.027146315544473346
21,200000,16000,14.65,0.08,4,False,0,0,0.051934784366106
27,25000,5000,9.62,0.2,7,False,0,0,0.25477764360396715
24,110000,12000,7.9,0.11,2,False,0,0,0.05244473502686901
23,48000,2500,5.42,0.05,3,False,0,0,0.04596030078507485
21,36000,1000,12.42,0.03,2,False,0,0,0.0970931475587096
25,154000,9200,12.61,0.06,4,True,0,0,0.10647680128706817
32,100000,6000,7.14,0.06,10,False,0,0,0.04346843127806612
22,58000,1500,5.42,0.03,2,False,0,0,0.0389439774424539
58,20000,4000,9.99,0.2,30,False,0,0,0.28573439082978264
24,70082,2500,12.61,0.04,4,False,0,0,0.09078357093037157
29,162350,25000,21.64,0.13,9,True,1,0,0.21641505650291473
27,85000,12000,9.91,0.14,7,False,0,0,0.09410633061462827
23,76000,6000,11.49,0.08,2,False,1,0,0.09345995810543979
22,30000,3000,10.36,0.1,2,False,0,0,0.13208545353405804
25,37980,3500,6.03,0.09,2,False,0,0,0.07095006481245256
28,50343,22000,7.49,0.44,5,False,0,0,0.4909656600312231
27,46800,6000,9.99,0.13,7,False,0,0,0.13425337176088165
21,37260,7500,14.84,0.2,2,True,1,1,0.5095560718868832
23,52000,6600,7.49,0.13,3,False,0,0,0.09693247495638968
22,47580,4000,6.62,0.08,2,False,0,0,0.06470033221603735
21,41000,7000,5.79,0.17,3,False,0,0,0.11530604995514417
24,34000,6000,14.11,0.18,4,False,0,0,0.3093492386936717
33,24000,3000,6.62,0.13,9,False,0,0,0.11771716248428729
22,70000,16000,16.32,0.23,2,True,0,0,0.47570775518175185
24,57600,10500,6.62,0.18,3,False,0,0,0.1100044033050427
24,45000,4000,11.83,0.09,2,False,0,0,0.1298628112314179
24,37000,4000,0.0,0.11,4,False,0,0,0.040552419233421524
24,180000,18000,18.64,0.1,4,True,0,0,0.1686631996215397
32,95000,8000,14.84,0.08,9,False,0,0,0.11631687793806866
40,50000,6000,14.96,0.12,16,True,0,0,0.3359833354261929
33,80000,12000,11.14,0.15,6,False,0,0,0.12244406685959422
23,63402,6000,13.22,0.09,4,False,0,0,0.12785820504526332
36,40800,7200,16.32,0.18,11,True,0,1,0.5130188685712459
24,120000,24000,12.69,0.2,4,False,0,0,0.10334214327427717
22,58600,22750,11.36,0.39,4,False,1,0,0.46385163857947603
25,96500,10000,6.17,0.1,2,False,0,0,0.045567540420134306
22,50004,15000,15.05,0.3,2,True,0,1,0.6398394162089707
33,34000,8000,9.99,0.24,5,False,0,0,0.3079252374274644
28,75000,2500,11.99,0.03,9,False,0,0,0.07580846190951335
22,50000,15000,10.25,0.3,3,False,0,0,0.33516616598531335
24,79000,8000,11.49,0.1,4,False,0,0,0.0992326123978994
24,55000,1800,7.49,0.03,3,False,0,0,0.04967106111453738
27,60000,25000,0.0,0.42,8,False,1,0,0.19714822425504813
24,112000,3000,5.99,0.03,3,False,0,0,0.03235299473305122
23,14400,5000,6.91,0.35,3,False,1,1,0.5327008855237726
28,51996,5000,0.0,0.1,6,False,0,0,0.03334253966348029
24,49000,2700,6.92,0.06,4,False,0,0,0.059553176056081264
25,100000,12000,8.94,0.12,4,False,0,0,0.0670116460363917
31,36000,13000,20.3,0.36,5,True,1,1,0.8835140906215417
22,98656,7500,13.06,0.08,3,True,1,0,0.16901630026322823
41,62903,9600,10.0,0.13,12,False,1,0,0.10881212320759173
42,70000,12000,0.0,0.17,12,False,0,0,0.04229555225574796
26,125000,8000,9.63,0.06,3,False,0,0,0.048284212415315005
26,116004,18000,11.83,0.16,4,False,0,0,0.09243800145428184
23,48600,6000,11.86,0.12,4,False,0,0,0.1492815070729304
22,60000,6000,9.91,0.1,4,False,0,0,0.09739182793003992
30,34000,8000,7.9,0.24,5,False,1,0,0.2531056868781034
36,39520,5000,5.79,0.13,16,False,0,0,0.09086260407570554
23,18500,7000,7.66,0.38,4,False,1,1,0.5958436231290511
28,31150,4000,11.49,0.13,7,False,0,0,0.18254889403934876
27,73200,15000,13.22,0.2,5,False,0,0,0.20032675881549902
24,96000,17400,10.37,0.18,2,False,0,0,0.10298044588613953
24,130000,25000,10.74,0.19,3,False,0,0,0.06938308865938801
30,33000,5600,10.59,0.17,9,False,0,0,0.21205350661731437
32,25200,5000,7.91,0.2,8,False,0,0,0.21853933697065878
23,90000,3600,12.69,0.04,3,False,0,0,0.0811816627155968
22,65000,10000,11.11,0.15,3,False,0,0,0.13818453110272086
27,65000,5000,7.88,0.08,5,False,0,0,0.0676487878004515
22,54000,7000,10.65,0.13,4,False,0,0,0.13315048544983404
33,96000,20000,7.88,0.21,10,False,0,0,0.08881857239640999
26,35000,3000,6.76,0.09,3,False,0,0,0.08016028632243508
24,23000,5500,6.54,0.24,3,False,0,0,0.25385921104725007
22,53000,6500,10.65,0.12,4,False,0,0,0.12562156236045685
26,72000,10500,15.28,0.15,2,True,0,0,0.3341736703857005
25,32000,2500,7.68,0.08,3,False,1,0,0.08404057794265347
27,235000,28000,15.96,0.12,5,False,0,0,0.04039002050208367
24,54000,4850,8.49,0.09,2,False,0,0,0.08301817973740165
26,64404,12000,11.89,0.19,2,False,0,0,0.192580201555726
23,36000,1200,13.99,0.03,3,False,0,0,0.11489101530747992
26,51500,15000,6.92,0.29,2,False,0,0,0.23311383732114865
23,22800,1600,13.06,0.07,2,False,0,0,0.15009737625552055
31,48000,20000,10.62,0.42,7,False,0,1,0.5716670401510162
30,110000,12000,10.74,0.11,8,False,0,0,0.07332377847783275
23,90000,20000,11.49,0.22,4,False,0,0,0.14544280440630455
22,66396,15000,13.48,0.23,2,False,0,0,0.2620969572575106
39,39996,12000,10.74,0.3,16,False,0,0,0.4036171007641636
24,80000,7250,5.42,0.09,2,False,0,0,0.04661220527099792
29,40000,7000,14.91,0.17,8,True,1,0,0.4439808029494693
29,45204,4000,11.48,0.09,7,False,0,0,0.1250489214560859
28,39912,10000,8.49,0.25,8,False,1,0,0.25624596775856745
27,54000,4000,0.0,0.07,8,False,0,0,0.02597528380038471
33,120999,15200,13.61,0.13,7,True,0,0,0.17670909361022866
24,45600,14500,0.0,0.32,3,False,1,0,0.15234839622009505
30,100000,3600,0.0,0.04,10,False,0,0,0.017165134486065967
27,25000,8000,14.84,0.32,5,False,1,1,0.648423709533739
31,25200,1400,6.99,0.06,6,False,0,0,0.07069689878854865
37,40800,4000,13.49,0.1,14,True,0,0,0.2852571214008731
30,78000,3000,11.97,0.04,6,False,0,0,0.08118481423917273
23,84000,25000,10.25,0.3,2,False,0,0,0.19771877488361672
33,35000,10550,0.0,0.3,10,False,0,0,0.1634291645941586
24,45000,7800,7.51,0.17,3,False,0,0,0.1331149073772711
33,34000,6000,14.11,0.18,9,False,1,0,0.3125712331490986
28,35496,5500,11.49,0.15,5,False,0,0,0.1982484222486841
30,130000,6000,12.21,0.05,9,False,0,0,0.06550740829651276
34,39996,4750,9.25,0.12,10,False,0,0,0.12519205472735012
24,49700,15000,15.68,0.3,4,False,1,1,0.5000689792937062
26,75000,15000,8.49,0.2,3,False,0,0,0.12132548411437631
30,117005,12000,18.79,0.1,8,True,1,0,0.2696296096855013
25,47000,3500,9.99,0.07,3,False,0,0,0.09031225702324779
25,50000,4800,15.96,0.1,2,False,0,0,0.20658425189144422
29,83000,7500,8.9,0.09,6,False,0,0,0.0689686550490476
31,260000,25000,13.57,0.1,10,True,0,0,0.05146507147314263
37,32000,12150,6.62,0.38,13,False,0,0,0.4795972213253155
33,70000,11200,8.94,0.16,6,False,0,0,0.11274125132880601
27,63000,9500,8.07,0.15,8,False,0,0,0.10219147814854046
24,73000,10000,11.26,0.14,3,False,0,0,0.12658856579129377
22,57200,7000,7.51,0.12,2,False,0,0,0.08536402872237725
22,31760,12875,12.53,0.41,4,False,1,1,0.7098380091995791
36,100000,9350,7.51,0.09,14,False,0,0,0.04988887730747674
38,67000,13000,0.0,0.19,17,False,0,0,0.04743921747086336
27,107000,35000,9.63,0.33,7,False,0,0,0.13411840028172872
21,35760,2400,0.0,0.07,3,False,1,0,0.03012613042414416
30,73008,8000,9.99,0.11,7,False,0,0,0.09427732334169603
27,165000,35000,12.42,0.21,10,False,0,0,0.051079251075757004
30,45000,20000,11.86,0.44,7,False,1,1,0.6574058936207056
25,34800,1000,13.98,0.03,3,True,0,0,0.20341071397928293
36,69736,2500,17.04,0.04,14,False,0,0,0.1495140600650614
34,26400,3600,9.88,0.14,9,False,0,0,0.17565955520993087
26,62065,6000,11.12,0.1,3,False,1,0,0.11258393643264507
22,24900,5500,13.16,0.22,2,False,1,0,0.38704471350520875
29,35000,7300,11.71,0.21,9,False,0,0,0.2924727625114518
23,60000,10000,11.71,0.17,4,False,0,0,0.17691970804785556
22,60000,4000,12.21,0.07,3,False,0,0,0.10766418667962722
29,71500,10000,13.57,0.14,6,False,0,0,0.16390658872062666
24,39000,16000,19.91,0.41,3,False,1,1,0.8340864249002697
25,47000,4000,6.62,0.09,2,False,0,0,0.07187964383863794
24,27311,6250,12.87,0.23,4,True,0,1,0.5513677130589779
28,45000,9000,14.65,0.2,6,False,0,0,0.32169109325116446
22,21120,1625,16.89,0.08,3,True,1,0,0.37729666193112366
27,207182,22000,10.62,0.11,5,False,0,0,0.029876960683508202
36,84000,1000,7.51,0.01,16,False,0,0,0.039321223366483596
25,28800,5000,8.9,0.17,2,False,0,0,0.1871167439440601
26,81000,5000,10.75,0.06,3,False,0,0,0.07487092309806588
37,43000,10000,7.9,0.23,16,False,0,0,0.20660397334838349
27,30000,5600,0.0,0.19,6,False,0,0,0.08095991491784442
58,72000,4500,0.0,0.06,23,False,0,0,0.022860904824083778
25,35364,10000,9.32,0.28,4,False,0,0,0.3447459194445035
22,41800,3100,6.76,0.07,4,False,0,0,0.06375686094093146
23,128000,3000,14.72,0.02,4,True,0,0,0.14080380009631363
22,31200,7500,9.91,0.24,4,False,0,0,0.30684351159433765
27,42162,2400,7.74,0.06,8,False,0,0,0.06795163831376275
30,45000,5000,12.73,0.11,8,True,1,0,0.27034855050158846
23,24091,3500,12.99,0.15,2,True,0,0,0.40067423642059874
34,30000,14000,8.9,0.47,7,False,1,1,0.7335154992135202
24,53004,21000,10.65,0.4,4,False,0,0,0.4997575230504959
23,48000,10000,7.29,0.21,2,False,0,0,0.16204637555241974
28,57936,13650,14.42,0.24,10,False,1,0,0.3292860966828123
38,90000,21000,10.59,0.23,11,False,0,0,0.14006593220256416
30,35004,9500,11.99,0.27,8,False,0,0,0.40803509174925484
31,60000,4750,5.99,0.08,5,False,0,0,0.05652497376582699
28,27050,8500,15.96,0.31,10,True,1,1,0.7784738118776665
21,37423,2800,7.88,0.07,4,False,0,0,0.07465447571449191
23,50000,8000,6.62,0.16,3,False,0,0,0.1073715893893527
26,31200,2500,10.37,0.08,3,False,0,0,0.11450820568038722
27,44000,4800,7.51,0.11,10,False,0,0,0.0908625571264148
29,92200,25000,14.96,0.27,5,False,0,0,0.24453136467682743
27,40000,4800,11.71,0.12,8,False,0,0,0.16020892164195352
24,73440,7000,6.99,0.1,4,False,0,0,0.06353736854543156
26,125000,10200,7.49,0.08,2,False,0,0,0.03995004928439186
25,62000,12000,5.42,0.19,2,False,0,0,0.0962316981193971
25,30000,1800,8.49,0.06,2,False,1,0,0.08046708733665353
33,30000,5000,0.0,0.17,9,False,0,0,0.07024275537275362
45,28320,3000,0.0,0.11,11,False,0,0,0.04633918693415249
29,56500,7000,0.0,0.12,8,False,1,0,0.03538026951289749
27,213000,35000,16.77,0.16,5,True,1,0,0.08583998650367691
38,114000,19000,9.99,0.17,12,False,0,0,0.07921890080231413
22,43000,15000,10.99,0.35,2,False,1,0,0.48432361206585894
24,48000,2400,12.99,0.05,4,True,0,0,0.19418785053792595
27,96000,25000,0.0,0.26,6,False,0,0,0.042047027118646114
25,63000,14000,12.42,0.22,2,False,0,0,0.23396363883321303
27,160000,7000,12.23,0.04,6,True,0,0,0.09443173941139514
24,23500,7000,10.38,0.3,4,False,0,0,0.47768668689379384
25,120000,28000,10.74,0.23,3,False,0,0,0.087784903449362
32,54000,4800,0.0,0.09,7,False,0,0,0.0307274652830832
33,66000,5000,7.29,0.08,8,False,0,0,0.06359690752454747
25,50500,15000,11.14,0.3,4,False,0,0,0.3617330956494183
27,68000,16500,7.88,0.24,7,False,0,0,0.1503359380856186
28,49000,19000,10.99,0.39,7,False,0,1,0.5201180294143237
22,56000,1000,11.49,0.02,2,False,0,0,0.07524432499422098
23,63000,16000,14.42,0.25,3,False,1,0,0.3173907828709685
30,120000,6000,10.99,0.05,7,False,0,0,0.05886671827490854
29,48000,20000,0.0,0.42,9,False,0,0,0.25815128891372485
23,28000,8700,6.03,0.31,2,False,1,0,0.3431107682656324
44,95000,10000,10.95,0.11,15,False,0,0,0.09002096588126889
21,47000,7000,7.14,0.15,3,False,0,0,0.11013460221461754
26,37820,6300,0.0,0.17,4,False,0,0,0.06320582846317085
28,55000,12000,14.27,0.22,10,True,0,0,0.4585247098531904
33,62910,7075,17.58,0.11,8,False,0,0,0.22887059764410184
22,120000,17400,7.66,0.14,2,False,0,0,0.0477930448195317
26,45000,10000,14.11,0.22,2,True,0,0,0.4968166326522506
26,64000,12000,11.71,0.19,3,False,0,0,0.1888073175461736
22,60000,17000,9.45,0.28,4,False,0,0,0.24146908442520915
22,26004,4800,10.99,0.18,4,False,0,0,0.24942918396897729
28,90000,20000,15.28,0.22,6,True,0,0,0.3474776326355769
24,55000,6000,11.99,0.11,2,False,1,0,0.1375715436134712
26,15000,4375,12.69,0.29,4,False,1,1,0.5731290724700868
23,92000,18000,12.68,0.2,2,True,0,0,0.26000024368286
25,40000,3000,10.25,0.07,3,False,0,0,0.09762562851421239
24,45000,3000,9.99,0.07,4,False,0,0,0.09284448251765023
23,63500,4000,0.0,0.06,4,False,0,0,0.022823618361403168
30,58000,3000,5.42,0.05,9,False,0,0,0.04347569600920367
35,90000,20000,12.53,0.22,5,False,0,0,0.1676656585979599
25,61440,8000,10.36,0.13,4,False,0,0,0.12081305987815898
29,44000,24000,6.91,0.55,8,False,0,1,0.7090822832205393
40,24000,2700,14.27,0.11,11,True,0,0,0.3621706387501688
38,45000,4000,11.49,0.09,15,False,1,0,0.1258548000120902
35,100000,6000,9.99,0.06,7,False,0,0,0.062143923753453026
28,54996,15000,14.09,0.27,9,True,0,1,0.5335285411551923
24,59000,3200,13.8,0.05,3,False,1,0,0.113261151975695
23,20000,1200,7.49,0.06,3,False,0,0,0.07570289145500908
23,60000,10000,0.0,0.17,3,False,0,0,0.047348789664878585
28,65004,9000,5.99,0.14,5,False,0,0,0.0760442895985067
30,28800,2000,11.48,0.07,10,False,0,0,0.12160621350289016
28,42000,12000,11.11,0.29,9,False,0,0,0.3853760869693307
22,60000,11200,5.79,0.19,4,False,0,0,0.10388781564482416
24,74909,14000,9.99,0.16,2,False,1,0,0.10555655588731921
42,44000,6000,9.63,0.14,14,False,0,0,0.1455615167563809
34,36129,1800,14.22,0.05,9,True,0,0,0.23593909473341107
32,132000,18000,0.0,0.14,5,False,0,0,0.01793807104491276
25,30000,7000,0.0,0.23,3,False,0,0,0.1081734387250764
24,47000,24000,17.8,0.51,2,False,1,1,0.8635562752027184
26,21000,5000,6.99,0.24,3,False,0,0,0.2733395902269896
37,37000,6075,11.86,0.16,14,False,0,0,0.21618209285951967
23,32535,4000,0.0,0.12,2,False,0,0,0.0454082325482693
22,39500,11000,12.68,0.28,2,True,0,1,0.5878612407673453
26,36000,15000,7.66,0.42,3,False,1,1,0.5641869564483997
26,65000,4000,5.42,0.06,3,False,0,0,0.04440697595811026
24,33600,4450,11.49,0.13,4,False,0,0,0.1767005885595485
30,93000,20000,13.49,0.22,10,False,0,0,0.17873031068149572
22,46000,8000,12.53,0.17,3,False,1,0,0.21977949060731938
27,45000,7600,14.59,0.17,7,False,1,0,0.2735629723607826
29,76000,20000,16.08,0.26,6,True,1,0,0.4804789990366823
34,182500,15000,12.84,0.08,9,True,0,0,0.08870801612112643
24,55000,9000,16.49,0.16,2,True,0,0,0.4263213155424571
25,36000,13750,13.22,0.38,3,True,1,1,0.7824580709168101
24,100000,6000,8.9,0.06,2,False,0,0,0.05352044667290459
22,34039,6000,7.9,0.18,2,False,0,0,0.17050512967851528
25,59600,6000,16.45,0.1,4,False,1,0,0.19856766235325113
38,110000,20000,6.91,0.18,13,False,0,0,0.057884134982511715
29,44000,10200,10.2,0.23,8,False,0,0,0.2545031045965469
21,47500,7500,10.99,0.16,3,False,0,0,0.17676993359960716
25,186000,10000,10.25,0.05,4,False,0,0,0.03450461691135607
23,41000,4700,7.9,0.11,4,False,0,0,0.09682768082228223
25,95950,17500,11.71,0.18,2,False,0,0,0.11929657694922285
24,74000,35000,20.11,0.47,3,False,1,1,0.7246995497713115
27,28000,7600,10.99,0.27,7,False,0,0,0.4096167463516432
23,92000,6000,12.42,0.07,3,False,0,0,0.09017638736569428
21,52000,7000,13.47,0.13,3,False,0,0,0.18038924157736935
27,54000,20000,16.0,0.37,6,False,1,1,0.6057102722815003
30,60000,7400,13.11,0.12,8,False,0,0,0.15512259520550806
26,53595,6000,7.88,0.11,2,False,0,0,0.08792621129269688
26,80000,15000,12.53,0.19,3,False,0,0,0.1693020633140962
34,92000,10000,7.51,0.11,10,False,0,0,0.05990463396172215
25,68400,24250,17.56,0.35,4,False,1,1,0.5289921092774775
29,173088,8000,13.79,0.05,10,True,0,0,0.11163602794925798
21,32000,7000,11.49,0.22,2,False,0,0,0.3127374962087491
23,58800,20000,7.66,0.34,3,False,1,0,0.28134881335048584
23,98800,1000,11.49,0.01,3,False,0,0,0.060175368251420204
27,62000,10400,13.49,0.17,10,True,0,0,0.33273453120956764
30,66000,12000,7.51,0.18,10,False,0,0,0.10910052089854115
27,75000,7500,8.9,0.1,10,False,0,0,0.07616434593628571
39,95000,8000,12.69,0.08,14,False,0,0,0.09203043260345797
21,54000,10000,0.0,0.19,4,False,0,0,0.057817490375984285
26,30000,2000,11.71,0.07,2,False,1,0,0.12558612370423458
42,38000,6500,0.0,0.17,14,False,0,0,0.06382165330632958
24,54000,5500,8.07,0.1,3,False,0,0,0.08340648416961718
23,57664,10000,6.62,0.17,4,False,0,0,0.10269212031158148
23,97000,12000,9.91,0.12,2,False,0,0,0.07566916310321531
29,46000,4000,9.99,0.09,9,False,0,0,0.1051572135495263
31,35142,8000,11.11,0.23,6,False,0,0,0.31346144561245354
22,57500,2400,15.23,0.04,3,False,0,0,0.12648353427351616
23,120000,10000,9.91,0.08,3,False,0,0,0.054108998568892
29,30000,8000,12.69,0.27,6,False,1,0,0.45676575102897654
34,90636,17000,13.85,0.19,5,True,0,0,0.287803848191146
32,32000,2600,0.0,0.08,6,False,1,0,0.03413366884120901
22,48500,20000,11.36,0.41,4,False,1,1,0.5640539274719902
30,55536,1000,0.0,0.02,9,False,0,0,0.01903831023040974
31,101000,7500,13.22,0.07,9,False,0,0,0.08916477714765443
27,99000,9000,7.14,0.09,5,False,0,0,0.04876667903628326
24,37500,5600,8.94,0.15,4,False,0,0,0.14930158553394127
21,44000,7500,12.92,0.17,4,False,1,0,0.23368217619113377
27,40000,8000,15.65,0.2,6,True,1,1,0.5270066056554609
25,45000,3000,6.92,0.07,3,False,0,0,0.06552937114211656
24,55000,6000,7.51,0.11,4,False,0,0,0.08290855246278904
27,117996,16000,7.9,0.14,10,False,0,0,0.05325036540127634
25,39000,15200,16.0,0.39,3,False,1,1,0.7262845187120474
36,30123,2000,14.26,0.07,12,True,0,0,0.27606168069491743
23,60000,7000,5.79,0.12,4,False,0,0,0.06918852664977992
30,15000,2700,7.29,0.18,5,False,1,0,0.20153950836608625
34,25200,12000,13.48,0.48,10,False,1,1,0.86003408441933
28,31200,4350,5.99,0.14,5,False,0,0,0.10881208044556669
24,72000,14000,14.65,0.19,4,True,1,0,0.35595321322166434
25,72000,8000,7.9,0.11,4,False,0,0,0.07386468899119587
37,250000,34000,14.79,0.14,16,False,0,0,0.028477069049752578
36,65000,15000,13.72,0.23,11,False,0,0,0.2726928310316944
23,21600,6000,14.42,0.28,4,False,1,1,0.5694275745554255
29,48000,4500,5.42,0.09,7,False,0,0,0.06039160279766518
22,120000,16800,15.62,0.14,4,False,0,0,0.12303304546615373
25,30252,10000,9.76,0.33,3,False,1,0,0.48406331837368455
24,67200,5000,0.0,0.07,4,False,0,0,0.02352381516041813
25,36000,12000,5.79,0.33,3,False,1,0,0.33128974450701554
29,57000,5000,11.86,0.09,10,False,0,0,0.11847102971459117
23,45000,7200,11.86,0.16,2,False,0,0,0.1989664480496182
35,66560,4200,5.79,0.06,10,False,0,0,0.046034218150057475
25,59000,5000,6.17,0.08,2,False,0,0,0.056494228876212055
29,30000,7200,15.27,0.24,8,True,0,1,0.6330323926018974
24,40000,1000,6.76,0.03,3,False,0,0,0.0499663547080504
42,45000,18200,10.83,0.4,16,False,1,1,0.560351115941162
25,80600,13800,11.99,0.17,3,False,0,0,0.1428723492366112
37,88000,9925,0.0,0.11,16,False,0,0,0.024466339965482344
26,64000,3000,0.0,0.05,4,False,0,0,0.022146865579685985
23,114000,10000,0.0,0.09,2,False,0,0,0.01834858434442984
24,100000,6000,0.0,0.06,3,False,0,0,0.018140897807372488
28,72000,25000,11.11,0.35,8,False,0,0,0.32032065701027995
64,46000,4800,11.09,0.1,24,True,0,0,0.22722671949595954
26,26000,8500,16.45,0.33,3,False,1,1,0.7075883868252623
23,51000,16000,13.11,0.31,3,True,0,1,0.5909906900128871
22,56004,6000,7.88,0.11,4,False,0,0,0.0857032400477937
24,79000,7000,12.54,0.09,3,False,0,0,0.10808013384189483
27,75000,10000,0.0,0.13,7,False,0,0,0.030700880435299168
26,45000,4000,13.92,0.09,2,False,0,0,0.16337291938980716
34,65200,8000,6.92,0.12,7,False,0,0,0.07534451399780971
22,36000,5000,12.68,0.14,4,False,1,0,0.20794036113387143
39,80000,5600,13.43,0.07,17,False,0,0,0.1080279242221253
39,76000,5000,6.03,0.07,14,False,0,0,0.04837795943788134
21,45000,5000,7.14,0.11,4,False,0,0,0.08576395292502698
23,78000,6150,7.88,0.08,2,False,0,0,0.0606421933190169
34,20000,5000,8.9,0.25,5,False,0,0,0.3513226629807086
27,38000,3200,12.42,0.08,5,False,0,0,0.1351143062615528
32,54996,15000,6.54,0.27,5,False,0,0,0.19152952766153972
40,57000,3000,10.0,0.05,14,False,0,0,0.07618292634742135
29,58800,5000,11.71,0.09,6,False,1,0,0.11724001898507902
26,129996,25000,10.75,0.19,3,False,0,0,0.06991227129182923
26,80000,25000,13.61,0.31,4,False,1,0,0.29694805413071235
24,96000,4200,0.0,0.04,4,False,0,0,0.016745427662781524
23,37000,5500,15.31,0.15,2,True,1,0,0.43137535838888386
21,15000,3600,15.95,0.24,2,False,1,1,0.5587966041828464
30,270000,21000,11.26,0.08,6,False,0,0,0.021078822358096293
39,33100,8000,14.26,0.24,12,True,1,1,0.5941954300717056
26,35000,7000,10.99,0.2,4,False,0,0,0.25916441754215996
26,122500,10000,10.65,0.08,2,False,0,0,0.059358703647589446
28,225000,9000,16.95,0.04,8,True,1,0,0.11858942417854962
21,69000,15000,8.49,0.22,2,False,0,0,0.14515939538136455
34,51000,6000,5.99,0.12,6,False,0,0,0.07928060461937289
28,80000,15000,13.49,0.19,5,False,0,0,0.18697675214604978
22,39000,10750,0.0,0.28,4,False,0,0,0.13258408935134539
44,67000,3000,0.0,0.04,14,False,0,0,0.02047145203383673
41,43000,7000,7.43,0.16,13,False,0,0,0.12984351518789658
26,12000,6100,7.51,0.51,3,False,1,1,0.8542297932052308
24,54400,35000,14.27,0.55,4,True,1,1,0.852824505882126
40,30000,10625,0.0,0.35,17,False,1,0,0.246744342903843
24,102000,12000,15.27,0.12,3,False,0,0,0.13622877951531032
21,24960,2000,13.99,0.08,3,True,0,0,0.28836036372913615
25,46000,7000,8.49,0.15,3,False,0,0,0.12975517169895934
23,65000,6000,9.63,0.09,3,False,0,0,0.08533759209828819
23,30873,4200,10.99,0.14,4,False,0,0,0.18540968099218472
30,43000,15000,0.0,0.35,8,False,1,0,0.19284004452654382
30,50000,10000,0.0,0.2,5,False,0,0,0.06602882589483307
23,51873,2500,0.0,0.05,3,False,0,0,0.02355033591091391
29,36000,6000,5.99,0.17,6,False,0,0,0.12817921020110506
23,61200,20000,11.14,0.28,2,False,1,0,0.24779180733522768
22,110000,2800,8.49,0.03,4,False,0,0,0.044099201620056226
31,58000,6000,9.32,0.1,5,False,0,0,0.09396684403332432
22,35000,5000,7.88,0.14,3,False,0,0,0.12647534044601874
24,98000,6500,11.11,0.07,3,False,0,0,0.07430886037582185
29,96000,6400,11.49,0.07,8,False,0,0,0.07865028648072045
27,31200,10000,8.0,0.32,9,False,1,0,0.4012076971604401
22,32000,5600,7.9,0.17,3,False,0,0,0.1604549021277267
25,90000,20000,6.54,0.22,3,False,0,0,0.08462884345549113
24,70000,12000,17.56,0.17,3,True,0,0,0.426143380319975
24,50000,16000,13.99,0.32,2,True,1,1,0.6431239138302165
25,32000,5600,7.9,0.17,3,False,0,0,0.1618541625189029
23,40000,1500,13.99,0.04,2,True,0,0,0.2117579042236972
25,100505,35000,11.99,0.35,3,False,0,0,0.20737293187494787
23,60000,12000,0.0,0.2,3,False,0,0,0.056147996994198375
22,66960,23400,7.49,0.35,2,False,1,0,0.25101959290688547
23,58977,14400,0.0,0.24,4,False,0,0,0.071365462068812
24,94837,9600,11.99,0.1,2,False,0,0,0.09228056058036109
24,78500,6000,7.49,0.08,4,False,0,0,0.05816823438340567
22,60000,7000,6.91,0.12,4,False,0,0,0.0785431153166334
23,67450,4000,6.76,0.06,3,False,0,0,0.051206773588951766
27,40700,20400,0.0,0.5,8,False,0,0,0.43672461699407616
27,24840,11500,8.49,0.46,6,False,0,1,0.732869828800131
30,27396,5000,0.0,0.18,5,False,0,0,0.07789183860449564
23,73164,1000,10.36,0.01,2,False,0,0,0.05713687889114688
23,76000,25000,16.02,0.33,4,False,1,0,0.4119784292923476
37,14400,6950,7.66,0.48,13,False,1,1,0.8070568250038319
21,27200,5000,0.0,0.18,3,False,0,0,0.07618477021172468
24,70000,25000,0.0,0.36,3,False,0,0,0.115551990355469
23,25200,5500,7.9,0.22,2,False,0,0,0.24666380221835849
27,72000,8000,11.09,0.11,9,True,0,0,0.18493179014918054
28,26400,5000,13.11,0.19,6,True,1,0,0.48009205446566566
26,47000,5000,7.14,0.11,4,False,0,0,0.08661037494598944
24,52000,3500,6.76,0.07,3,False,0,0,0.06097728049332157
26,150000,35000,15.96,0.23,3,False,0,0,0.09893150420797636
27,68000,10800,7.88,0.16,8,False,0,0,0.10046960728461858
24,40000,6000,6.62,0.15,3,False,0,0,0.11302161757994374
23,43500,10400,13.49,0.24,4,False,0,0,0.35888114804825477
24,24000,7750,17.27,0.32,3,False,1,1,0.7173305641844461
23,78000,2400,12.42,0.03,2,False,0,0,0.0797837418466972
28,31200,15000,11.83,0.48,9,False,1,1,0.8003112562650736
30,62500,15000,6.91,0.24,10,False,0,0,0.1489148490687893
23,62500,9600,13.22,0.15,3,True,0,0,0.2941869792121409
21,44000,10000,14.74,0.23,3,True,0,1,0.537358723689945
24,51992,15000,13.98,0.29,3,False,0,0,0.42123092523719263
38,67870,5000,0.0,0.07,13,False,0,0,0.02392445220283404
29,72500,7000,13.79,0.1,8,True,0,0,0.23578163817372147
26,50000,12000,0.0,0.24,4,False,0,0,0.0847471774849166
33,71000,6000,14.72,0.08,7,True,0,0,0.2354614509145019
26,55000,10000,8.59,0.18,3,False,0,0,0.1421116403476806
38,20640,3500,12.61,0.17,16,True,0,0,0.4425661410632766
24,45840,4800,7.49,0.1,2,False,0,0,0.08339709281054385
38,95000,4000,9.63,0.04,12,False,0,0,0.05584567225307953
35,66000,18000,9.99,0.27,8,False,0,0,0.22682765499392749
25,74000,18000,7.9,0.24,2,False,1,0,0.13804442856938534
26,250000,15000,7.49,0.06,2,False,0,0,0.016611265555538435
29,34000,10200,17.27,0.3,5,True,1,1,0.770853080396955
32,17040,2500,7.51,0.15,10,False,0,0,0.16047104576124938
25,19200,1000,0.0,0.05,3,False,0,0,0.02875249334337042
34,77000,15000,11.14,0.19,6,False,1,0,0.14969014954077536
28,30000,3000,7.29,0.1,5,False,0,0,0.09480755868666305
24,75000,8500,11.36,0.11,4,False,0,0,0.10536759806522736
28,29004,4000,16.45,0.14,10,False,1,0,0.3144283298194122
41,57000,10000,7.51,0.18,12,False,0,0,0.12822008809338695
24,108000,10000,9.7,0.09,4,False,0,0,0.06022933161976896
36,50000,16000,13.48,0.32,15,False,0,0,0.4675378563766416
31,101000,7500,13.22,0.07,5,True,0,0,0.16026807989578506
24,24000,8500,7.9,0.35,2,False,1,1,0.5040925798695487
41,90000,5000,14.26,0.06,13,True,0,0,0.19325549665842445
24,115500,10000,7.75,0.09,4,False,0,0,0.04669708341470054
22,78000,10000,12.42,0.13,2,False,0,0,0.12934736956032178
32,70000,3000,7.49,0.04,5,False,0,0,0.049656666004258575
24,40000,3000,14.22,0.07,4,False,0,0,0.15020380799744515
22,75000,10600,10.99,0.14,3,False,0,0,0.11759401833823885
40,34560,10000,0.0,0.29,12,False,0,0,0.15698933043148605
24,115800,12000,10.99,0.1,3,False,0,0,0.06725549052181501
21,67000,25000,15.65,0.37,2,True,0,1,0.6646803981408163
23,63719,3500,7.9,0.05,3,False,1,0,0.05549222035333147
45,140000,8175,5.99,0.06,17,False,0,0,0.02999940216745745
23,29120,6400,8.94,0.22,4,False,0,0,0.2572401885513188
26,108000,18500,12.18,0.17,2,False,0,0,0.10547512863530298
29,140000,24000,7.88,0.17,5,False,0,0,0.04243086459535588
25,109000,15000,10.25,0.14,2,False,0,0,0.07767539603686752
23,105000,15000,16.82,0.14,4,True,0,0,0.26964119518710516
37,89532,6600,12.53,0.07,12,False,0,0,0.0905530410074255
28,35000,10000,16.77,0.29,8,True,0,1,0.7399485265801644
21,15360,1600,12.69,0.1,3,False,0,0,0.18785180932555054
23,60000,12000,12.69,0.2,2,False,0,0,0.2264608343159363
24,78000,5000,6.62,0.06,4,False,0,0,0.045996329493708334
33,35000,10000,8.49,0.29,5,False,0,0,0.3497913138568008
25,60000,12000,7.9,0.2,3,False,0,0,0.1388335268274737
21,42000,7000,15.23,0.17,4,True,0,0,0.448628851043083
28,55000,3900,11.99,0.07,10,False,0,0,0.10700193291598815
22,50000,10000,0.0,0.2,4,False,0,0,0.06453998394859199
36,81000,6000,12.99,0.07,17,False,0,0,0.09936838710341052
32,113000,12000,16.29,0.11,5,False,1,0,0.13771329315008354
21,53000,10000,7.51,0.19,4,False,0,0,0.13628829063919914
21,53876,2700,14.72,0.05,4,False,0,0,0.1291094169449534
21,40000,5000,6.62,0.13,2,False,0,0,0.09906993847809657
24,75000,12000,0.0,0.16,4,False,0,0,0.03649879204146084
24,90000,11000,11.14,0.12,3,False,0,0,0.09411805000869178
38,18720,2500,11.86,0.13,15,False,0,0,0.21219714405604906
28,16000,5000,16.45,0.31,7,True,1,1,0.8289030616377
30,40000,16000,11.48,0.4,8,False,1,1,0.6128058012317854
31,33000,5000,14.96,0.15,6,False,0,0,0.28566206668788297
23,65025,16000,14.35,0.21,3,False,1,0,0.2343466664622318
24,34000,5100,14.35,0.15,4,False,0,0,0.26500583261081556
21,15600,1500,11.86,0.1,2,False,0,0,0.17371716083430241
25,56000,5000,5.42,0.09,4,False,0,0,0.05703243190422039
24,65000,12000,9.91,0.18,4,False,0,0,0.14216613574782802
22,74500,8000,15.96,0.11,3,False,0,0,0.17741703239771386
31,80000,9600,9.91,0.12,7,False,0,0,0.09203830751125906
25,195054,10000,10.59,0.05,2,False,0,0,0.03516258578272245
28,110000,12000,8.94,0.11,7,False,0,0,0.059189286987530045
25,36000,15000,9.63,0.42,3,False,1,1,0.6228380353464401
28,57000,3500,11.83,0.06,6,False,0,0,0.09870422008064057
23,8000,3250,0.0,0.41,4,False,1,0,0.4984601425676963
43,175436,7000,5.99,0.04,12,False,0,0,0.02385179333450706
23,78500,4800,7.14,0.06,4,False,0,0,0.049276415531444476
44,25209,2000,0.0,0.08,13,True,0,0,0.06848885566601123
28,55704,8400,7.51,0.15,6,False,0,0,0.10504259397700709
24,54000,10000,10.37,0.19,2,False,1,0,0.18625457351696698
23,48000,12000,11.36,0.25,3,False,0,0,0.29822030726682547
22,83000,5500,11.99,0.07,4,False,0,0,0.09012026618122258
28,15000,1800,11.49,0.12,7,False,0,0,0.19580011473694325
25,46000,2125,12.99,0.05,2,True,0,0,0.19943329775399704
26,21600,7200,10.38,0.33,3,False,1,1,0.5539936703407966
23,24000,6250,12.53,0.26,3,False,0,0,0.45545964790358434
23,21000,7500,6.91,0.36,2,False,1,1,0.5151151036957798
32,65000,6000,7.49,0.09,5,False,0,0,0.06814824322910991
31,54200,7500,12.61,0.14,10,False,0,0,0.17559833866675179
23,55000,9600,7.49,0.17,2,False,0,0,0.11721311522743488
29,75000,4000,10.75,0.05,9,False,0,0,0.07289554495208435
23,58800,3000,10.36,0.05,4,False,1,0,0.0770771603004744
23,63750,15000,12.87,0.2,4,False,1,0,0.1965525266083287
26,100000,24000,10.99,0.24,4,False,0,0,0.13022665591133742
22,60000,15000,7.49,0.25,4,False,0,0,0.17221527463762373
22,57600,6000,10.74,0.1,3,False,0,0,0.10798231711414413
28,35000,4250,16.96,0.12,6,False,0,0,0.2811116163881203
22,61000,5000,9.99,0.08,2,False,0,0,0.08678174166206612
28,48000,4000,14.35,0.08,10,False,0,0,0.1533416934327999
23,56000,7200,6.03,0.13,2,False,0,0,0.0786183284816024
33,80000,25000,11.86,0.31,8,False,1,0,0.2554312594653349
26,65000,3000,5.79,0.05,2,False,0,0,0.04483566900654779
27,72000,11500,6.91,0.16,10,False,0,0,0.08503506627383502
23,51996,4000,13.98,0.08,2,True,0,0,0.248842973235664
29,55000,7450,15.62,0.14,8,False,0,0,0.23698722106144543
26,37225,2500,0.0,0.07,3,False,0,0,0.03031278628931128
27,35520,7000,14.91,0.2,8,True,1,1,0.5211706636012952
25,38496,8000,6.03,0.21,3,False,0,0,0.1619178933379398
26,55000,10000,7.51,0.18,2,False,1,0,0.1267496103389477
24,64151,5000,11.86,0.08,2,False,0,0,0.10692256462085811
53,95000,6000,5.42,0.06,30,False,0,0,0.036187591140193265
24,48500,8000,15.96,0.16,3,False,0,0,0.2810997465761362
22,48000,10000,17.99,0.21,4,True,1,1,0.5848869081583499
26,85000,4800,11.59,0.06,2,True,0,0,0.14784099545420487
25,44400,14125,12.99,0.32,2,False,0,0,0.486295059178221
23,92000,15600,16.35,0.17,3,True,0,0,0.32202387491241813
32,62400,20000,12.53,0.32,6,False,0,0,0.37306177078221253
31,98000,5000,15.96,0.05,7,True,0,0,0.20457541883187685
35,106800,8000,6.92,0.07,9,False,0,0,0.04112784241113569
40,55000,18000,7.88,0.33,14,False,1,0,0.2988525219435823
29,61848,5000,10.38,0.08,10,False,0,0,0.09038592920971039
23,55000,4000,11.86,0.07,4,False,0,0,0.10506414113804642
33,24000,6000,10.25,0.25,6,False,0,0,0.37171133734058426
29,65000,7500,12.69,0.12,10,False,0,0,0.1443220064394902
24,50000,3000,7.66,0.06,2,False,0,0,0.06404719543465034
22,50000,4250,12.69,0.09,4,False,0,0,0.13713942545917476
22,30000,3200,15.62,0.11,4,True,1,0,0.3807058692201113
25,42000,3200,15.7,0.08,2,True,1,0,0.30983684366823655
22,19200,5000,15.33,0.26,2,True,1,1,0.7148259618274424
23,59497,20000,16.0,0.29,3,False,1,0,0.4017171815917181
34,105000,8000,8.38,0.08,8,False,0,0,0.054177129232738534
23,80000,4000,7.51,0.05,3,False,0,0,0.04894682169960135
24,110000,15000,10.25,0.14,4,False,0,0,0.07674146483485732
22,65000,17000,8.94,0.26,2,False,0,0,0.1946924616295916
33,96000,8000,13.72,0.08,5,False,0,0,0.10385244391026817
46,140000,3725,0.0,0.03,17,False,0,0,0.01401923100442898
25,45000,15000,0.0,0.33,3,False,1,0,0.16235731988498986
27,42000,8500,9.99,0.2,8,False,0,0,0.21424328108381774
41,38200,8875,19.03,0.23,11,False,0,1,0.5408084761618286
21,42000,12000,14.26,0.29,4,True,0,1,0.6398410304637232
23,36000,14000,12.99,0.39,3,False,0,1,0.6625983560855311
42,316800,19400,0.0,0.06,13,True,0,0,0.007913544051473091
31,73000,35000,19.29,0.48,10,True,1,1,0.835570853858942
35,30000,3000,12.53,0.1,5,True,0,0,0.28483248347854956
27,47000,24000,17.14,0.51,5,False,1,1,0.8536067793203006
23,28800,5000,11.99,0.17,4,False,0,0,0.2506952227330907
32,55000,8000,10.0,0.15,9,False,0,0,0.14192428903758805
39,54000,12000,14.22,0.22,12,True,1,0,0.4656168133331026
25,50000,8000,10.0,0.16,2,False,0,0,0.15654361386358842
26,34988,15000,13.98,0.43,2,False,1,1,0.7608625364957075
26,72000,10000,5.79,0.14,3,False,0,0,0.06869962122147387
24,36000,6000,7.14,0.17,4,False,1,0,0.1438251245852042
27,51298,1000,10.37,0.02,7,False,0,0,0.06706804239224808
24,49000,5000,12.18,0.1,3,False,1,0,0.13764331239753347
23,51036,15000,13.16,0.29,4,False,0,0,0.39555212635171916
27,55000,10000,14.27,0.18,7,False,0,0,0.25060689397010183
27,38000,5000,9.76,0.13,5,False,0,0,0.14227950958718655
22,32500,12000,11.49,0.37,2,False,1,1,0.6032461265337069
40,132000,7500,7.29,0.06,15,False,0,0,0.03708581329396994
24,43000,10000,16.89,0.23,2,True,1,1,0.6072979050873276
28,82500,11000,16.35,0.13,8,False,0,0,0.18414029161032147
24,40800,14400,14.35,0.35,2,False,0,1,0.6008786121627372
47,86000,9000,12.87,0.1,13,False,1,0,0.11242107752939431
22,58000,15000,13.79,0.26,4,True,0,0,0.49539183339190135
24,41628,6000,11.28,0.14,2,True,1,0,0.28410578287198524
23,55000,15000,6.17,0.27,2,False,0,0,0.1812459290905255
29,54000,12000,9.32,0.22,7,False,0,0,0.19385417128667895
28,75000,16800,6.03,0.22,8,False,0,0,0.09920571477511568
27,55000,13000,8.88,0.24,6,False,0,0,0.20635489634226717
28,150000,20000,0.0,0.13,8,False,0,0,0.013285205569122372
45,89000,19200,0.0,0.22,12,False,0,0,0.04276598578322349
29,125000,6400,12.87,0.05,9,True,0,0,0.12653405617631525
24,56000,6650,12.69,0.12,2,False,0,0,0.15574907014524797
21,35000,1500,5.79,0.04,2,False,0,0,0.047994088161061405
27,98004,10000,6.54,0.1,7,False,0,0,0.04699599285878958
22,50400,2000,0.0,0.04,4,False,0,0,0.02195089322358243
26,66000,4000,11.99,0.06,2,False,0,0,0.09572957978664418
26,73200,27050,15.62,0.37,2,True,1,1,0.6346308030191031
25,58750,6000,15.33,0.1,3,True,0,0,0.2942486423516097
33,85000,5000,7.9,0.06,8,False,0,0,0.0533419489938254
24,60000,25000,0.0,0.42,2,True,1,0,0.3228908838035432
41,268000,24000,10.37,0.09,11,False,0,0,0.017913616059985586
28,95000,35000,9.63,0.37,5,False,0,0,0.19570433122495717
25,80000,13000,6.54,0.16,3,False,0,0,0.07416137276702557
32,140000,25000,10.08,0.18,7,False,0,0,0.057467785393340805
32,86700,20000,14.74,0.2,9,False,1,0,0.17666386055741495
22,100000,20000,11.83,0.2,2,False,0,0,0.12355943505128278
28,100000,20000,11.48,0.2,5,False,0,0,0.12005414509098121
27,35000,10375,14.27,0.3,5,False,0,1,0.540280539654506
28,80000,4400,0.0,0.06,5,False,0,0,0.021437245812266296
24,120000,25000,10.65,0.21,4,False,0,0,0.08496098266255946
23,117696,15000,6.03,0.13,4,False,0,0,0.04126848947352496
28,50400,18500,16.02,0.37,5,False,1,1,0.6322660849471122
24,62000,8000,11.14,0.13,4,False,0,0,0.13098570756265127
26,30000,5000,0.0,0.17,2,False,0,0,0.07012978744968858
29,64500,10000,8.94,0.16,7,False,0,0,0.12038974236122715
37,79992,9000,0.0,0.11,14,True,1,0,0.050124645808085455
23,27864,4600,6.03,0.17,3,False,0,0,0.14050220673807268
26,138000,18000,16.4,0.13,3,False,1,0,0.11086782921309239
27,24000,8000,0.0,0.33,8,False,1,0,0.23987530429341825
22,60000,6125,6.17,0.1,2,False,0,0,0.06318007553849392
23,45000,9925,11.48,0.22,2,False,0,0,0.2683658596377897
25,69000,25000,17.49,0.36,2,False,1,1,0.5415519888340015
22,52000,6400,11.34,0.12,4,True,0,0,0.2333365417059737
21,57000,3000,5.42,0.05,3,False,0,0,0.04312018597975173
47,48000,2500,14.65,0.05,17,True,0,0,0.23444397678729992
35,85000,3600,7.51,0.04,6,False,0,0,0.04619772187898912
26,48000,8000,10.59,0.17,4,False,0,0,0.18153412117010706
23,33000,3600,11.58,0.11,4,False,0,0,0.1572979171180799
23,19200,3000,9.99,0.16,3,False,1,0,0.21594214854545787
32,37000,15000,9.62,0.41,10,False,1,1,0.5982412233437633
24,75000,29800,0.0,0.4,4,False,0,0,0.1250359396403376
30,43000,3200,8.0,0.07,5,False,0,0,0.07467381209468694
30,54000,5000,12.61,0.09,10,True,1,0,0.22357382798662007
22,42996,4000,0.0,0.09,4,False,0,0,0.03256049067428576
26,204000,15250,14.35,0.07,3,False,0,0,0.0479071511591092
22,62900,20000,14.91,0.27,4,False,1,0,0.31994379547468277
36,124000,2000,12.99,0.02,16,True,0,0,0.125117424128747
33,51888,7000,13.98,0.13,10,False,0,0,0.19302854188868185
37,22800,7000,6.03,0.31,12,False,0,0,0.37466065848157726
23,112800,35000,0.0,0.31,2,False,0,0,0.035917862864074404
23,65000,10800,10.0,0.17,4,False,0,0,0.13981028977649482
28,62400,14000,10.99,0.22,10,False,0,0,0.2012339223925021
22,60000,3950,10.65,0.07,4,False,0,0,0.09025903279683252
23,39000,8000,11.36,0.21,3,False,1,0,0.2719828785527585
34,32758,8400,14.96,0.26,5,False,1,0,0.4993589171408949
22,30000,6000,12.42,0.2,4,False,0,0,0.3084312297425294
30,85000,7000,10.65,0.08,9,False,0,0,0.07826973213671999
23,84000,10000,5.99,0.12,2,False,0,0,0.05575926095258801
23,57000,4200,10.51,0.07,3,False,0,0,0.0889189620245232
24,28900,5500,12.98,0.19,2,True,0,0,0.46613322682084285
35,27204,1800,7.74,0.07,7,False,0,0,0.08304049217647094
27,66000,8000,14.79,0.12,7,True,0,0,0.29049752932444933
31,24000,6000,8.49,0.25,5,False,0,0,0.32100626184948433
22,24000,2500,7.14,0.1,2,False,0,0,0.09655628554927918
30,65000,25000,15.65,0.38,5,True,0,1,0.6927197595070497
33,110000,15000,14.42,0.14,9,True,0,0,0.21500835962892006
31,110000,6000,9.51,0.05,9,False,0,0,0.05079998640979166
22,27000,2800,7.51,0.1,3,False,1,0,0.09787777285556365
22,40000,8500,14.35,0.21,2,True,0,1,0.5027190080428479
27,78300,9000,0.0,0.11,5,False,1,0,0.02667943796393753
27,50000,9900,14.35,0.2,5,False,0,0,0.29834798423927905
26,92500,12000,11.71,0.13,3,False,0,0,0.10389871541150897
30,28000,6300,11.99,0.23,9,False,0,0,0.36365633072642284
26,60000,10000,12.21,0.17,4,False,1,0,0.18780374142869904
37,31200,3000,9.99,0.1,16,False,0,0,0.1271934728753215
22,65000,3000,13.92,0.05,4,True,0,0,0.1969658068118729
23,32500,5000,13.99,0.15,3,True,0,0,0.40139650901279894
31,146000,2500,16.7,0.02,9,False,0,0,0.09694157345431913
25,66300,20000,15.27,0.26,4,False,1,0,0.3078233855315038
36,280000,5000,14.26,0.02,16,False,0,0,0.04183133992181905
22,39600,10000,11.71,0.25,2,False,0,0,0.3401791527241557
22,27804,3750,13.85,0.13,4,True,0,0,0.3697023673175964
40,33000,1000,0.0,0.03,16,False,0,0,0.022842791482981278
24,48000,4400,5.99,0.09,4,False,0,0,0.06448270171591759
24,33000,5000,0.0,0.15,3,False,0,0,0.057003607272181456
45,47000,15000,16.4,0.32,11,True,1,1,0.7321474401527801
34,220000,11275,12.99,0.05,8,True,0,0,0.0756016589927742
26,29000,1000,7.74,0.03,4,False,0,0,0.05825757135226048
34,170000,7500,15.99,0.04,10,False,0,0,0.07613454361827197
21,42000,2500,7.29,0.06,4,False,0,0,0.06365743338280769
22,65004,15000,16.95,0.23,3,False,0,0,0.35459607972682233
41,381450,35000,13.49,0.09,16,True,0,0,0.017702113838155696
24,79200,16000,12.67,0.2,2,True,1,0,0.2932221332310194
23,46000,15000,6.99,0.33,3,False,0,0,0.315414743291215
30,72000,9000,14.22,0.13,6,True,0,0,0.28275306586830773
25,30000,5000,11.86,0.17,4,False,0,0,0.24820622050326774
33,125004,12000,15.68,0.1,8,False,0,0,0.11337160089837668
40,14400,1000,9.25,0.07,11,False,0,0,0.10741022645777842
26,78000,12000,7.14,0.15,2,False,0,0,0.07758500599213052
24,26400,4000,0.0,0.15,3,False,1,0,0.06161208802469881
23,92000,12950,9.96,0.14,2,False,0,0,0.08811259106603801
22,15000,1000,14.3,0.07,3,True,1,0,0.29563209512767274
22,48000,13000,10.99,0.27,3,False,0,0,0.317476045325113
24,81000,14000,14.17,0.17,4,False,0,0,0.1767363939314185
31,151000,21000,11.97,0.14,8,False,0,0,0.05946969399695824
22,18000,3600,0.0,0.2,3,False,1,0,0.10202353998024913
24,24000,2000,16.0,0.08,2,True,1,0,0.3464270255875834
27,31200,6000,11.71,0.19,6,False,0,0,0.2708732371906599
28,110000,15000,10.0,0.14,6,False,0,0,0.07506263258789192
29,400000,25000,11.12,0.06,8,False,0,0,0.008710561449524628
24,35000,5000,11.71,0.14,3,False,0,0,0.19068048108072977
29,36100,14000,14.27,0.39,10,False,0,1,0.697045103878175
22,35000,4800,5.42,0.14,3,False,0,0,0.09721562803921278
25,80000,25000,15.31,0.31,2,False,0,0,0.34392177814924424
35,90000,12000,10.99,0.13,6,False,0,0,0.0983852259289716
24,50000,12000,6.62,0.24,4,False,0,0,0.1741093804894745
23,60000,10000,13.22,0.17,4,False,0,0,0.20617832758841256
33,49896,7000,0.0,0.14,9,False,0,0,0.044272305619696375
25,180000,20000,14.26,0.11,4,True,0,0,0.10319070038593812
35,60000,12000,10.75,0.2,8,False,0,0,0.19010180022464165
26,50000,7150,12.69,0.14,2,False,0,0,0.18347357553849633
22,120000,12000,7.49,0.1,4,False,0,0,0.043437126042423335
22,28000,6900,9.99,0.25,3,False,0,0,0.3421157601960884
46,192000,25000,14.79,0.13,14,True,0,0,0.09984544277259293
23,67200,5650,13.47,0.08,2,False,0,0,0.12196765204993709
22,35000,4000,7.29,0.11,2,False,0,0,0.09585656637720245
25,55000,14000,15.68,0.25,4,True,0,1,0.5495916608723252
38,91200,9000,12.68,0.1,11,False,0,0,0.10606171372407296
28,43000,6000,10.39,0.14,5,False,0,0,0.15566753562668634
55,75000,7700,14.84,0.1,18,True,0,0,0.2616067431980374
24,65000,6400,10.65,0.1,2,False,0,0,0.10328633369049034
46,305000,20000,17.93,0.07,13,False,0,0,0.04217547177881636
29,61200,15000,17.58,0.21,5,False,1,0,0.3337627236543566
32,12000,6075,12.42,0.51,8,False,1,1,0.9160407665845209
25,55000,6000,10.65,0.11,2,False,0,0,0.11919316037425313
23,98000,10000,18.07,0.1,3,True,0,0,0.2868546946805962
25,22880,7000,0.0,0.31,3,False,1,0,0.21741090441724384
24,87504,7000,8.88,0.08,3,False,0,0,0.06311845395876389
22,46320,15000,12.86,0.32,4,True,1,1,0.6241431700865645
23,60000,15000,14.22,0.25,2,True,0,0,0.4845332275256595
23,23000,2400,5.99,0.1,3,False,0,0,0.08544272116019436
31,55000,6250,9.99,0.11,9,False,0,0,0.10911420960137604
22,55000,8400,7.88,0.15,2,False,0,0,0.10893749991156979
22,32400,4000,0.0,0.12,2,True,1,0,0.08364881304927012
46,91000,22000,18.79,0.24,16,False,1,0,0.3231731202232251
22,50000,3600,0.0,0.07,3,False,0,0,0.026908191363955974
36,200000,25000,15.2,0.13,13,True,0,0,0.0993133692805193
23,83000,12000,7.51,0.14,3,False,0,0,0.07177347469363604
23,82000,15000,18.25,0.18,2,True,1,0,0.4174518929358251
31,34000,9000,11.48,0.26,5,False,0,0,0.37994269787847273
24,55032,12000,9.63,0.22,2,False,0,0,0.199264035329714
26,32000,6500,14.22,0.2,2,True,0,1,0.5140122514136299
27,105000,20000,11.48,0.19,6,False,0,0,0.10759682274247066
31,35000,11400,6.91,0.33,8,False,1,0,0.3734725810326642
24,53000,8000,6.03,0.15,2,False,0,0,0.09148679080864677
23,63000,5000,13.23,0.08,4,True,0,0,0.21380215912575978
22,65004,6500,9.25,0.1,4,False,0,0,0.08658026769112337
22,24432,2000,11.36,0.08,4,False,0,0,0.13172071873486002
39,12000,2000,10.65,0.17,16,False,1,0,0.2673903997028837
24,105018,28000,15.62,0.27,4,True,0,0,0.34757388135962763
34,75500,19200,16.77,0.25,10,False,1,0,0.3335514321656564
23,64000,12800,14.35,0.2,4,True,0,0,0.3931970288805555
26,136000,12000,14.72,0.09,2,True,0,0,0.15927560637723812
31,96000,10000,9.99,0.1,5,False,0,0,0.07239546183213288
28,48000,7000,12.68,0.15,10,False,1,0,0.19835795028504424
45,48000,14400,8.49,0.3,15,False,0,0,0.30547709361575553
25,96000,20000,0.0,0.21,2,False,0,0,0.03496949444534525
27,62570,25000,14.84,0.4,5,False,0,1,0.5635212892989268
28,118000,25000,20.11,0.21,6,True,1,0,0.37227396394210366
30,110000,20000,14.11,0.18,5,True,0,0,0.2253955071765453
55,51000,8000,5.79,0.16,26,False,0,0,0.10079645752097524
34,50725,5400,13.16,0.11,9,True,0,0,0.2745901656415821
26,90000,8000,14.27,0.09,3,False,0,0,0.1209203837466525
22,38000,7500,5.79,0.2,4,False,0,0,0.14727299029118773
31,54996,5000,0.0,0.09,10,False,0,0,0.029888911908690675
24,6000,1050,0.0,0.17,2,False,1,0,0.09347777892112835
23,65000,7000,7.9,0.11,4,False,0,0,0.0793112109328825
38,17280,1000,16.29,0.06,11,False,0,0,0.20551950232504645
21,36000,18000,9.88,0.5,3,False,1,1,0.7578941864770908
28,19200,4000,12.69,0.21,8,False,1,0,0.37576542478745495
27,30000,12000,11.36,0.4,9,False,1,1,0.6699067831236452
21,37200,5100,7.49,0.14,4,False,0,0,0.11906738401292416
28,64000,10000,11.66,0.16,8,True,0,0,0.2693231566484419
41,45000,16000,12.99,0.36,14,False,1,1,0.5616978453162679
22,125000,18000,14.79,0.14,3,True,0,0,0.18247348584339249
31,50000,2000,6.39,0.04,7,False,0,0,0.04865221190250977
22,32000,7000,0.0,0.22,4,True,1,0,0.1714394060511386
28,85000,18000,12.53,0.21,10,False,0,0,0.16735260940439817
32,27000,4500,13.11,0.17,5,True,0,0,0.44141473814554244
25,127000,6000,9.91,0.05,2,False,0,0,0.05063447035516513
31,29640,6250,14.96,0.21,7,False,1,0,0.40585587937906337
27,60000,10000,10.38,0.17,6,False,0,0,0.1549040188151583
26,95004,24250,8.88,0.26,3,False,0,0,0.1237004900795661
22,41000,5000,0.0,0.12,2,False,0,0,0.04157674356974346
27,49536,12000,10.38,0.24,10,False,0,0,0.2510696392820256
29,53590,11225,11.14,0.21,7,False,0,0,0.2228704970486265
22,37200,10000,6.92,0.27,2,False,0,0,0.2585332768349205
32,57000,9000,13.35,0.16,5,True,0,0,0.3365053149468958
30,49000,16000,13.49,0.33,7,False,1,0,0.49502301272837945
23,45286,8000,7.29,0.18,4,False,0,0,0.13938720340509825
39,48000,20500,14.59,0.43,16,False,1,1,0.7016309877968278
22,35004,8400,10.39,0.24,2,False,0,0,0.30665854491330496
24,24000,5000,7.51,0.21,2,False,0,0,0.22651148323883055
41,60000,4900,14.09,0.08,12,True,0,0,0.2419492139432417
25,28000,9600,6.03,0.34,3,False,0,0,0.4016152859379722
39,44000,2500,7.68,0.06,15,False,0,0,0.06791160067248472
24,91000,7000,8.0,0.08,3,False,0,0,0.056295469103741724
28,92800,12500,9.63,0.13,9,False,0,0,0.07876876453422173
29,60000,4000,7.88,0.07,5,False,0,0,0.06662446995582409
23,92111,35000,20.25,0.32,4,False,1,0,0.3565104962210326
25,30000,5200,17.19,0.17,4,False,1,0,0.3887767887527723
24,74000,5000,12.21,0.07,2,False,0,0,0.09872869843883604
21,50000,9000,13.49,0.18,2,False,0,0,0.24594097268294693
32,20400,8000,8.49,0.39,6,False,1,1,0.6341774387295438
23,78000,12400,7.29,0.16,3,False,0,0,0.0836197049500708
26,59497,7000,17.88,0.1,2,False,1,0,0.21976382753999188
21,53000,18000,13.8,0.34,3,True,0,1,0.650414279451441
52,25000,5000,12.61,0.2,22,True,1,0,0.49861773638346646
47,52000,12000,11.99,0.23,14,False,0,0,0.2801621091553209
28,52000,13600,7.88,0.26,5,False,0,0,0.21563786916567468
24,21168,2800,14.22,0.13,4,True,0,0,0.4011868347058616
25,56000,6000,10.74,0.11,2,False,0,0,0.12003846883549774
40,35416,2000,6.91,0.06,14,False,0,0,0.06595439330080673
23,43600,25000,0.0,0.57,3,False,1,1,0.5403528999779671
24,43000,14500,10.75,0.34,2,False,1,0,0.46107651820681395
25,129600,3000,11.12,0.02,3,False,0,0,0.051674760983463686
29,35000,4000,5.99,0.11,6,False,0,0,0.08349986563694804
24,44000,3600,5.79,0.08,2,False,0,0,0.06110525359044483
27,95800,2500,11.58,0.03,9,False,0,0,0.06766089871686363
33,48000,4750,0.0,0.1,8,False,0,0,0.03462721291564166
24,49000,2700,6.92,0.06,3,False,0,0,0.05973281815674472
23,58700,1200,11.71,0.02,4,False,0,0,0.07549515146611796
22,37000,14000,6.92,0.38,2,False,1,0,0.4526371919359388
24,54996,12000,11.26,0.22,3,False,0,0,0.23331132882783495
25,90000,5600,9.99,0.06,4,False,0,0,0.06404123336686146
27,113400,2100,11.99,0.02,7,False,0,0,0.06304058409248545
28,42000,8500,14.96,0.2,10,False,0,0,0.3363446193057242
35,62000,9475,6.03,0.15,5,False,0,0,0.08418650395623307
28,65000,4500,15.96,0.07,9,True,0,0,0.2620395463074977
24,120000,8575,0.0,0.07,3,False,0,0,0.016092776559237677
37,58000,18200,10.99,0.31,17,False,1,0,0.33040574871931266
23,24000,7000,7.14,0.29,3,False,0,0,0.35481665178569705
22,48000,3800,0.0,0.08,2,False,0,0,0.02960152906764633
22,78000,7750,7.51,0.1,4,False,0,0,0.06339202840247862
22,82000,1600,11.89,0.02,2,False,0,0,0.07044179119030827
23,45000,9600,10.25,0.21,2,False,0,0,0.2248032802525688
24,38001,12000,6.17,0.32,3,False,1,0,0.3174777892260199
25,40000,13000,10.99,0.33,3,False,1,0,0.46882655538485846
22,42000,14750,12.99,0.35,3,True,0,1,0.7022627592582833
27,81000,6000,7.14,0.07,9,False,0,0,0.05007597328275739
33,110000,12000,10.65,0.11,5,False,0,0,0.07391579267703359
22,24000,2000,13.11,0.08,4,True,0,0,0.2669256268526183
27,37200,13500,10.78,0.36,6,False,1,1,0.5316377470426177
27,77700,2400,0.0,0.03,5,True,0,0,0.03416387454732255
23,36000,14400,13.57,0.4,2,False,1,1,0.6957223907411113
22,80000,5000,11.36,0.06,3,False,0,0,0.07956526018919158
36,107004,13000,11.83,0.12,15,False,0,0,0.08686139351044975
30,71000,8000,11.12,0.11,8,False,0,0,0.10740289901676771
24,70000,7500,8.32,0.11,2,False,0,0,0.08046099721082066
21,98132,15000,11.36,0.15,4,False,0,0,0.0980204727892292
24,57000,20000,19.13,0.35,3,True,1,1,0.7798036628360706
28,50176,5000,10.59,0.1,7,False,0,0,0.11536184014167192
23,31800,10000,15.33,0.31,4,False,1,1,0.6029476348450303
23,65000,16000,14.59,0.25,4,False,0,0,0.3199088084107569
32,60000,6000,6.62,0.1,7,False,0,0,0.06824467852841207
25,45000,14500,13.16,0.32,2,False,1,0,0.48539879669300545
30,36000,11500,15.27,0.32,8,True,1,1,0.7449163935258871
26,84000,7500,12.69,0.09,3,False,0,0,0.10605806795248678
22,56000,10075,16.29,0.18,4,True,0,0,0.4494542541951373
33,37000,13000,10.36,0.35,9,False,0,1,0.5039301578874473
22,52000,12000,13.61,0.23,3,True,0,0,0.46584661751576256
36,214200,9400,15.62,0.04,12,True,0,0,0.10460293895831266
38,36000,18000,10.38,0.5,13,False,0,1,0.7738984092158117
33,35360,6350,7.51,0.18,5,False,0,0,0.1640644016211684
25,102000,8000,12.42,0.08,4,False,0,0,0.08611913945213634
23,30000,3000,15.2,0.1,2,True,1,0,0.3502835793065562
22,70000,8000,13.49,0.11,2,True,0,0,0.23670472696913586
27,51200,18000,14.96,0.35,8,True,1,1,0.706298352793216
24,105000,9850,9.63,0.09,2,False,0,0,0.06117388569420908
25,60000,12000,7.9,0.2,2,False,0,0,0.13921691613688444
22,31221,7000,11.83,0.22,4,False,0,0,0.32187595407724134
34,287300,15000,12.41,0.04,8,True,1,0,0.04213578003952224
24,41100,5600,6.03,0.14,3,False,0,0,0.09850169294835183
26,100000,13500,7.14,0.14,3,False,0,0,0.06049261138136538
21,60000,10000,5.99,0.17,2,False,0,0,0.09494397137635784
53,45000,5600,13.79,0.12,28,False,0,0,0.19223465015571461
22,28800,10000,7.49,0.35,2,False,0,0,0.4627464673216382
25,25000,10000,14.11,0.4,2,True,1,1,0.8654569474574233
29,44000,5500,10.99,0.13,7,False,0,0,0.15552049833367632
22,57175,16000,17.15,0.28,4,False,1,0,0.47270817241504776
27,29160,8000,7.51,0.27,7,False,0,0,0.3036611633474947
51,74628,3000,13.49,0.04,18,True,0,0,0.17711057279854536
32,54000,3000,0.0,0.06,7,False,0,0,0.025497323093794967
28,225000,20000,7.88,0.09,9,False,0,0,0.018522587167376394
23,75000,8000,10.74,0.11,3,False,0,0,0.10098594914244646
29,85000,14000,5.42,0.16,5,False,0,0,0.06094717800646659
25,77000,7200,18.53,0.09,3,False,1,0,0.20390097781836147
24,45000,5000,5.79,0.11,2,False,0,0,0.07454230720999087
24,92341,12000,7.51,0.13,3,False,0,0,0.06372189426213744
24,82500,9800,7.51,0.12,4,False,0,0,0.067566482385024
24,61800,15000,0.0,0.24,4,False,0,0,0.06860367537148923
28,84000,3000,15.99,0.04,6,True,1,0,0.21515361155212334
24,135000,12000,9.38,0.09,2,False,0,0,0.04781866107948136
29,40000,10000,13.16,0.25,7,False,1,0,0.3836843813014147
26,44959,10000,11.71,0.22,2,False,0,0,0.2752376586046851
25,75000,25000,10.36,0.33,2,False,1,0,0.25949941229071233
22,37200,10000,0.0,0.27,2,False,1,0,0.12776646027277583
36,106000,4025,7.49,0.04,14,False,0,0,0.041229309428984014
26,62100,1600,12.61,0.03,4,False,0,0,0.08973456555542406
25,111996,24250,0.0,0.22,3,False,0,0,0.028409230013901107
26,80500,24000,17.58,0.3,3,True,0,1,0.5628052134600183
22,57000,4000,0.0,0.07,2,False,0,0,0.02577891860737062
36,49901,8400,13.61,0.17,12,True,0,0,0.3788451305693698
22,65000,10000,9.88,0.15,2,False,0,0,0.12116992651141359
31,42000,7200,9.99,0.17,8,False,0,0,0.1811926727214774
24,26000,12250,11.49,0.47,2,False,1,1,0.8082542546226262
28,39600,2800,16.77,0.07,7,True,1,0,0.3228144715861338
27,33000,1600,16.89,0.05,5,True,1,0,0.3037751154564503
22,28080,4200,9.91,0.15,4,False,1,0,0.18106629223062007
30,33280,4000,13.79,0.12,9,False,0,0,0.21114225932160807
32,50000,2500,13.49,0.05,7,False,0,0,0.11817570223230905
23,50400,11200,7.42,0.22,3,False,0,0,0.166517147856746
23,125000,5000,0.0,0.04,2,False,0,0,0.014585380120529654
24,45000,15000,13.06,0.33,3,False,0,0,0.4981247406115533
23,37000,10000,13.23,0.27,3,False,0,0,0.43489450065760055
24,32700,4200,7.29,0.13,2,False,0,0,0.11500568275056171
27,35000,12000,9.91,0.34,8,False,1,0,0.4772191445559857
27,90000,12000,12.73,0.13,9,False,0,0,0.11563380239396502
24,82440,14700,8.49,0.18,4,False,0,0,0.09999551799360834
31,67000,13000,13.06,0.19,10,False,0,0,0.2034783892870311
23,38000,1500,8.32,0.04,3,False,0,0,0.0643755213439853
42,39000,19750,10.65,0.51,14,False,1,1,0.7788140987741768
39,80000,5600,13.43,0.07,13,False,0,0,0.10926867345878535
25,83004,5000,6.76,0.06,3,False,0,0,0.04634533105308995
43,125000,3250,7.49,0.03,16,False,0,0,0.03754923184353678
23,66000,10000,9.63,0.15,4,False,0,0,0.11722898132203519
21,55692,5600,6.62,0.1,2,False,0,0,0.06930417857253042
23,50000,6000,11.48,0.12,3,False,0,0,0.14316826942796765
36,51000,4775,11.14,0.09,14,False,0,0,0.11378942037434542
22,19008,12000,5.42,0.63,2,False,1,1,0.9105396346323141
29,54000,7500,7.49,0.14,7,False,1,0,0.10112718945361436
42,300000,16000,9.63,0.05,15,False,0,0,0.015927615061839616
30,30000,4000,13.99,0.13,6,True,0,0,0.37350990516233584
26,36000,14500,9.88,0.4,3,False,1,1,0.5903934120610992
27,40000,6400,9.32,0.16,9,False,0,0,0.16050062980538304
32,113000,5000,0.0,0.04,6,False,0,0,0.015431750737864078
26,32450,3250,6.99,0.1,2,False,0,0,0.08993328244130173
24,22992,5000,13.06,0.22,3,True,1,1,0.5555291843092036
38,74000,9000,12.84,0.12,12,False,0,0,0.13500186278037962
40,110000,5000,11.49,0.05,14,False,0,0,0.06892219154485492
26,53000,8000,7.88,0.15,2,False,0,0,0.1133607010124251
38,89000,10000,0.0,0.11,13,False,0,0,0.02459120878140407
27,36000,8000,13.92,0.22,9,True,0,1,0.5240090181296858
24,65000,23000,11.99,0.35,4,False,1,0,0.378038930869017
31,84000,10400,14.96,0.12,7,False,0,0,0.15212139783702044
24,83500,20000,13.48,0.24,3,False,0,0,0.21547705040955198
22,69077,10000,7.51,0.14,3,False,0,0,0.08351077543940512
25,96050,6500,14.61,0.06,2,False,1,0,0.10235072846402839
23,58000,7200,11.97,0.12,3,False,1,0,0.1385670330235838
27,54000,27575,0.0,0.51,5,False,0,0,0.34833426573170895
22,50004,5000,14.26,0.1,4,True,0,0,0.28234333412926266
40,108000,3500,0.0,0.03,15,False,0,0,0.015524833433540483
24,68400,6000,6.54,0.09,4,False,0,0,0.05896681519710797
22,21040,8450,11.71,0.4,4,False,1,1,0.7304117902328374
27,49200,9600,5.42,0.2,6,False,0,0,0.12383820531921887
30,120000,9600,7.66,0.08,9,False,0,0,0.04254557735398087
23,30000,3600,5.99,0.12,2,False,0,0,0.09430404711686977
22,43000,13500,10.95,0.31,4,False,1,0,0.4048833056759947
25,61000,15000,9.88,0.25,2,False,0,0,0.22149472165504183
35,188000,5000,16.49,0.03,9,False,1,0,0.0806878590228094
28,85000,8000,11.71,0.09,5,False,0,0,0.09213682172065243
27,62900,24250,15.31,0.33,6,False,1,0,0.41365140547672397
37,50000,15000,13.22,0.3,11,True,0,1,0.5910392612867414
34,68000,15000,11.78,0.22,7,True,0,0,0.3376366177089456
30,65000,11475,13.72,0.18,6,False,0,0,0.2186565593462733
22,31200,1200,12.21,0.04,4,False,0,0,0.10385072457187966
34,36500,6500,15.65,0.18,10,False,1,0,0.3466951591527219
25,70224,21000,13.22,0.3,4,False,0,0,0.32335639390455245
25,31000,12000,0.0,0.39,3,False,0,0,0.30841161113086507
33,87550,9000,14.65,0.09,7,True,1,0,0.21029288077417363
22,24000,6000,12.68,0.25,4,True,0,1,0.5993935823507515
28,48996,10000,10.37,0.2,9,False,1,0,0.20323709879946075
24,70446,9550,7.49,0.14,3,False,0,0,0.08563759623177615
26,157500,25000,11.86,0.16,3,False,0,0,0.05517651212494603
26,45000,8000,15.33,0.18,4,True,0,0,0.4633986232267453
23,22000,5500,13.04,0.25,4,False,0,0,0.45853805576445744
23,100000,20000,11.36,0.2,3,False,0,0,0.11734646651671954
22,48000,6700,11.99,0.14,3,False,0,0,0.17311843228946266
37,103000,10000,15.62,0.1,12,True,1,0,0.2288989357769271
23,34348,5000,7.9,0.15,3,False,0,0,0.13898850804093016
29,80000,21000,10.99,0.26,6,False,0,0,0.19076566209932214
31,13000,7000,9.62,0.54,9,False,1,1,0.9067354398429749
33,56000,10000,11.36,0.18,6,False,0,0,0.191635084051961
25,54000,3600,0.0,0.07,3,False,1,0,0.026838685248172855
43,400000,28000,9.91,0.07,11,False,0,0,0.007172820610223375
45,43800,5000,0.0,0.11,14,False,1,0,0.0389170152393776
22,50000,3500,0.0,0.07,3,False,0,0,0.02706884571520818
26,27000,2500,13.61,0.09,4,False,0,0,0.17824355512875706
24,84000,18000,9.99,0.21,2,False,0,0,0.12923303912392395
28,100000,2000,14.27,0.02,5,True,0,0,0.15463010935630608
24,31000,13500,13.43,0.44,4,True,1,1,0.8738503614028188
25,50000,8000,7.9,0.16,4,False,0,0,0.12414378312655372
24,36000,8000,12.12,0.22,4,False,1,0,0.3146131563329344
30,41000,18000,9.01,0.44,7,False,0,1,0.6058604927049851
28,34320,16000,12.69,0.47,7,False,0,1,0.7909077701839858
24,24000,2000,14.61,0.08,2,True,1,0,0.3081071682147461
22,71500,6400,13.11,0.09,4,False,0,0,0.1204608189897896
42,48000,3500,14.35,0.07,12,False,0,0,0.1497151952659109
24,120000,15000,0.0,0.13,3,False,0,0,0.01980028893638781
41,70000,5000,12.69,0.07,12,False,0,0,0.10797050128556418
26,64000,10000,16.4,0.16,3,False,1,0,0.2592760414210363
30,45000,2500,6.76,0.06,10,False,0,0,0.05992818518983919
31,96000,25000,0.0,0.26,5,False,1,0,0.042737296661948046
24,105000,13800,7.66,0.13,2,False,0,0,0.05642983521979325
25,31200,14700,12.29,0.47,4,False,1,1,0.7972529077393312
38,55000,6000,5.42,0.11,14,False,0,0,0.06604304406313903
37,88000,12000,7.51,0.14,17,False,0,0,0.0709254514380252
25,70000,14000,9.99,0.2,2,False,0,0,0.1525475050830681
22,60000,12000,13.47,0.2,3,True,0,0,0.38166783457131387
37,37500,6750,6.91,0.18,16,False,0,0,0.14724805107369804
31,50000,6500,9.38,0.13,5,False,0,0,0.12334800032870913
33,54000,7500,13.22,0.14,10,False,0,0,0.18809143342074167
33,83000,21000,11.71,0.25,7,False,1,0,0.18928503422845155
25,69000,10000,14.09,0.14,2,True,1,0,0.2885771819819252
23,30000,1000,9.32,0.03,4,False,1,0,0.06923839235866976
24,33600,4450,11.49,0.13,4,False,0,0,0.1767005885595485
26,80000,7000,13.22,0.09,2,True,0,0,0.2036555088809285
44,29088,7200,11.71,0.25,17,False,0,0,0.39432962778567343
33,26400,1000,10.99,0.04,7,False,0,0,0.09518928242337356
25,33168,6000,15.96,0.18,4,False,1,0,0.3623551778196037
30,60000,18500,12.99,0.31,5,False,1,0,0.38549830883586866
34,82000,6000,8.9,0.07,5,False,0,0,0.06365194807936334
26,65000,17000,9.91,0.26,2,False,0,0,0.21679591265774262
46,60000,15000,16.32,0.25,16,False,0,0,0.3967514327743921
26,70000,5000,17.39,0.07,2,False,0,0,0.1761954861618188
23,52692,3500,12.23,0.07,4,True,0,0,0.19735845473596988
49,90000,12000,0.0,0.13,16,False,0,0,0.0272164071589336
25,60000,8000,5.79,0.13,2,False,0,0,0.07266883430298421
21,83004,10000,15.28,0.12,4,False,1,0,0.15774033820563202
30,79820,14400,13.49,0.18,6,False,0,0,0.17806967356022124
26,33200,10000,11.49,0.3,2,False,0,0,0.46207889124558205
31,45504,7000,9.88,0.15,8,False,0,0,0.1515334874797262
25,75000,13000,11.48,0.17,4,False,0,0,0.1428767749835399
22,68000,11000,6.99,0.16,4,False,0,0,0.08946118412562307
31,75000,13800,0.0,0.18,9,False,0,0,0.040160278752595306
29,60000,5600,12.42,0.09,10,False,0,0,0.12097057853900701
21,24000,2000,11.14,0.08,4,False,0,0,0.12837022499030679
27,65000,4500,11.99,0.07,10,False,0,0,0.10025301094806952
21,30000,4150,6.76,0.14,3,False,0,0,0.11836128648751232
39,38400,10850,10.99,0.28,14,False,0,0,0.3826007022679816
32,61000,2000,7.9,0.03,8,False,0,0,0.05116574207274581
25,42000,3500,5.42,0.08,4,False,0,0,0.05903312436514175
24,27000,4000,10.75,0.15,4,False,0,0,0.20081336451413334
25,53000,7500,10.39,0.14,4,False,0,0,0.13916282484438178
38,67870,5000,0.0,0.07,15,False,0,0,0.023775314415690932
41,52106,5000,12.84,0.1,13,False,1,0,0.14985161415147114
25,58800,5000,14.84,0.09,2,False,0,0,0.16416588440605281
30,35600,8000,14.59,0.22,9,False,1,0,0.38625070971185477
28,54000,1200,7.51,0.02,7,False,0,0,0.04703769119170471
26,64000,15000,10.38,0.23,3,False,0,0,0.19698998492401962
36,60000,9500,7.14,0.16,12,False,0,0,0.10331072448380144
29,60000,14000,7.51,0.23,8,False,0,0,0.15493949649835043
24,42200,4450,9.32,0.11,4,False,0,0,0.11504870162077391
29,29780,1500,12.86,0.05,10,True,1,0,0.2096612767844873
33,143004,10000,6.99,0.07,7,False,0,0,0.03289798662594828
34,53549,14200,6.99,0.27,6,False,0,0,0.2097621031820869
34,35000,2000,13.99,0.06,8,False,0,0,0.14636585177051892
24,141000,10000,7.49,0.07,2,False,0,0,0.03466480828401768
23,52000,8400,8.9,0.16,2,False,0,0,0.13471389510199838
21,27996,3700,8.0,0.13,3,False,0,0,0.1279412505420549
32,41464,3500,8.32,0.08,9,False,0,0,0.08351746429399932
22,57460,10400,13.49,0.18,3,True,0,0,0.3600347379903223
29,120000,8000,11.11,0.07,10,False,0,0,0.06351870120524472
21,42000,7200,5.42,0.17,4,False,0,0,0.10883342704687339
25,42000,1925,6.17,0.05,4,False,0,0,0.0531236844735781
29,240000,12000,6.03,0.05,9,False,0,0,0.01535853178769483
22,185000,25000,11.36,0.14,4,False,0,0,0.03875563186091257
24,25000,6950,14.42,0.28,3,True,1,1,0.7051246339162058
44,60000,15000,0.0,0.25,11,False,0,0,0.07905875809303761
23,25960,12250,10.37,0.47,4,False,1,1,0.783912928797459
21,35000,5000,14.79,0.14,2,False,1,0,0.25602310726614086
23,95327,4325,7.74,0.05,2,False,0,0,0.04722133178311478
21,28692,3000,10.75,0.1,2,False,0,0,0.13788555989831647
26,150000,14000,10.36,0.09,3,False,0,0,0.04582738417200369
25,12996,3600,14.59,0.28,3,False,1,1,0.6191010185175657
22,18996,3200,15.28,0.17,2,False,1,0,0.3687393990460412
24,75000,12000,13.49,0.16,4,True,0,0,0.2833642466006466
22,43200,8400,16.77,0.19,4,False,0,0,0.36522600357115526
23,40000,7500,5.42,0.19,2,False,0,0,0.1301237583160705
28,64000,15000,9.63,0.23,10,False,1,0,0.18023912362723465
27,75000,15000,6.91,0.2,10,False,0,0,0.10002728595840943
24,28800,8875,0.0,0.31,2,False,1,0,0.19544222610124676
30,145000,9600,7.9,0.07,6,False,0,0,0.03711134978475595
24,39996,5000,14.82,0.13,3,True,0,0,0.3733320447091659
23,61360,6125,8.59,0.1,4,False,0,0,0.08312734685590734
27,120000,17000,6.03,0.14,5,False,0,0,0.040540528690240114
23,20000,4100,13.49,0.2,4,False,0,0,0.3725820638481692
34,33600,6000,10.99,0.18,6,False,0,0,0.23780001818842844
23,46800,9000,0.0,0.19,4,False,0,0,0.06300798966639429
36,136000,4800,14.72,0.04,15,False,0,0,0.08404722112987366
32,84000,15000,6.91,0.18,7,False,0,0,0.08311773027500417
27,111000,28000,7.9,0.25,8,False,0,0,0.07760347835066056
32,63000,8000,6.17,0.13,8,False,0,0,0.07560638491531362
23,34000,12000,12.84,0.35,4,False,1,1,0.5936254241071953
23,24000,12250,13.16,0.51,4,True,1,1,0.9371596833092896
32,40000,5400,11.11,0.14,5,False,0,0,0.1764879818148149
21,30000,3500,7.9,0.12,2,False,0,0,0.11674807796169273
23,48500,3850,8.49,0.08,2,False,0,0,0.08112877018695912
36,38400,10000,6.17,0.26,13,False,0,0,0.22458812199419712
40,54000,5000,5.42,0.09,13,False,0,0,0.058636051664158376
28,63000,25000,11.36,0.4,8,False,1,0,0.453082992153505
31,50000,8800,6.17,0.18,9,False,0,0,0.11779914676982407
22,19200,4950,11.71,0.26,2,False,1,0,0.45350809070171716
26,78000,24250,17.56,0.31,3,True,1,1,0.5850597303077958
27,48000,14000,0.0,0.29,8,False,0,0,0.11907010671518249
25,100000,7750,9.99,0.08,4,False,1,0,0.06631588140093767
28,100000,10000,5.42,0.1,8,False,0,0,0.04084906398300755
36,72000,3500,6.99,0.05,13,False,0,0,0.049145577102702495
24,100000,12000,15.33,0.12,4,False,0,0,0.1375070931377965
29,105000,7500,11.03,0.07,9,True,0,0,0.1230976983791073
23,55000,10000,10.37,0.18,4,False,0,0,0.16961802302780168
26,216000,20000,14.22,0.09,2,True,0,0,0.07756575795292368
31,40860,4000,0.0,0.1,7,False,0,0,0.03688144843934402
22,41000,15000,12.73,0.37,3,False,1,1,0.5890478740132334
27,45150,18000,13.16,0.4,7,False,1,1,0.6279457981065152
26,30000,2800,14.65,0.09,3,True,0,0,0.31690470586438163
29,45000,8000,15.58,0.18,9,False,0,0,0.3152193234773795
36,372000,2000,0.0,0.01,14,True,1,0,0.011277158833718458
38,65000,7000,7.88,0.11,11,False,0,0,0.08129237167502126
30,51372,4500,6.39,0.09,10,False,0,0,0.06659727121876792
26,88596,24000,11.58,0.27,3,False,0,0,0.18502927180947926
22,29654,7000,14.22,0.24,3,False,1,0,0.4412850773896482
26,125000,15500,7.88,0.12,2,False,0,0,0.04513368835490723
25,54000,25000,16.82,0.46,4,False,1,1,0.7561992040498049
23,120000,15000,0.0,0.13,4,False,0,0,0.019671572196706965
22,24605,10000,0.0,0.41,4,False,0,0,0.383063572168823
32,100000,35000,0.0,0.35,10,False,0,0,0.05519509190244821
28,31000,2400,11.49,0.08,6,False,0,0,0.1299870643170044
22,44582,4000,5.99,0.09,4,False,1,0,0.06623498698076123
41,102300,8800,11.58,0.09,11,False,0,0,0.08442561837310315
33,60000,6300,9.62,0.1,10,False,0,0,0.09427593826433212
23,52000,10000,6.54,0.19,2,False,0,0,0.12439284371723691
26,24000,3625,11.11,0.15,4,False,1,0,0.21475419156420622
34,54000,3500,5.99,0.06,6,False,0,0,0.05150761618446024
23,35000,10000,7.29,0.29,4,False,0,0,0.3096734902301561
23,54096,4900,0.0,0.09,2,False,0,0,0.030094489657599265
29,100000,12000,6.91,0.12,10,False,0,0,0.05248315969037844
44,42000,13200,6.17,0.31,14,False,0,0,0.28521695201424185
29,60000,7200,7.88,0.12,7,False,0,0,0.08798934957591259
27,48000,14000,13.79,0.29,10,False,1,0,0.43059027016413165
32,52000,15000,6.91,0.29,6,False,0,0,0.23401075320950468
24,56000,20000,14.61,0.36,4,True,1,1,0.6897175390914889
31,41000,3200,13.16,0.08,6,False,1,0,0.14642822134951386
35,20800,7000,10.62,0.34,8,False,0,1,0.5932623310675885
27,101000,11200,10.99,0.11,6,False,0,0,0.08083015685039902
24,30000,1400,15.62,0.05,4,True,1,0,0.27414299837117345
22,128474,30000,7.29,0.23,2,False,0,0,0.05067012356070618
23,57600,7500,13.85,0.13,3,False,0,0,0.18123688214643943
27,56500,14000,13.87,0.25,8,False,1,0,0.33326923210061726
25,34000,5925,11.11,0.17,4,False,1,0,0.2189502635198892
35,80004,3200,11.11,0.04,7,False,0,0,0.07317976753280991
25,44000,2400,7.66,0.05,4,False,0,0,0.06126205369584684
28,120000,3600,14.84,0.03,9,False,0,0,0.08649692399799878
25,44196,4000,7.51,0.09,3,False,0,0,0.08012033483604444
26,95000,17000,15.65,0.18,2,False,0,0,0.18721638630537013
30,65000,25000,10.38,0.38,8,False,1,0,0.3747167801557385
37,95000,3250,13.35,0.03,13,False,0,0,0.08143897570159812
24,72800,11200,13.79,0.15,2,False,0,0,0.17033454587941252
23,44000,13000,16.29,0.3,3,False,1,1,0.5541296684379494
23,80000,10000,7.74,0.13,3,False,0,0,0.07589194860724063
35,37000,2000,11.26,0.05,8,False,0,0,0.09892030050653809
23,74000,10000,0.0,0.14,3,True,1,0,0.06329900310539828
25,48000,3200,0.0,0.07,4,True,1,0,0.052396566728851936
26,49200,6000,16.49,0.12,2,True,1,0,0.37980896371452383
23,138000,24000,16.0,0.17,2,True,1,0,0.1902103227207513
30,49641,8400,13.11,0.17,6,True,0,0,0.3640674154920461
26,120000,25000,12.69,0.21,2,False,0,0,0.10834047660389871
28,29496,4500,14.11,0.15,7,True,0,0,0.4158549939405997
23,78000,12000,14.96,0.15,4,False,1,0,0.18059251044836455
36,148000,10000,14.11,0.07,13,False,1,0,0.07490364888175519
25,40800,9700,9.63,0.24,4,False,0,0,0.2678671321268174
22,24000,4800,7.49,0.2,2,False,0,0,0.20982479649514466
24,54400,3300,7.66,0.06,2,False,0,0,0.06211686307939379
40,54000,6000,13.49,0.11,11,False,0,0,0.16548209891952395
35,52000,7000,6.03,0.13,5,False,0,0,0.0828506527273271
31,36000,8000,8.49,0.22,8,False,0,0,0.22754452681061643
26,130000,4550,13.57,0.04,2,True,0,0,0.13753256840536235
32,73000,22400,12.69,0.31,5,False,1,0,0.3147845164397613
22,59959,6000,0.0,0.1,3,False,0,0,0.03031942313411904
39,164000,35000,13.99,0.21,14,True,0,0,0.11521810502847635
23,21600,2000,6.17,0.09,4,False,0,0,0.08144234738504649
23,106925,24250,12.18,0.23,3,False,0,0,0.13062105105616978
23,78000,6000,6.91,0.08,4,False,0,0,0.05421796554578169
34,70596,10000,11.26,0.14,9,False,0,0,0.12916505032733192
27,70000,7500,7.88,0.11,5,False,0,0,0.07652678987525213
24,25000,9000,7.14,0.36,4,False,0,0,0.495393084102484
25,21500,7500,11.34,0.35,2,False,1,1,0.6272054655854519
27,72000,9500,13.99,0.13,6,False,0,0,0.16037506865786136
28,37090,3000,11.12,0.08,5,False,0,0,0.11912388596256
22,50000,22000,9.91,0.44,2,False,0,1,0.5639398409139424
28,82300,3600,9.63,0.04,8,False,0,0,0.05821606408358224
22,60000,5900,11.12,0.1,2,False,0,0,0.11280746775974995
22,48000,3000,14.79,0.06,2,False,0,0,0.14322290921756198
28,56700,15000,12.12,0.26,7,False,0,0,0.2958301511353182
35,120000,12000,10.99,0.1,7,False,0,0,0.0679793718288783
22,30000,2500,7.29,0.08,3,False,0,0,0.08007006336854236
22,52500,16000,12.69,0.3,3,False,1,0,0.38973483397899034
25,34000,8200,12.21,0.24,4,False,0,0,0.36164050481600124
40,43000,2500,12.84,0.06,14,False,0,0,0.12318166406372556
22,72000,8000,16.45,0.11,4,False,0,0,0.18730620016676042
29,39000,7100,8.32,0.18,5,False,0,0,0.16821903865141394
23,30000,4800,7.49,0.16,3,False,0,0,0.14829604349195355
35,57721,16500,0.0,0.29,6,False,0,0,0.10416153043896123
21,60000,6000,6.91,0.1,4,False,0,0,0.06875513864213662
24,50000,5000,12.69,0.1,3,False,0,0,0.1450034517963799
34,73000,10000,11.11,0.14,10,False,0,0,0.1258477893461215
24,60000,12500,11.49,0.21,2,False,0,0,0.21328485752548285
43,80000,10000,11.49,0.13,12,False,0,0,0.12032333677004717
25,52000,13000,15.31,0.25,2,True,0,1,0.5572457685053842
64,87000,15000,7.51,0.17,27,False,0,0,0.08396698907996361
22,70028,2000,0.0,0.03,3,False,0,0,0.018741823938998623
29,54000,2000,10.01,0.04,7,False,0,0,0.07314074581265691
23,21000,3000,12.68,0.14,2,True,0,0,0.37717392729117427
23,112995,2500,7.37,0.02,3,False,0,0,0.03550247270274481
30,54000,15000,14.27,0.28,8,True,1,1,0.5673168178952105
33,42000,8000,5.99,0.19,7,False,0,0,0.13622134761875074
23,40000,4000,7.51,0.1,2,False,0,0,0.08866305507448774
28,39000,9900,10.95,0.25,6,False,0,0,0.32261417681425564
21,84000,2500,9.99,0.03,4,False,0,0,0.05793429231443605
39,325000,18000,14.96,0.06,14,True,0,0,0.051614986757547325
25,53000,10800,7.51,0.2,2,False,0,0,0.14498275448972908
24,61781,17800,10.25,0.29,3,False,0,0,0.271244388254244
38,50000,10000,11.86,0.2,11,False,0,0,0.23964654116262654
29,25400,7500,14.59,0.3,5,True,1,1,0.7446756349165917
25,40000,4000,7.29,0.1,2,False,0,0,0.08700694922535572
21,44000,5500,15.28,0.13,3,False,1,0,0.23701950170186195
22,48000,17750,13.49,0.37,4,False,1,1,0.5648991177366478
29,44000,5400,16.0,0.12,9,True,1,0,0.3751419207595664
32,36500,20000,0.0,0.55,8,True,1,1,0.7229658583529761
36,80000,7500,11.49,0.09,15,False,0,0,0.09338661030708924
36,80000,10000,13.61,0.13,14,False,0,0,0.1475130392582947
26,54828,5000,16.82,0.09,4,False,0,0,0.20270907589770473
32,33000,5000,6.17,0.15,7,False,0,0,0.11733590763850257
23,40000,1000,10.62,0.03,4,False,0,0,0.07812876399281395
21,25200,8500,13.61,0.34,2,True,1,1,0.7810602109467782
24,72000,5000,6.03,0.07,4,False,0,0,0.048069724184949474
36,140004,10000,6.92,0.07,11,False,0,0,0.03285101704066906
27,27000,6000,8.0,0.22,6,False,0,0,0.2424293078544925
23,57000,3000,14.59,0.05,2,False,1,0,0.1256088581164796
22,105000,12800,11.83,0.12,3,False,0,0,0.08756870708960926
30,75000,6000,12.68,0.08,5,True,0,0,0.1899490439424491
26,28000,6625,12.92,0.24,2,False,0,0,0.4125229420596402
30,80256,24000,7.49,0.3,7,False,0,0,0.15908948158170205
22,24000,4750,0.0,0.2,3,True,0,0,0.16659151135075823
25,64000,9000,5.99,0.14,2,False,0,0,0.07622177118272802
22,110000,20000,14.17,0.18,3,False,0,0,0.1297690992697115
29,76000,4400,16.29,0.06,10,True,1,0,0.2452438517080756
26,95000,12000,10.65,0.13,4,False,0,0,0.09122118401802656
23,55000,10000,13.99,0.18,3,True,0,0,0.38304843519725296
30,59004,14000,15.28,0.24,10,False,0,0,0.3494127463717776
28,57000,15000,14.11,0.26,10,False,1,0,0.3478683177501295
33,84996,4000,8.59,0.05,6,False,0,0,0.05610241485276226
28,60000,25000,13.49,0.42,10,False,1,1,0.5703945110800682
23,30000,1000,13.72,0.03,4,False,0,0,0.11435396477478268
24,134000,25000,14.83,0.19,4,False,1,0,0.10911256504711486
36,140000,8000,6.99,0.06,11,False,0,0,0.0338322525924284
33,60000,15000,13.79,0.25,7,True,0,0,0.47569701866983144
27,150000,8000,0.0,0.05,7,False,0,0,0.012377741324665417
26,60000,5000,7.14,0.08,2,False,0,0,0.0633460778035021
28,103992,18000,10.99,0.17,7,False,0,0,0.09513881113494706
22,34800,9600,19.16,0.28,2,True,1,1,0.7804293129772324
22,35000,3500,11.49,0.1,3,False,0,0,0.1429403402571757
32,65000,20000,13.8,0.31,6,True,1,1,0.546301145690742
26,70000,11600,6.99,0.17,3,False,0,0,0.09571724396146555
32,24000,5000,16.29,0.21,9,False,0,0,0.46939268062791206
27,49500,6000,11.22,0.12,8,False,0,0,0.13914697005523816
25,32000,6000,10.62,0.19,2,False,1,0,0.24536431980162696
28,54600,20000,11.89,0.37,5,False,1,0,0.47974435040219615
30,96000,6000,5.42,0.06,6,False,0,0,0.035988031303186716
27,72800,7000,0.0,0.1,10,False,0,0,0.027297394580961233
29,87000,4800,8.94,0.06,5,False,0,0,0.06040721526535251
26,130000,35000,18.25,0.27,4,True,0,0,0.3094462679711796
23,45000,15000,0.0,0.33,3,False,1,0,0.16142104504206084
33,76248,10400,7.66,0.14,5,False,0,0,0.08370639876095909
22,50004,25000,12.23,0.5,3,False,1,1,0.7241899722053771
22,24000,1000,12.84,0.04,4,True,0,0,0.20009232854488848
34,220000,11275,12.99,0.05,8,False,0,0,0.04075789202621657
22,43200,8000,5.99,0.19,3,False,0,0,0.13283987313696866
24,78956,35000,11.11,0.44,4,False,1,0,0.38191331362407216
24,42000,11000,5.42,0.26,4,False,0,0,0.19488393428900364
32,45000,4800,7.49,0.11,7,False,0,0,0.092620813968919
23,64000,12000,13.16,0.19,2,False,0,0,0.21700505764521227
27,50000,8000,7.9,0.16,8,False,0,0,0.12350245027377572
25,44000,7500,13.92,0.17,3,False,1,0,0.26012746950377624
21,22000,5000,15.7,0.23,3,True,0,1,0.6564388890803824
22,85000,20000,13.49,0.24,2,True,0,0,0.3441815185186989
26,76000,7200,16.35,0.09,2,True,1,0,0.27476840864602775
28,17573,3000,7.37,0.17,8,False,1,0,0.18084986738593417
47,50000,4000,0.0,0.08,17,True,0,0,0.056488079109632085
27,44000,1200,15.23,0.03,5,False,0,0,0.12954966631016537
22,27996,5000,0.0,0.18,3,True,0,0,0.13709153249038436
32,45000,3000,12.61,0.07,8,True,0,0,0.21730899204316623
22,26124,7125,5.79,0.27,2,False,0,0,0.27223463370485573
26,55500,10000,0.0,0.18,4,True,0,0,0.09758061006663273
25,44000,3600,9.32,0.08,2,False,0,0,0.09226740657702358
34,56000,5000,8.9,0.09,8,False,0,0,0.08698305782413629
55,28800,5000,15.33,0.17,22,False,0,0,0.3489704133262078
40,59484,5500,7.14,0.09,11,False,0,0,0.06898157729286482
43,29004,5000,7.88,0.17,11,False,0,0,0.17306322172487096
28,34300,6125,16.89,0.18,10,False,1,0,0.38490021914148004
23,40000,15000,12.42,0.38,4,False,0,1,0.6047686599347467
21,33800,15000,11.71,0.44,2,False,1,1,0.7231687215487835
28,30000,2000,5.42,0.07,5,False,0,0,0.061136379515799394
32,60000,3250,13.49,0.05,5,True,0,0,0.1935680180363129
21,28416,4600,0.0,0.16,2,False,0,0,0.0645842024439765
25,39000,3000,13.99,0.08,2,False,0,0,0.16137612481729813
21,62004,15000,7.29,0.24,4,False,0,0,0.1537176406015072
26,50000,6000,0.0,0.12,3,False,0,0,0.03850881641548121
32,53196,25000,11.86,0.47,9,False,1,1,0.6506254519337171
24,34000,7000,14.09,0.21,2,False,1,0,0.3639278175088493
26,53000,8000,0.0,0.15,2,False,0,0,0.04545888171037518
27,33000,10625,6.62,0.32,5,False,1,0,0.35327782015424913
34,66996,13000,15.2,0.19,9,True,1,0,0.3945792952418278
21,24000,5000,12.98,0.21,2,False,0,0,0.3651826559938008
25,130000,20000,13.48,0.15,2,False,0,0,0.08761968171950443
22,50000,6400,7.29,0.13,4,False,0,0,0.09580233252950195
27,36000,5000,9.63,0.14,8,False,0,0,0.15249222337140345
58,33600,1500,14.79,0.04,28,False,0,0,0.1405614125635819
41,30000,8875,5.42,0.3,16,False,0,0,0.3043744774431751
28,78500,5000,14.27,0.06,6,True,0,0,0.1957969937853835
22,31000,10000,19.42,0.32,2,True,1,1,0.8444111037105796
24,50000,7000,11.71,0.14,3,False,0,0,0.16565582396472234
37,48000,7000,7.9,0.15,15,False,0,0,0.12125450165295047
36,72000,8000,6.92,0.11,16,False,0,0,0.06586052556490829
26,34000,13000,9.63,0.38,2,False,1,1,0.5583195982955982
25,43200,3600,14.79,0.08,2,True,0,0,0.28023391790487406
22,49000,4000,8.94,0.08,2,False,0,0,0.0843263747818429
30,24000,7000,6.62,0.29,9,False,0,0,0.3411512220807285
34,30636,10000,10.37,0.33,10,False,1,1,0.5050154685675977
27,82000,10000,7.51,0.12,9,False,0,0,0.06654840790109699
24,40000,7500,12.42,0.19,4,False,0,0,0.2639482407307859
37,80000,3000,0.0,0.04,15,True,0,0,0.036164446443113764
33,36500,3200,7.37,0.09,6,False,0,0,0.0857793217762415
23,33000,18000,9.91,0.55,4,False,1,1,0.8404873674352393
35,58000,15000,13.99,0.26,9,True,1,1,0.5088666972404357
36,132000,10200,7.51,0.08,13,False,0,0,0.039152770629195616
32,90000,20000,13.22,0.22,6,True,0,0,0.29431611664539187
28,42240,12000,11.86,0.28,6,False,0,0,0.3858799698775029
21,49000,12500,7.49,0.26,4,False,0,0,0.21686272518422592
32,50000,9600,6.76,0.19,9,False,0,0,0.131896411919056
50,42000,10000,14.84,0.24,13,True,0,1,0.583576870540093
39,403750,35000,0.0,0.07,11,False,1,0,0.0013230784234869628
27,47000,13000,10.99,0.28,6,False,0,0,0.34213250683424107
40,55182,6000,6.99,0.11,13,False,0,0,0.07996283436514544
24,62004,14000,8.59,0.23,4,False,0,0,0.17193436495744913
51,18408,1000,14.65,0.05,20,True,1,0,0.2706775204838006
34,80000,12000,0.0,0.15,10,False,0,0,0.03308707315476046
26,62000,8400,6.62,0.14,4,False,0,0,0.0850511960259571
24,50000,5600,0.0,0.11,4,False,0,0,0.0354367607367469
23,74400,5000,0.0,0.07,3,False,0,0,0.022986351133205563
28,191250,9000,16.95,0.04,6,False,1,0,0.07279560702968871
30,139008,15000,13.47,0.11,6,False,0,0,0.07827270252120941
24,12600,2500,13.11,0.2,2,True,1,1,0.55425002713386
30,65144,5000,16.35,0.07,6,True,1,0,0.26873188229338046
30,49000,5000,15.31,0.1,10,True,1,0,0.3122487758321586
22,35000,8000,7.29,0.23,2,False,0,0,0.21746421471595498
39,42000,6000,17.58,0.14,12,False,1,0,0.31627267296217754
30,35000,2000,5.42,0.06,9,False,0,0,0.05445274347811138
65,46000,10500,16.32,0.23,24,True,0,1,0.5975298387749405
48,40000,10000,0.0,0.25,17,False,0,0,0.11010322501940369
25,95950,17500,11.71,0.18,3,False,0,0,0.11896046476563937
25,63000,7775,0.0,0.12,3,False,0,0,0.033184714731959344
29,84000,10000,0.0,0.12,8,False,0,0,0.027158023080234833
23,43200,10000,12.69,0.23,3,False,0,0,0.3202705668840874
35,133000,15000,16.77,0.11,7,False,0,0,0.11723368177721608
21,50031,2000,5.99,0.04,2,False,0,0,0.0455684196036858
27,31416,8000,11.12,0.25,5,False,0,0,0.3589733493482786
27,108928,17600,7.88,0.16,8,False,0,0,0.06058929826271268
22,33600,12000,13.06,0.36,4,True,0,1,0.7613181019468689
29,30000,7000,13.35,0.23,10,True,0,1,0.5522483019818373
22,53000,10000,17.39,0.19,3,False,0,0,0.35397662649150224
21,54000,13000,7.51,0.24,4,False,0,0,0.17802626266750884
42,35000,7500,9.99,0.21,15,False,0,0,0.25245470634022005
28,57000,6800,10.65,0.12,8,False,0,0,0.12306590720396407
24,40000,15000,7.88,0.38,4,False,1,0,0.4650199020491459
34,42000,18825,7.9,0.45,9,False,1,1,0.5854532352942953
24,36500,2500,10.37,0.07,3,False,0,0,0.10244677503536172
26,55000,5000,13.48,0.09,4,True,0,0,0.24346737750608585
22,83000,25000,15.95,0.3,2,False,0,0,0.33482090584425983
25,230000,35000,13.99,0.15,4,False,0,0,0.028513978241905852
32,36000,5000,11.83,0.14,10,False,0,0,0.1933127781585236
26,59500,12000,6.62,0.2,4,False,0,0,0.12094042861377728
23,54000,15000,15.27,0.28,2,False,1,0,0.43449706178933944
26,40000,16000,0.0,0.4,3,False,0,0,0.2734094560406822
27,41200,7100,7.88,0.17,10,False,0,0,0.14378398340745396
43,54000,9000,15.65,0.17,14,True,1,0,0.4326414759196709
26,159960,18325,7.49,0.11,3,False,0,0,0.02956245760038306
31,35000,5000,10.65,0.14,5,False,0,0,0.17354724808831287
31,10200,1000,0.0,0.1,10,True,1,0,0.08834586431334954
34,39312,10000,15.7,0.25,7,False,0,0,0.46602117425352135
25,22260,6400,7.88,0.29,4,False,0,0,0.38719229153453993
21,65000,8400,11.86,0.13,4,False,0,0,0.13627068252265223
22,78000,6925,9.62,0.09,4,False,0,0,0.07736389852707488
28,63000,12000,10.37,0.19,10,False,0,0,0.16273984201397226
25,100000,9000,11.34,0.09,4,True,0,0,0.14228146555763224
29,31440,3000,11.34,0.1,6,True,1,0,0.25005108131166803
28,120000,14400,10.74,0.12,10,False,0,0,0.06731527234371927
31,14400,4200,14.17,0.29,8,True,1,1,0.759882602071824
41,31000,8000,10.38,0.26,17,False,0,0,0.3633977664454685
22,81000,10000,15.31,0.12,3,False,0,0,0.160002736636123
41,90000,3000,7.14,0.03,17,False,0,0,0.040361648251510736
21,52000,1500,11.99,0.03,3,False,0,0,0.08551532025051056
29,29000,5000,15.23,0.17,7,True,0,0,0.49410421831792317
23,38000,7200,7.9,0.19,4,False,0,0,0.17212976834573743
30,58000,15000,8.49,0.26,10,False,0,0,0.20930840702299947
21,32000,4500,16.0,0.14,4,False,0,0,0.29293752247553745
30,98000,5200,16.49,0.05,6,False,1,0,0.12359379975339316
28,39000,4500,13.49,0.12,9,False,1,0,0.1959592165788439
28,30000,7500,11.78,0.25,7,False,0,0,0.3858311468765467
28,84000,12000,11.71,0.14,8,False,0,0,0.11553467618921534
33,72000,4250,5.42,0.06,5,False,0,0,0.04355289452086431
22,70550,15000,16.77,0.18,2,True,1,0,0.3810872533597016
28,112123,7200,8.59,0.06,9,False,0,0,0.04595728400440127
35,37000,4650,6.62,0.13,8,False,0,0,0.10457942997573454
47,92000,12000,14.11,0.13,12,False,0,0,0.14080712712995994
38,34000,5750,0.0,0.17,16,False,0,0,0.06617240849743067
22,48000,9600,11.86,0.2,2,False,0,0,0.24048537545953436
22,68004,9600,7.51,0.14,2,False,0,0,0.08592712268564906
30,31200,12000,16.45,0.38,7,True,1,1,0.8595985229128791
25,147750,5750,9.99,0.04,4,False,0,0,0.04392197885903182
34,63000,18000,11.49,0.29,9,False,0,0,0.3028357020356998
25,69570,1500,7.74,0.02,2,False,0,0,0.04551512154977943
32,59363,6000,13.22,0.1,6,True,0,0,0.24476624667524682
24,43000,11000,8.94,0.26,3,False,0,0,0.27339043682549513
23,38400,5000,10.37,0.13,4,False,0,0,0.1503401499076111
39,45000,12000,14.72,0.27,15,False,0,0,0.4484883460386646
25,26729,7300,11.14,0.27,3,False,0,0,0.4210772225660607
27,31000,5500,10.65,0.18,7,False,0,0,0.23224112548616288
32,31000,7400,16.77,0.24,9,True,1,1,0.6736840577831175
22,137004,10000,5.79,0.07,2,False,0,0,0.02836822181066799
31,134748,18000,10.74,0.13,9,False,0,0,0.058269755775662
29,120000,16000,12.42,0.13,9,False,0,0,0.08251386351633
23,61000,8000,13.22,0.13,2,True,0,0,0.2747691274368003
22,55000,1400,13.49,0.03,3,False,0,0,0.1013907459434239
33,16620,3000,5.99,0.18,6,False,1,0,0.17420750835898416
31,40000,12650,11.34,0.32,9,False,0,0,0.46038541648823017
28,62352,3800,6.62,0.06,7,False,0,0,0.05197540396496367
26,44400,6500,14.35,0.15,3,False,0,0,0.24425720832291928
25,33000,1000,7.29,0.03,4,False,0,0,0.05438676156222096
34,44000,10000,13.43,0.23,9,True,0,1,0.5027935311908812
30,65000,12800,15.2,0.2,6,False,0,0,0.2753386608812518
26,88000,10000,7.88,0.11,2,False,0,0,0.0632200492887848
24,38000,5000,13.99,0.13,4,False,0,0,0.21865717013926772
27,49000,4000,10.59,0.08,8,False,0,0,0.10154760564253582
24,104000,25000,12.84,0.24,2,False,0,0,0.1490861042859359
23,40000,10000,12.84,0.25,4,False,0,0,0.37165215377172084
28,33288,10800,12.09,0.32,6,False,1,1,0.5173602271027103
22,33000,4500,7.88,0.14,3,False,0,0,0.13063049528562698
43,50000,5000,13.35,0.1,12,True,0,0,0.26892806964012367
26,50004,5000,9.32,0.1,2,False,0,0,0.10096085259231277
28,50000,9000,0.0,0.18,10,False,0,0,0.056653390952910186
29,53200,1000,13.49,0.02,6,True,0,0,0.17039020897854593
28,116000,25000,12.18,0.22,10,False,0,0,0.11137814924023445
28,76992,1800,12.18,0.02,8,False,0,0,0.07323384967190563
25,122000,10000,13.57,0.08,4,True,0,0,0.14799475197481554
24,62500,16000,10.38,0.26,3,False,0,0,0.23751914318315262
29,60000,20000,12.53,0.33,7,False,0,0,0.3955223442773667
25,56000,5000,0.0,0.09,4,False,0,0,0.02975152085248168
43,55000,2000,12.53,0.04,11,False,0,0,0.10052924188992099
25,134748,25000,10.75,0.19,3,False,0,0,0.06869295625573804
27,90000,7500,7.51,0.08,10,False,0,0,0.05117296176330841
28,186000,2500,7.4,0.01,9,False,0,0,0.02562239508611376
24,24000,6000,11.99,0.25,4,False,0,0,0.41788453578567847
27,150000,8000,17.19,0.05,5,True,0,0,0.1730973409266675
32,300000,24000,12.87,0.08,10,False,0,0,0.019389935232577767
26,28800,15000,10.0,0.52,3,False,1,1,0.8294592929310701
24,22000,2200,0.0,0.1,3,False,0,0,0.04301038145206491
27,92000,18000,11.48,0.2,7,False,0,0,0.13547419518961898
25,62050,18300,10.62,0.25,3,False,1,0,0.20217710695469107
32,108000,8400,15.99,0.08,7,False,1,0,0.1252090172939839
24,123000,24250,12.87,0.2,4,True,1,0,0.18119197216406516
22,75000,9000,10.99,0.12,4,False,0,0,0.10696516554941846
32,30000,3000,13.49,0.1,6,True,0,0,0.30706906019239477
29,15600,5275,14.72,0.34,8,True,1,1,0.8386030878719444
25,49000,7000,6.99,0.14,3,False,0,0,0.09961012292055761
38,60000,16000,16.35,0.27,17,False,0,0,0.4241273727270224
31,54996,10000,7.74,0.18,9,False,0,0,0.12939252599731046
40,56448,28000,18.62,0.5,14,False,1,1,0.8304115983882255
28,40000,19200,9.91,0.48,9,False,0,1,0.7030887188263036
26,31000,15000,7.9,0.48,4,False,1,1,0.7120742214887333
38,49000,3000,7.51,0.06,13,False,0,0,0.06389896298000051
31,20928,2000,13.48,0.1,6,True,0,0,0.32566028568236277
31,80000,8000,12.61,0.1,7,True,0,0,0.19792775066754661
29,44000,15000,11.86,0.34,9,False,1,0,0.4860261588776553
23,75638,8000,5.99,0.11,4,False,0,0,0.05803686521515115
26,80400,7000,10.65,0.09,2,False,0,0,0.08771843283353364
25,118000,15000,7.88,0.13,4,False,0,0,0.05177182279519166
34,91000,25000,11.36,0.27,5,False,0,0,0.17393242147300927
35,500000,20000,13.85,0.04,7,True,0,0,0.01918383576774257
30,65000,20000,16.77,0.31,5,True,0,1,0.6351219044050227
22,69867,13000,11.14,0.19,2,False,0,0,0.16519513545223738
23,40000,3600,15.96,0.09,4,True,0,0,0.33206147487890314
23,33004,5000,8.59,0.15,4,False,0,0,0.14981222145129955
25,100000,9000,9.64,0.09,3,False,1,0,0.06530528589858292
27,44000,10000,15.27,0.23,7,True,1,1,0.55577337635737
23,38000,6000,10.46,0.16,2,False,0,0,0.18663240970976896
26,60000,7000,9.62,0.12,3,False,0,0,0.10854655446508223
27,93000,4200,5.42,0.05,6,False,0,0,0.0362956709852351
36,24168,9925,13.06,0.41,12,True,1,1,0.8633851213645455
31,41303,9900,11.89,0.24,10,False,0,0,0.32418068374638453
27,72000,12500,11.89,0.17,8,False,0,0,0.15371163994176681
31,74076,7200,0.0,0.1,9,False,0,0,0.027313827781381403
52,52000,10000,0.0,0.19,29,False,0,0,0.05966338961837962
23,65000,4000,7.49,0.06,4,False,0,0,0.056090323902839134
29,83000,7500,0.0,0.09,10,False,0,0,0.023411384422606797
33,180000,13000,7.29,0.07,7,False,0,0,0.025403235321591958
24,39000,10000,14.11,0.26,3,False,1,0,0.4365015980076009
22,60000,10000,0.0,0.17,3,False,0,0,0.047193400855791594
38,81000,24000,8.49,0.3,13,False,0,0,0.17744874606860397
31,46000,10000,7.51,0.22,7,False,0,0,0.18291495428356286
29,100000,20000,14.61,0.2,10,True,0,0,0.2774017481353639
25,56544,23000,0.0,0.41,2,False,1,0,0.20440350519320305
33,85000,20000,15.27,0.24,10,False,0,0,0.25651970719781725
33,66000,3500,0.0,0.05,5,False,0,0,0.02179991933079822
29,51000,25000,11.49,0.49,10,False,0,1,0.6836069338304395
31,24000,3000,7.49,0.13,10,False,0,0,0.12838671815073494
32,44400,15000,16.49,0.34,5,True,1,1,0.7687088160629731
24,36852,6000,9.99,0.16,4,False,0,0,0.17796924928364102
30,70000,10000,10.75,0.14,6,False,0,0,0.12190305531159548
25,84000,20000,15.27,0.24,3,False,0,0,0.2561519579287625
33,80001,21600,18.64,0.27,10,False,1,0,0.3961975265885523
30,60000,18950,15.96,0.32,6,True,1,1,0.6526551530593642
22,183000,1000,0.0,0.01,2,False,0,0,0.011402076588896453
34,148750,12000,7.9,0.07,8,False,1,0,0.03205744995371368
21,18492,5000,12.92,0.27,3,True,1,1,0.6711191732730843
34,33000,8875,7.66,0.27,7,False,0,0,0.2988054964840959
22,57000,7200,0.0,0.13,2,False,0,0,0.038284254926117124
47,65000,3100,13.49,0.05,16,False,0,0,0.11181021142679298
40,96050,11000,16.77,0.1,16,False,1,0,0.1460054012014192
30,30809,11200,11.99,0.36,8,False,1,1,0.6091647506596366
27,75000,4000,11.49,0.05,7,False,0,0,0.07938057927754327
22,30000,6000,10.37,0.2,2,False,0,0,0.2576969222247454
22,37000,10000,0.0,0.27,2,False,0,0,0.1278389637798159
23,35004,8000,0.0,0.23,3,False,0,0,0.10030064830502121
22,84996,5000,12.23,0.06,3,True,0,0,0.15437977369633016
22,60000,6000,11.49,0.1,4,False,0,0,0.11623952569193909
26,20004,3600,0.0,0.18,2,False,0,0,0.08581462460040801
25,42000,18000,6.17,0.43,2,False,1,0,0.4922103023105767
26,54396,4500,0.0,0.08,3,False,0,0,0.028115709307339358
34,65000,13750,0.0,0.21,5,False,0,0,0.0566225715768428
35,70000,5000,7.74,0.07,6,False,0,0,0.06102630795936931
30,75000,12325,12.73,0.16,6,False,0,0,0.15663287221978373
30,85000,5000,15.05,0.06,9,False,0,0,0.11986631077825051
36,70000,6000,7.29,0.09,15,False,0,0,0.06446217246593296
24,30000,8000,9.25,0.27,2,False,0,0,0.3523041078317653
27,185000,6000,0.0,0.03,10,False,0,0,0.010132031861274284
30,70000,18000,0.0,0.26,7,False,0,0,0.06874954804013012
23,130000,22600,14.96,0.17,2,True,0,0,0.18735106851228764
28,50000,3200,8.49,0.06,5,False,0,0,0.07004692520472865
27,115000,6300,6.76,0.05,10,False,0,0,0.034757465975420065
27,33000,12000,7.51,0.36,7,False,0,0,0.4549058179057548
25,48000,4800,0.0,0.1,3,False,0,0,0.03414093952059069
26,24000,5000,7.66,0.21,3,False,1,0,0.23047715540969696
23,55000,8200,13.11,0.15,3,True,0,0,0.31456138319828825
23,69996,3000,6.39,0.04,4,False,0,0,0.042395830873925615
26,52800,4600,15.62,0.09,4,True,1,0,0.30281227326200333
25,63000,25000,13.87,0.4,4,False,0,1,0.5321566766019671
41,137004,5600,8.59,0.04,11,False,0,0,0.03996479259608772
26,39996,7000,13.57,0.18,3,True,0,0,0.4288402848815002
25,68004,6800,8.49,0.1,4,False,0,0,0.07805085123341907
21,19000,4200,0.0,0.22,2,True,1,0,0.20441473176409683
27,76788,17000,12.42,0.22,10,False,0,0,0.19260633903115518
21,41004,24250,10.75,0.59,2,False,0,1,0.8533378174476076
23,16080,3000,16.29,0.19,2,True,1,1,0.6154638085047088
27,18000,2400,10.65,0.13,6,False,0,0,0.18784991102459783
35,71500,19200,10.99,0.27,6,False,0,0,0.23399632424509947
22,60000,3500,5.42,0.06,2,False,0,0,0.045970982638535406
24,71496,15000,15.95,0.21,3,True,0,0,0.42922946767505477
26,108000,25000,15.05,0.23,3,False,1,0,0.17152955688778915
24,30000,6000,12.42,0.2,2,False,0,0,0.3112767495936617
40,250000,28000,7.9,0.11,13,False,0,0,0.013277607170622945
23,74000,17500,0.0,0.24,2,False,0,0,0.057432069201650386
36,43000,4000,13.92,0.09,14,True,0,0,0.27369761053429686
31,68000,12000,7.66,0.18,8,False,0,0,0.11127222448849514
23,34560,9600,16.02,0.28,3,True,1,1,0.7059258068897823
25,43000,5000,7.51,0.12,3,False,0,0,0.10011782052350882
28,31800,6400,16.82,0.2,5,True,1,1,0.5953116731541099
21,78000,9600,0.0,0.12,3,True,0,0,0.052584170630483026
29,135000,18000,14.61,0.13,8,False,0,0,0.09094538442841073
29,165000,7500,10.62,0.05,7,False,0,0,0.04479862968290758
27,35000,6000,9.32,0.17,10,False,0,0,0.1800094485627218
28,20000,5000,8.59,0.25,7,False,0,0,0.3364423930257535
25,30576,10000,6.03,0.33,4,False,0,0,0.36923819642198497
22,30000,5000,11.49,0.17,2,False,0,0,0.2389368313783278
24,60000,15000,11.83,0.25,3,False,0,0,0.26580828867616374
26,82000,5000,13.47,0.06,2,True,0,0,0.1796818639681078
29,14400,1000,16.32,0.07,8,True,1,0,0.353214149942386
25,27600,3500,10.99,0.13,4,False,1,0,0.17939630064112028
26,52703,4000,11.89,0.06,4,False,1,0,0.09785439040457279
40,36000,2000,13.57,0.06,12,True,0,0,0.23929235543660235
32,67000,10000,10.25,0.15,9,False,0,0,0.12681147504269236
26,57000,11500,7.51,0.2,3,False,0,0,0.13822719463231178
24,140000,16000,10.38,0.11,2,False,0,0,0.05090256866181122
31,31800,3000,15.62,0.09,9,True,1,0,0.33927553414673717
22,60000,7500,11.66,0.13,2,False,0,0,0.14301099018215552
42,600000,25000,14.74,0.04,16,True,0,0,0.011446466770449927
36,41000,6250,10.62,0.15,17,False,0,0,0.1706641340132504
23,32000,5000,14.79,0.16,2,False,0,0,0.29970673517334623
28,75000,6000,6.92,0.08,6,False,0,0,0.05534964635312869
21,104000,15000,9.63,0.14,4,False,0,0,0.07202401396471489
25,28800,5000,8.9,0.17,4,False,0,0,0.18614431929730624
28,46000,12000,0.0,0.26,8,False,0,0,0.10238140264288328
24,98000,14000,14.26,0.14,3,False,1,0,0.13221580948181544
30,40581,14500,13.23,0.36,10,False,1,1,0.5888300553008409
36,166000,10000,7.88,0.06,17,False,0,0,0.030280149019181798
22,48000,7000,13.48,0.15,3,False,0,0,0.21507355760574529
33,61000,6000,10.39,0.1,7,False,0,0,0.10514716158332359
30,52416,2200,10.99,0.04,8,False,0,0,0.08140304626491975
25,57996,9000,11.83,0.16,4,False,0,0,0.1753148969740741
23,38000,8000,6.17,0.21,2,False,0,0,0.16402693631649534
38,86105,8000,6.54,0.08,17,False,1,0,0.04547852442206098
31,63000,7000,13.92,0.11,7,False,0,0,0.1580525639867104
30,61000,12000,6.92,0.2,9,False,0,0,0.12422125027459803
26,49441,12000,6.99,0.24,4,False,0,0,0.1821736133941484
24,62000,4800,7.14,0.08,3,False,0,0,0.06308715048931039
23,48000,14125,0.0,0.29,2,False,0,0,0.11883634791824582
27,54400,15000,15.65,0.23,9,True,1,0,0.4813909782714787
31,24000,4000,13.48,0.17,6,True,0,0,0.46123796559941976
27,30000,6575,13.49,0.22,9,False,1,0,0.376151208354389
29,81900,8000,7.66,0.1,10,False,0,0,0.06314043712820439
39,55000,3000,10.2,0.05,15,False,0,0,0.07795511575780992
34,40000,5000,12.53,0.13,5,False,0,0,0.19283587734933705
42,98000,18000,11.58,0.18,11,False,0,0,0.11682681710729513
28,38000,10200,0.0,0.27,10,False,0,0,0.12558055340070678
24,243600,12000,6.03,0.05,3,False,0,0,0.015211910888815856
29,75000,4000,10.75,0.05,9,False,0,0,0.07289554495208435
33,135000,17500,11.83,0.13,8,False,0,0,0.06874311479382725
29,98080,20000,8.88,0.2,9,False,0,0,0.08940843829652
24,67500,14400,11.71,0.21,2,False,0,0,0.19492884466533822
25,34000,6000,15.7,0.18,3,True,1,1,0.5143923642171515
28,54400,18000,12.99,0.28,8,True,1,0,0.4797012607920725
37,80000,13000,6.62,0.16,16,False,0,0,0.07483641058129459
32,90000,10000,11.12,0.11,8,False,0,0,0.0915549271329264
23,99996,4800,11.49,0.05,2,False,0,0,0.07051448044192331
41,36000,10000,6.03,0.28,15,False,0,0,0.2618006512321193
22,60000,18000,16.32,0.3,4,False,0,0,0.464199156034945
26,85000,6000,9.88,0.07,3,False,0,0,0.06935162753900224
30,107000,2500,10.78,0.02,6,True,0,0,0.10103486972241656
22,47004,4000,0.0,0.09,3,False,0,0,0.032252207378147206
33,82000,6000,7.51,0.07,6,False,0,0,0.05368651652225444
22,44400,11775,13.49,0.27,4,True,0,1,0.5710640870823365
22,36000,3000,10.37,0.08,3,False,1,0,0.10856364984304641
25,42504,12600,11.26,0.3,3,False,0,0,0.40690476019417754
23,55000,12300,0.0,0.22,4,False,0,0,0.06749106467853891
31,100000,10000,0.0,0.1,8,False,0,0,0.021351013339637584
25,30720,2000,11.12,0.07,4,False,0,0,0.11642781915326159
24,50000,12000,17.14,0.24,4,False,0,0,0.44068998988119734
24,100000,8400,13.06,0.08,4,False,0,0,0.09086010995257758
25,42000,3000,9.91,0.07,4,False,0,0,0.09311273384342529
26,33000,12000,10.91,0.36,3,True,1,1,0.7128828565312472
22,52000,25000,11.11,0.48,4,False,1,1,0.6488283236005392
21,22200,2500,16.29,0.11,4,False,1,0,0.27038435822422796
24,40560,8000,7.66,0.2,2,False,0,0,0.1754617660875036
23,75000,12000,12.98,0.16,2,True,0,0,0.27115026095560724
22,75000,9000,7.14,0.12,2,False,0,0,0.06925328110633155
23,39500,11000,0.0,0.28,2,False,0,0,0.13177375486867368
22,18000,3500,7.49,0.19,4,False,1,0,0.208492170006102
25,36000,5600,7.49,0.16,4,False,0,0,0.14030169169570803
21,75000,5400,7.29,0.07,3,False,0,0,0.05369191578401964
27,50000,12000,10.37,0.24,9,False,0,0,0.25115252173828406
26,42000,7000,0.0,0.17,2,False,0,0,0.06030842334634481
25,30000,2000,14.22,0.07,2,False,0,0,0.16390610327951483
21,35000,5000,14.27,0.14,3,True,0,0,0.3821848329320558
25,170004,10000,11.11,0.06,4,False,0,0,0.04431725668551737
31,81000,15000,14.42,0.19,6,False,1,0,0.2059803045510426
29,55044,4200,0.0,0.08,9,True,0,0,0.05311590966014023
23,116000,11000,8.94,0.09,2,False,0,0,0.050836660812264525
22,26000,11200,16.89,0.43,3,False,1,1,0.8540608627937775
40,10200,3550,11.49,0.35,15,False,1,1,0.6958396780108758
28,30000,8400,11.89,0.28,10,False,0,0,0.44678528108252474
24,88000,6000,9.91,0.07,2,False,0,0,0.06872854007881625
25,37200,7000,7.14,0.19,4,False,0,0,0.16190569240679764
22,15360,2500,12.53,0.16,3,False,1,0,0.28261639607503225
28,39500,3600,11.99,0.09,9,False,0,0,0.13606299327689741
23,47000,25000,17.93,0.53,2,False,1,1,0.8806080603328331
22,75000,19800,15.57,0.26,2,True,0,0,0.4655816332465215
27,84906,4500,7.51,0.05,10,False,0,0,0.04644183989168187
43,138000,9900,6.99,0.07,14,False,0,0,0.0340126274467954
29,65061,12000,9.62,0.18,5,False,0,0,0.13944488495762533
26,71000,11600,10.99,0.16,2,False,0,0,0.13643875195908634
29,62000,12000,7.51,0.19,8,False,0,0,0.1209672493519639
27,90000,24400,8.9,0.27,10,False,0,0,0.13394530675868782
21,30000,7500,11.83,0.25,4,False,0,0,0.38387169831235884
26,27983,6000,7.88,0.21,3,False,0,0,0.22232315860908508
29,54000,12000,11.99,0.22,8,False,0,0,0.25091384249772997
21,57000,14400,0.0,0.25,2,True,0,0,0.14131121453107157
25,62366,10000,8.94,0.16,2,False,0,0,0.12136248566239999
24,42000,10200,7.49,0.24,4,False,0,0,0.212217909217024
21,49000,14000,0.0,0.29,3,False,0,0,0.11823988922953521
30,49000,5000,10.74,0.1,10,False,1,0,0.11740984120660852
25,45000,4000,6.62,0.09,4,False,0,0,0.07188620636977779
23,23148,8000,0.0,0.35,4,False,1,0,0.27884637936940937
35,80308,12000,7.88,0.15,10,False,0,0,0.08432692939525316
32,30000,7000,6.99,0.23,6,False,0,0,0.22811726963975001
25,87996,20000,16.35,0.23,3,False,1,0,0.260300730035966
24,40800,1200,0.0,0.03,3,False,0,0,0.02172812275247798
27,36000,4800,8.49,0.13,8,False,0,0,0.12493372837825259
24,87220,8000,0.0,0.09,3,True,1,0,0.04248632756739712
22,37000,3600,11.71,0.1,2,False,0,0,0.14517859075365508
23,48000,5000,10.08,0.1,4,False,0,0,0.10894272623531753
22,48996,10000,14.11,0.2,4,False,1,0,0.2886076300908738
23,21996,6000,13.47,0.27,3,True,0,1,0.6718372877915203
54,129000,9000,11.49,0.07,18,False,1,0,0.06458631165609433
22,72000,16000,10.37,0.22,2,False,0,0,0.16729001140906993
35,37400,10750,15.95,0.29,5,False,0,1,0.5666454772645908
35,102000,20000,13.85,0.2,5,False,0,0,0.15745992844370937
25,37000,9000,10.25,0.24,3,False,0,0,0.2953825841322137
24,132652,28000,8.49,0.21,3,False,0,0,0.05370977940310062
25,56004,7000,14.22,0.12,4,False,0,0,0.1790440206768033
38,58000,9500,16.35,0.16,16,True,1,0,0.41306596086590136
22,50000,10000,12.99,0.2,4,False,0,0,0.26003532595373985
21,29400,12000,11.83,0.41,4,False,1,1,0.7036262280829376
30,57600,6000,14.65,0.1,8,False,0,0,0.16660091725382314
24,100800,21000,11.49,0.21,4,False,0,0,0.1229973539992615
25,80000,8500,7.51,0.11,2,False,0,0,0.06736661322416891
24,60000,10000,6.03,0.17,3,False,0,0,0.09599410868015396
28,35000,15000,0.0,0.43,7,False,0,0,0.35347953046836833
26,63000,6000,13.23,0.1,2,False,0,0,0.14184893914238686
23,130000,8400,0.0,0.06,4,False,0,0,0.014170442788374744
22,27996,5000,5.79,0.18,2,False,0,0,0.14608342314042516
22,62000,13000,15.27,0.21,2,True,0,0,0.4450540675894716
29,50000,9725,12.12,0.19,6,False,0,0,0.22777059908136554
31,16000,3000,13.85,0.19,6,True,1,1,0.5447787850891416
25,50000,10000,6.92,0.2,2,False,0,0,0.14310345728450333
29,14400,7000,12.84,0.49,5,False,1,1,0.8980587242413376
24,65000,6200,8.9,0.1,2,False,0,0,0.08562102859642218
26,61200,7150,6.99,0.12,2,False,0,0,0.07979361379216572
24,119500,3500,12.18,0.03,2,False,0,0,0.06451435766119706
23,17520,3000,10.37,0.17,4,False,1,0,0.2425236675652152
25,5000,1000,9.64,0.2,4,False,1,0,0.31901108316110843
55,123000,10000,10.99,0.08,26,False,0,0,0.06304465364088026
25,48000,7500,12.53,0.16,3,False,0,0,0.20862864834478198
23,60000,11200,10.78,0.19,3,False,0,0,0.1790598348132081
22,18000,3000,10.59,0.17,3,False,1,0,0.2472878427163163
35,88000,9800,12.69,0.11,10,False,0,0,0.11151579650050594
27,86004,16000,14.42,0.19,6,False,0,0,0.19145540033020164
24,23000,5900,9.63,0.26,4,False,0,0,0.37351542285909084
28,84500,9600,15.27,0.11,5,False,0,0,0.14975403125763678
38,40000,18225,12.42,0.46,17,False,1,1,0.7395733205015488
41,71500,10000,7.14,0.14,14,False,0,0,0.08169758453541347
43,80000,10000,6.99,0.13,15,False,0,0,0.07156181505763134
27,50004,20000,0.0,0.4,9,False,1,0,0.2191874378953696
32,35000,5500,11.49,0.16,7,False,0,0,0.2162636415802509
27,93000,8000,0.0,0.09,7,False,0,0,0.02206942442135673
25,62900,8825,15.7,0.12,3,True,1,0,0.3071659716875877
32,93000,15000,12.99,0.16,10,False,0,0,0.1325019899952425
24,35000,10000,12.73,0.29,4,True,0,1,0.6314401108358707
28,144000,35000,8.9,0.24,7,False,0,0,0.0483537586038558
30,132640,8000,13.57,0.06,5,False,0,0,0.07552000884388833
29,28800,7225,6.92,0.25,7,False,0,0,0.25926899160595396
47,87000,10000,0.0,0.11,11,False,0,0,0.025668057597668766
24,54000,6000,10.99,0.11,2,False,1,0,0.12371827149164297
22,72576,9600,7.29,0.13,3,False,0,0,0.07510803581852717
25,66000,5875,10.91,0.09,4,True,0,0,0.1752882064876205
23,54000,10000,17.93,0.19,4,True,1,1,0.5294396173585678
35,82863,11000,0.0,0.13,9,False,0,0,0.028808989318135903
23,90000,8500,5.79,0.09,4,False,0,0,0.04349500254736737
23,75000,6000,11.48,0.08,2,False,0,0,0.09362945551364846
23,24000,5600,9.63,0.23,3,False,0,0,0.30908585219149387
33,66000,3500,0.0,0.05,9,False,0,0,0.02152837533161986
22,98000,20000,11.83,0.2,4,False,0,0,0.12357008769344943
24,72000,15000,10.99,0.21,4,False,0,0,0.17274769646363386
23,78625,13600,9.88,0.17,3,False,0,0,0.11462834499690863
32,30000,6000,15.31,0.2,8,True,0,1,0.5575549702465631
23,75000,18000,12.73,0.24,4,True,0,0,0.35708488219489815
32,31000,3000,7.51,0.1,7,False,1,0,0.09756445774863688
24,40000,13000,14.26,0.33,3,False,1,1,0.5699153827226768
26,65004,20000,11.99,0.31,2,False,1,0,0.3309629533581264
25,90000,6000,0.0,0.07,4,False,0,0,0.0206775050087113
27,32000,7500,11.59,0.23,9,True,1,0,0.4871019467429368
33,40000,14000,6.91,0.35,8,False,0,0,0.3812181092623668
30,36000,6000,0.0,0.17,6,False,0,0,0.06510703177802056
22,38000,10000,12.21,0.26,3,False,0,0,0.37821351247831164
28,78000,19700,7.9,0.25,9,False,0,0,0.13470133839463364
27,91000,3000,5.99,0.03,8,False,0,0,0.034372239985751785
23,27000,5000,10.65,0.19,4,False,0,0,0.25815144851431515
22,40000,6000,9.25,0.15,3,False,0,0,0.1496259266210125
24,75000,5500,11.86,0.07,4,False,0,0,0.09149287855668221
39,170000,17000,12.99,0.1,14,False,0,0,0.05496003902207591
23,57720,12000,12.87,0.21,3,True,0,0,0.39028616428859136
22,33600,9000,0.0,0.27,4,False,1,0,0.13536026371169313
25,31800,3600,7.51,0.11,3,False,0,0,0.10206044852753769
21,26000,7750,16.7,0.3,2,True,1,1,0.7857693458976723
25,45000,10000,12.87,0.22,2,True,0,0,0.4572082833281942
23,63189,8000,10.74,0.13,2,False,0,0,0.12528440642313116
39,35000,6800,8.49,0.19,15,False,0,0,0.19116365584712888
42,85000,5750,12.99,0.07,15,True,0,0,0.1794556909787519
24,20796,7500,7.88,0.36,3,False,1,1,0.5456114903497638
23,75000,7500,13.48,0.1,3,True,0,0,0.22128314801148652
23,43800,8000,17.93,0.18,3,False,0,0,0.38251239981243756
29,200000,16000,12.69,0.08,7,False,0,0,0.041803303291276926
27,60000,10500,7.49,0.17,7,False,0,0,0.10981568740836627
26,45000,10000,6.91,0.22,4,False,0,0,0.17131913836507828
22,48000,6500,10.62,0.14,3,False,0,0,0.1514665362451455
30,54996,8000,5.79,0.15,10,False,0,0,0.0880960994006923
25,89796,9000,11.11,0.1,4,False,0,0,0.08736492864476003
42,60000,8000,5.42,0.13,13,False,0,0,0.07113748129789371
29,73000,12000,7.29,0.16,8,False,0,0,0.08716650614173876
28,36000,2400,10.71,0.07,7,False,0,0,0.10726517618034899
27,35000,7500,11.34,0.21,9,False,0,0,0.27910389043476963
26,114996,24000,10.62,0.21,3,False,0,0,0.09170613736073964
22,60000,3600,15.27,0.06,2,True,0,0,0.24057611483402064
25,28800,14800,7.49,0.51,3,False,1,1,0.7641061919749806
23,75000,6000,6.03,0.08,3,False,0,0,0.049438374162636106
26,80000,15000,8.49,0.19,2,False,0,0,0.10971156037534452
26,90000,5525,11.36,0.06,4,False,0,0,0.07569634893345993
40,44000,6200,5.42,0.14,17,False,0,0,0.08897555082468689
28,37290,5500,5.42,0.15,5,False,0,0,0.10304558793434498
27,50000,8800,12.29,0.18,7,False,0,0,0.2220350173836528
26,67500,5000,12.18,0.07,3,False,0,0,0.10062008367586107
23,70000,6000,7.49,0.09,2,False,0,0,0.06579249296725868
21,33600,3000,11.83,0.09,4,False,0,0,0.13935276457746285
42,58752,3000,10.01,0.05,16,False,0,0,0.07590539501311433
23,62000,6400,10.08,0.1,3,False,0,0,0.09712692247626145
27,47000,25000,14.96,0.53,9,True,1,1,0.9065479778314943
26,50000,9825,7.9,0.2,4,False,0,0,0.15987202142010926
24,54996,19000,10.83,0.35,3,False,0,0,0.41028037791184335
34,16800,1600,13.72,0.1,5,True,0,0,0.3438122613853543
34,54000,7800,14.84,0.14,6,False,1,0,0.2207115456846461
26,26400,8500,13.23,0.32,3,True,0,1,0.7374946718835503
26,84000,12000,0.0,0.14,2,False,0,0,0.029579497091704973
23,31000,1500,8.94,0.05,3,False,0,0,0.07760662824716137
21,99996,8000,7.14,0.08,4,False,0,0,0.04604633200540464
25,40000,2500,9.99,0.06,3,False,0,0,0.08894541259587956
34,53500,3200,6.76,0.06,10,False,0,0,0.056814229645503804
32,40000,7500,5.99,0.19,8,False,0,0,0.13984291755733075
32,63235,25000,10.25,0.4,8,False,1,0,0.42206664169390845
23,36000,6725,11.49,0.19,2,False,1,0,0.2537479592003829
22,77000,21000,11.48,0.27,3,False,0,0,0.21623814180094966
26,27983,6000,7.88,0.21,3,False,0,0,0.22232315860908508
24,46500,16000,12.53,0.34,3,True,0,1,0.6492045838771008
23,45000,10000,11.71,0.22,3,False,0,0,0.27251572780151295
22,84000,2825,5.99,0.03,4,False,0,0,0.03534896908642629
36,62962,15000,11.71,0.24,13,False,1,0,0.24379431802559154
23,33000,3725,6.54,0.11,2,False,0,0,0.09018731478172352
29,40000,9250,14.65,0.23,7,False,0,0,0.39109499255145935
23,62400,12000,7.29,0.19,4,False,0,0,0.11711233530665835
31,200000,30000,8.9,0.15,5,False,0,0,0.02308130694352885
31,59000,13000,11.14,0.22,7,False,0,0,0.21966734995059295
24,66000,25000,9.91,0.38,2,False,1,0,0.35992889587916155
42,78000,7000,5.42,0.09,15,False,1,0,0.04852685098577355
21,38000,10000,12.18,0.26,3,False,0,0,0.37651943898286216
25,84000,6000,8.94,0.07,2,False,0,0,0.0622986190028365
31,75000,1200,6.54,0.02,5,False,0,0,0.03985907286246959
24,100000,16000,6.54,0.16,2,False,0,0,0.058785160486870526
24,75000,12000,0.0,0.16,3,True,0,0,0.06816259250779062
23,95000,19800,13.22,0.21,3,True,1,0,0.26880833402194815
43,195000,10000,12.73,0.05,12,False,0,0,0.046818308478097655
31,36000,5000,6.99,0.14,9,False,0,0,0.1155313030944064
24,70000,25000,9.62,0.36,2,False,0,0,0.304403404927774
32,125000,20000,11.12,0.16,9,False,0,0,0.07445894825959443
26,45000,7000,0.0,0.16,3,False,0,0,0.05418029600898939
24,18000,10000,12.18,0.56,2,False,1,1,0.9305459304467896
22,53285,4000,7.9,0.08,4,False,0,0,0.07339683168432008
40,87048,17600,7.9,0.2,13,False,0,0,0.09657695636056568
25,87999,2400,14.79,0.03,4,True,1,0,0.17865831415440278
25,33996,10000,12.53,0.29,2,False,1,0,0.4679508102998003
25,65000,18000,15.33,0.28,4,False,1,0,0.3834758597550321
24,36000,12250,11.49,0.34,2,False,1,1,0.5242676507028348
24,40000,9600,14.65,0.24,4,False,0,0,0.40828215775588417
24,70399,1000,8.59,0.01,2,False,0,0,0.04684855685949424
23,47148,25000,7.49,0.53,3,False,1,1,0.6651046367204133
23,48756,4800,11.36,0.1,4,False,0,0,0.12659639515569765
35,130000,4375,0.0,0.03,7,False,0,0,0.013838383888155295
22,50000,10000,10.36,0.2,3,False,0,0,0.20226688583101315
37,87950,14250,11.89,0.16,14,False,0,0,0.12453960041090693
32,30996,2400,13.8,0.08,7,True,0,0,0.27966324144210986
27,30000,2500,11.14,0.08,5,False,0,0,0.12476617025814829
26,30000,19075,7.49,0.64,3,False,1,1,0.9022407533411142
26,135000,15000,15.33,0.11,2,True,0,0,0.17277711764821987
22,60000,8000,16.0,0.13,2,False,0,0,0.2180300700416438
23,30000,10000,11.14,0.33,2,False,1,1,0.5265504529431653
33,115000,14400,11.14,0.13,5,False,0,0,0.08103791814386471
32,33000,12000,6.54,0.36,8,False,1,0,0.42839935063022716
22,26000,9000,12.73,0.35,4,False,1,1,0.6390606007482952
24,30000,9500,13.92,0.32,2,False,1,1,0.5958128961318698
26,70000,16525,13.92,0.24,2,True,0,0,0.42173693616112823
40,300000,16000,14.17,0.05,14,True,0,0,0.05197888917359332
22,54000,7000,14.96,0.13,3,False,1,0,0.20915394575715623
24,60000,6800,7.51,0.11,2,False,0,0,0.07854614374408306
25,25000,6000,16.4,0.24,2,False,1,1,0.5317391115098108
36,828000,4200,0.0,0.01,16,False,0,0,0.0011666462166371606
22,48000,7200,12.42,0.15,4,False,0,0,0.19109778427141744
28,95000,3500,6.03,0.04,7,False,0,0,0.036729094176848186
42,82000,22000,10.99,0.27,12,False,0,0,0.19998400013819603
41,56004,12800,11.48,0.23,15,False,0,0,0.25097063385270413
25,40000,4500,10.99,0.11,3,False,0,0,0.13941760425025282
22,63000,10000,8.94,0.16,4,False,0,0,0.1193700323180391
25,33000,3000,11.99,0.09,2,False,0,0,0.14449269090861555
24,130000,1250,10.95,0.01,2,False,0,0,0.05087278371515459
26,42000,4500,11.48,0.11,3,False,0,0,0.1465674813192996
27,64000,13000,13.11,0.2,10,False,0,0,0.22066803625173126
25,365000,35000,10.65,0.1,2,False,0,0,0.007516340819925804
23,98000,14500,8.94,0.15,3,False,0,0,0.07715966420082776
22,54000,7000,10.65,0.13,2,False,0,0,0.13389161305682626
25,80500,16000,16.45,0.2,4,True,0,0,0.39813501859805844
33,62004,18500,12.87,0.3,9,False,0,0,0.3564082992468457
31,88000,14000,17.58,0.16,7,False,0,0,0.22790527539290556
22,38117,13500,11.83,0.35,4,False,0,1,0.5358852887573471
29,33048,1800,12.53,0.05,8,False,0,0,0.11448452550883326
34,87600,15000,8.49,0.17,6,False,0,0,0.09070909743614827
30,34000,12000,0.0,0.35,10,False,1,0,0.22701166112656582
22,52000,4300,0.0,0.08,2,True,0,0,0.05321914678698591
26,40720,10000,13.48,0.25,3,True,0,1,0.5550543059086867
22,39900,19000,12.18,0.48,2,False,1,1,0.7614811354174076
25,32500,3600,0.0,0.11,4,False,0,0,0.04224095916578444
26,38904,10000,12.21,0.26,2,False,0,0,0.38152657615135893
28,140000,12000,9.91,0.09,10,False,0,0,0.04959486185003385
33,24000,8000,11.12,0.33,9,False,1,1,0.5640822948178229
36,27600,1000,11.49,0.04,12,False,0,0,0.09986164811037276
25,38000,15000,16.45,0.39,3,True,1,1,0.8458695423278844
28,35500,9600,5.42,0.27,8,False,0,0,0.22968171915688645
24,33000,8125,8.59,0.25,4,False,0,0,0.2856019810009084
31,47000,10000,11.99,0.21,8,False,0,0,0.26068383025002595
26,55000,9000,16.7,0.16,3,False,0,0,0.2846137695736245
26,80000,9600,0.0,0.12,2,False,0,0,0.028409742226478518
23,33195,1800,11.99,0.05,4,False,0,0,0.10699850044627707
34,27852,4200,12.84,0.15,8,False,0,0,0.2473854716245537
24,100300,30000,14.91,0.25,3,True,1,0,0.2642681738837019
21,65000,16000,9.91,0.25,3,False,0,0,0.20678604614746093
22,12000,5500,10.36,0.46,4,False,1,1,0.8377485980286207
21,18000,4500,10.38,0.25,3,False,1,0,0.3943403092869552
24,90000,5000,8.0,0.06,4,False,0,0,0.052243412820757715
22,62000,10000,0.0,0.16,4,False,0,0,0.04246994613286101
24,85000,25600,12.69,0.3,4,False,0,0,0.24273629107574327
22,54252,3500,6.39,0.06,2,False,0,0,0.052529286327065175
27,57240,15000,11.99,0.26,10,False,0,0,0.2893913818542101
26,54996,20000,12.18,0.36,4,False,1,0,0.462469862038713
28,35000,7200,7.66,0.21,6,False,0,0,0.20121894257542977
33,108000,7200,14.35,0.07,6,True,0,0,0.1801499319361741
42,67300,13800,13.99,0.21,16,False,0,0,0.25389698654725756
25,90996,14000,12.23,0.15,2,False,0,0,0.11859634296223451
35,74000,8200,8.0,0.11,5,False,0,0,0.07559968444539814
33,140000,6000,6.76,0.04,6,False,0,0,0.030646303933194386
34,50000,3600,11.99,0.07,7,False,0,0,0.11336582701260346
32,46000,3000,16.29,0.07,9,False,1,0,0.18519990825269217
47,204000,10000,13.06,0.05,13,True,0,0,0.088183706196636
23,63000,16000,14.42,0.25,2,True,1,0,0.4730868813844573
28,19200,4700,15.31,0.24,5,True,1,1,0.6779766368346275
23,130008,9000,7.74,0.07,2,False,0,0,0.03909265664370257
23,81000,12000,16.29,0.15,4,True,0,0,0.33168280578909587
23,36100,5000,7.49,0.14,4,False,0,0,0.12081915615017336
26,30000,3000,13.49,0.1,4,False,0,0,0.18497734558180284
26,100000,3000,13.57,0.03,3,False,0,0,0.08299957433637623
24,46000,12000,14.83,0.26,3,True,1,1,0.5852999255924354
45,36000,10000,11.11,0.28,11,False,0,0,0.4077275150084315
22,88200,21000,6.17,0.24,2,False,0,0,0.09207934336223297
40,22800,1500,7.29,0.07,16,False,0,0,0.08039216615129392
25,25000,17500,14.22,0.7,2,False,0,1,0.9777377638350824
45,139380,9000,7.51,0.06,12,False,0,0,0.034956582229421565
24,50000,12250,14.72,0.24,3,True,0,1,0.525250865366588
39,42000,5000,8.49,0.12,11,False,0,0,0.11433908854002087
25,50000,8000,19.42,0.16,2,False,0,0,0.3766916503021288
36,53126,8000,0.0,0.15,14,False,1,0,0.04527080673397368
26,130000,12000,14.22,0.09,2,True,0,0,0.15358220431333816
38,66000,10000,15.99,0.15,12,True,1,0,0.3679754963666176
27,39000,11000,0.0,0.28,7,False,0,0,0.13170652639527083
26,70000,4000,13.85,0.06,4,False,0,0,0.11589289424912244
24,10980,1500,7.29,0.14,3,False,0,0,0.15351567298833568
26,54600,4800,0.0,0.09,2,False,0,0,0.03053037700180814
26,200100,30000,11.71,0.15,4,False,0,0,0.03205905320615624
31,64450,12000,12.73,0.19,8,False,0,0,0.20913052249108918
22,22292,3500,16.49,0.16,3,False,1,0,0.37309626909877086
33,109000,15000,11.49,0.14,5,False,0,0,0.09104326386500652
24,100000,16800,7.88,0.17,4,False,0,0,0.07175753220483959
32,40704,10000,9.63,0.25,7,False,0,0,0.28735316955362333
23,54000,10000,13.67,0.19,3,True,1,0,0.39824437277338126
29,50400,9000,10.37,0.18,9,False,0,0,0.18130782837504927
26,74000,16800,16.4,0.23,4,True,1,0,0.46461533037103764
24,59393,2400,12.69,0.04,4,False,0,0,0.09507392533002454
21,11389,4000,12.84,0.35,2,True,1,1,0.8314961935344386
24,60000,8500,10.59,0.14,3,False,0,0,0.13222969685743546
29,88000,25000,14.46,0.28,10,True,1,0,0.39233956636448014
25,82560,4500,7.42,0.05,3,False,0,0,0.04697037640760369
28,51000,8000,7.51,0.16,5,False,0,0,0.1193350175474057
25,162000,14500,7.9,0.09,4,False,0,0,0.03165997052483678
24,75000,2000,8.94,0.03,4,False,0,0,0.054673720172873
21,36000,11000,10.37,0.31,4,False,1,0,0.42908470488888695
29,104000,35000,7.49,0.34,8,False,0,0,0.11721510307257015
32,176000,2400,14.42,0.01,10,True,0,0,0.113599931693808
24,11476,5700,7.49,0.5,4,False,1,1,0.8430420538721571
24,57500,2525,0.0,0.04,4,True,0,0,0.03953499426015039
25,102000,6975,9.91,0.07,3,False,0,0,0.06230878854027709
28,130000,5600,15.65,0.04,9,False,0,0,0.09031064646625611
29,46000,6000,11.49,0.13,8,False,0,0,0.15848058456721892
22,70000,2000,7.9,0.03,3,False,0,0,0.0488962981605143
24,13000,4000,9.88,0.31,2,False,1,1,0.5430949901596364
26,85000,4000,9.25,0.05,2,False,0,0,0.06000326016826835
35,165000,8000,11.49,0.05,8,False,0,0,0.049088207482645196
24,34000,10000,15.31,0.29,2,True,1,1,0.7050360735739628
35,73000,15000,15.57,0.21,8,False,1,0,0.2748005308068473
29,36000,14400,10.62,0.4,6,False,1,1,0.6142451301114662
24,45000,3000,9.32,0.07,2,False,0,0,0.08651496173556984
30,38000,8875,16.89,0.23,5,False,0,0,0.46936793575971797
66,60000,27050,0.0,0.45,28,True,1,0,0.377020622553461
25,30000,8000,10.65,0.27,4,False,0,0,0.3925925312153005
22,80000,9500,11.71,0.12,3,False,0,0,0.11149747574708484
23,36000,6000,11.86,0.17,4,False,0,0,0.23222429193955582
23,60000,20000,6.54,0.33,3,False,0,0,0.23455946052416138
33,51000,1200,9.63,0.02,7,False,1,0,0.06203989917349064
29,30000,6500,8.59,0.22,10,False,0,0,0.24754996778944463
22,36000,18200,11.71,0.51,3,False,1,1,0.8119029944977247
24,50000,18000,7.9,0.36,4,False,1,0,0.3646843785652631
26,24000,7750,14.35,0.32,3,False,1,1,0.6392731788464419
26,30000,6000,7.9,0.2,2,False,0,0,0.20526213915504182
27,225000,25000,15.31,0.11,5,False,0,0,0.04172460902512576
23,48000,10000,9.32,0.21,4,False,0,0,0.19859848893456616
41,38500,7500,8.49,0.19,12,False,0,0,0.18540257189220657
35,30000,14125,12.99,0.47,10,True,1,1,0.897166847591972
33,60000,8000,12.53,0.13,6,False,0,0,0.15618144959522984
23,40000,4000,9.99,0.1,4,False,0,0,0.11653397110620625
25,50000,6400,9.91,0.13,4,False,0,0,0.1294242216645255
27,120000,14000,11.99,0.12,7,False,0,0,0.08007015874106772
38,30000,2200,0.0,0.07,11,True,0,0,0.05992055015160407
23,46000,3000,7.88,0.07,3,False,0,0,0.07260655282401342
30,45000,8000,10.36,0.18,9,False,0,0,0.19363292224059223
22,45999,7300,7.88,0.16,2,False,0,0,0.1296139801023762
30,74000,14000,13.92,0.19,10,True,0,0,0.3341488156247696
34,45000,12000,11.86,0.27,5,False,0,0,0.3657645253642456
33,58800,3000,11.49,0.05,9,False,0,0,0.08926570857490243
25,23040,3200,14.79,0.14,2,False,0,0,0.2882447168522751
26,62400,11000,0.0,0.18,3,False,0,0,0.04928263885527671
23,62000,10000,7.9,0.16,3,False,0,0,0.10727895806861089
24,25200,3200,15.23,0.13,2,True,0,0,0.4243057325049357
37,48000,3000,6.99,0.06,14,False,0,0,0.05991799365518876
26,115600,9925,7.29,0.09,4,False,0,0,0.04467076942051254
29,70000,10000,13.85,0.14,7,False,0,0,0.16900753093634724
29,65000,10000,6.99,0.15,9,False,0,0,0.08771535053479107
24,55000,4200,15.23,0.08,3,True,0,0,0.27490151027981324
23,28000,5000,11.78,0.18,3,False,0,0,0.2660559615494091
22,105000,3650,11.99,0.03,3,False,0,0,0.06476009839394153
29,37920,12000,13.48,0.32,10,True,1,1,0.690115593948216
24,85000,9000,13.92,0.11,4,False,0,0,0.13224682454541614
23,40000,6000,10.65,0.15,4,False,0,0,0.17338334508009345
32,74000,15000,17.15,0.2,6,False,0,0,0.29311967551095147
24,40000,5000,11.11,0.13,2,False,0,0,0.16320902139942317
34,128148,15000,5.99,0.12,6,False,0,0,0.0371954272289613
41,105000,21000,10.25,0.2,15,False,0,0,0.09879530903780767
24,64656,14500,10.99,0.22,4,False,0,0,0.19605914948349729
33,78000,4000,7.14,0.05,7,False,0,0,0.04810766281371283
21,83000,8500,8.0,0.1,4,False,0,0,0.06314396259732007
35,83000,15000,0.0,0.18,6,False,0,0,0.03733015621821401
27,71020,10000,12.53,0.14,6,False,0,0,0.14615013938689309
46,70000,8000,7.29,0.11,13,False,0,0,0.07208459948636015
22,49000,9600,0.0,0.2,2,False,1,0,0.06663141474359059
26,96000,1000,10.36,0.01,3,False,0,0,0.053626690658607055
22,34000,10000,0.0,0.29,3,True,1,0,0.2578009690345256
27,72000,6150,0.0,0.09,5,False,0,0,0.026510035737112744
28,29000,5600,0.0,0.19,5,False,1,0,0.08170000044421263
28,25000,5175,18.43,0.21,6,True,1,1,0.6861736778724612
25,120000,10000,10.37,0.08,3,False,0,0,0.05750943537822334
31,39000,7000,0.0,0.18,9,False,0,0,0.0665584575060349
29,67704,15000,11.86,0.22,8,False,0,0,0.20781625685015212
37,49000,3000,0.0,0.06,14,True,1,0,0.04845583736519587
24,95000,6500,8.49,0.07,2,False,0,0,0.05532052149493913
22,57564,21000,11.48,0.36,3,False,0,0,0.4211001723588879
29,21000,6000,12.42,0.29,6,False,0,1,0.5363877546223929
23,42000,1500,10.71,0.04,2,False,0,0,0.08418787730090102
25,25000,10000,7.66,0.4,4,False,1,1,0.5967143982526327
37,42000,12000,0.0,0.29,13,False,0,0,0.13694391285569324
31,46875,8000,0.0,0.17,8,False,0,0,0.05598390198851528
33,120000,2000,12.69,0.02,9,False,0,0,0.06835833526550639
33,40000,12000,0.0,0.3,5,False,0,0,0.15162841293159854
24,10000,1400,10.83,0.14,4,False,0,0,0.22139809883684547
41,62500,5000,8.49,0.08,15,False,0,0,0.07429392776696701
31,55000,15850,0.0,0.29,7,False,0,0,0.10714832532733783
31,43812,2400,14.35,0.05,5,False,0,0,0.13321310340172077
36,33000,10800,14.96,0.33,15,True,1,1,0.7657357159781546
25,56004,8000,11.71,0.14,3,False,1,0,0.15525213783375338
29,36538,2500,6.62,0.07,7,False,0,0,0.06685833984262554
22,54000,5600,9.63,0.1,3,False,0,0,0.09846037391209914
23,42996,7200,8.0,0.17,2,False,0,0,0.1456284579780261
24,36000,13000,17.27,0.36,4,False,1,1,0.725244009593428
26,72000,10000,0.0,0.14,3,False,0,0,0.03447397096041313
24,29000,12000,15.05,0.41,2,True,1,1,0.8744683801957799
25,67000,3000,7.9,0.04,3,False,0,0,0.051744932723453194
28,70000,15000,14.65,0.21,10,False,0,0,0.24852369505010488
28,76000,8500,0.0,0.11,5,False,0,0,0.027779050545429798
25,70000,5000,8.59,0.07,3,False,0,0,0.06587506178157188
29,82000,20000,10.99,0.24,7,False,0,0,0.1686868772392339
23,83000,12000,17.27,0.14,4,True,1,0,0.3351540454741375
26,45000,10000,0.0,0.22,3,False,0,0,0.08023945396576485
26,120000,6000,0.0,0.05,2,False,0,0,0.015566976713096356
24,140000,4475,7.49,0.03,4,False,0,0,0.03246228489765622
24,15600,4000,16.32,0.26,2,False,1,1,0.6149027943060045
21,32000,7200,5.42,0.23,4,False,0,0,0.18754833731227472
25,70550,10000,16.77,0.12,3,False,1,0,0.19295888698349636
24,65000,4800,7.88,0.07,4,False,0,0,0.061862196442559754
24,75000,16000,12.42,0.21,2,False,0,0,0.18975668305883694
33,54000,10000,15.23,0.19,8,True,0,0,0.450465240766349
26,127500,10000,7.51,0.08,3,False,0,0,0.04008099184199003
29,50000,5050,12.73,0.1,5,False,0,0,0.1465975251259929
22,40000,7000,11.14,0.17,4,False,0,0,0.20364529191875366
25,109000,5000,8.49,0.05,3,False,0,0,0.04776093556240336
25,83400,10000,13.11,0.12,3,False,0,0,0.1265982969404458
24,42200,4450,9.32,0.11,4,False,0,0,0.11504870162077391
22,53000,1000,15.27,0.02,4,True,0,0,0.20151025892157495
30,75000,21000,14.35,0.28,5,True,0,0,0.4638586764130122
28,30000,4750,7.9,0.16,7,False,0,0,0.15588806164000635
26,51996,6500,15.68,0.13,4,False,1,0,0.23288457618886735
32,59506,8000,16.07,0.13,7,False,0,0,0.22299176570717455
25,33000,4400,8.0,0.13,3,False,0,0,0.12297190513436508
34,72000,4000,7.14,0.06,9,False,0,0,0.05377061489734995
22,35000,3000,10.01,0.09,2,False,0,0,0.11471448245701577
24,130000,13000,13.61,0.1,4,False,0,0,0.08227398425730349
32,50911,10000,13.06,0.2,7,False,0,0,0.2659866531548859
36,900000,6000,0.0,0.01,12,False,0,0,0.0008377770930214235
28,59000,14000,10.36,0.24,7,False,0,0,0.22522061409070818
30,96300,18000,13.98,0.19,9,False,0,0,0.16099777678864713
23,78996,10000,13.99,0.13,3,True,1,0,0.25766422736929123
23,42000,15000,11.83,0.36,4,False,1,1,0.5358231059728054
24,88560,10000,11.49,0.11,4,False,0,0,0.09461601826014251
30,34000,9000,0.0,0.26,8,False,0,0,0.12547450507728058
27,70000,3700,0.0,0.05,5,False,1,0,0.020841363474318433
24,75000,3000,0.0,0.04,4,False,0,0,0.019245720114532537
24,33996,5100,11.12,0.15,4,False,0,0,0.19389508876301703
33,98784,10000,0.0,0.1,7,False,0,0,0.021646746911802246
28,49900,7000,14.27,0.14,9,False,1,0,0.2139977832590591
26,31992,6500,0.0,0.2,4,False,0,0,0.08414909683785457
26,238000,25000,9.25,0.11,4,False,1,0,0.01915148654993306
48,72000,7000,14.96,0.1,17,True,0,0,0.27072192545237006
26,55000,3200,8.49,0.06,2,False,0,0,0.06916923982318132
23,12000,2000,7.74,0.17,4,False,1,0,0.1995088535062487
27,23004,6250,10.38,0.27,6,False,0,0,0.4158200196700772
26,110000,15000,11.11,0.14,3,False,0,0,0.08552164686654756
22,46500,13000,7.29,0.28,3,False,0,0,0.2453583216874337
27,25440,1200,0.0,0.05,10,False,0,0,0.02744062723440455
26,102500,11800,6.03,0.12,2,False,0,0,0.048142047797042495
38,34000,11000,13.98,0.32,17,True,0,1,0.7202859580405326
26,480000,25000,14.38,0.05,3,False,0,0,0.009183536816426696
23,52000,8000,13.22,0.15,4,True,0,0,0.3216269957666929
50,76500,20000,11.99,0.26,17,False,0,0,0.22971270765107615
27,61000,13000,10.59,0.21,8,False,1,0,0.1883544358270733
22,90000,6400,9.88,0.07,3,False,0,0,0.06591353409774019
30,100000,12000,7.88,0.12,9,False,0,0,0.0592376035564423
37,77000,15000,12.29,0.19,15,False,0,0,0.1663962807922855
49,72000,8000,7.49,0.11,17,False,0,0,0.07316891442546612
22,57600,1500,5.99,0.03,3,False,0,0,0.04163148745641895
23,30000,1400,6.03,0.05,4,False,0,0,0.055522319382019944
25,42000,10000,13.8,0.24,2,False,1,0,0.37784227190134245
26,108000,15000,11.49,0.14,3,False,1,0,0.08985092364666043
27,31000,8000,7.66,0.26,8,False,1,0,0.28475267643141683
25,60000,1200,7.66,0.02,3,False,0,0,0.047116052329674495
26,40000,5000,15.99,0.13,2,True,1,0,0.4106623141436398
21,15600,3500,16.07,0.22,3,False,1,1,0.5127201639696565
35,31000,15000,13.16,0.48,9,False,0,1,0.8291655968639154
27,65000,8800,6.03,0.14,9,False,0,0,0.07611453700467166
25,155004,10500,7.49,0.07,3,False,0,0,0.03221319430290493
31,95004,12000,10.75,0.13,5,False,0,0,0.0934477098854874
24,80004,6000,6.17,0.07,3,False,0,0,0.045118304648714753
30,37600,15000,13.06,0.4,10,True,1,1,0.7981128965907226
27,20000,3250,0.0,0.16,5,False,1,0,0.07229440717738803
22,30000,13250,16.4,0.44,3,True,1,1,0.9107237403924585
29,25000,10000,13.49,0.4,6,True,0,1,0.8562714771371143
22,60000,12500,10.59,0.21,4,False,0,0,0.19289053764051303
35,135000,10000,13.16,0.07,7,True,0,0,0.12787509797691213
41,38500,7500,8.49,0.19,12,False,0,0,0.18540257189220657
29,30000,6000,5.79,0.2,6,False,0,0,0.1651192748805654
31,53329,8250,5.99,0.15,9,False,0,0,0.08986688936410667
29,53313,19850,0.0,0.37,7,False,1,0,0.17353594525697028
21,12000,1600,10.59,0.13,2,False,1,0,0.19607709399360748
23,40000,9250,16.07,0.23,2,False,0,0,0.43304521929781387
29,120000,7000,8.94,0.06,10,False,0,0,0.0473235673962128
41,60000,12000,6.91,0.2,13,False,0,0,0.1272040682285437
32,150000,25000,8.49,0.17,7,False,0,0,0.04189347425604589
36,53550,1600,12.21,0.03,16,False,1,0,0.08761282356487148
27,72000,2600,9.25,0.04,7,False,0,0,0.06083593059504549
26,78000,1750,10.36,0.02,2,False,0,0,0.059859090326153705
32,20000,4750,10.37,0.24,7,False,0,0,0.3710511078063244
40,55000,3600,6.39,0.07,14,False,0,0,0.0586012262202332
21,44004,7000,11.46,0.16,2,False,1,0,0.19242611481037547
25,28000,1800,12.53,0.06,3,False,0,0,0.12714911110402383
25,62400,15000,17.58,0.24,4,False,0,0,0.40044034341536505
31,93000,10000,0.0,0.11,6,False,0,0,0.024240120628288304
22,70000,20000,6.91,0.29,4,False,0,0,0.17103238674001292
30,54000,12000,6.62,0.22,6,False,1,0,0.1471812751345955
26,85000,8000,0.0,0.09,3,False,0,0,0.022846039919660062
26,67000,10000,12.21,0.15,3,False,0,0,0.1563953076284371
23,48000,16000,10.0,0.33,4,False,1,0,0.38495172419808904
23,65000,15000,7.88,0.23,3,False,0,0,0.15031543322190385
22,85000,4300,0.0,0.05,4,False,0,0,0.018904087660006317
22,34000,4975,7.51,0.15,2,False,1,0,0.13352097402557972
24,110000,6000,8.59,0.05,3,False,0,0,0.0453057897571648
24,75000,6675,6.54,0.09,3,False,0,0,0.05574754239440957
37,61260,6350,7.51,0.1,14,False,0,0,0.07356930122117271
39,34000,5000,8.49,0.15,15,False,1,0,0.1503479554193763
24,85000,10400,5.79,0.12,4,False,0,0,0.05289597153419946
29,108000,24500,12.61,0.23,9,False,1,0,0.13483178818895059
33,62000,10000,7.88,0.16,6,False,0,0,0.10944192820725374
28,25000,5000,7.51,0.2,7,False,0,0,0.20845287869093826
29,53000,6000,8.0,0.11,8,False,0,0,0.08857852174474735
29,8500,4500,8.63,0.53,10,False,1,1,0.9008871200287789
28,105000,7000,0.0,0.07,10,False,0,0,0.018403443678696917
34,93000,11000,12.53,0.12,10,True,0,0,0.1926311775193492
21,45000,3000,10.99,0.07,4,False,0,0,0.10299193727874535
37,55000,7000,16.32,0.13,13,True,0,0,0.38029653430122573
32,80000,25000,0.0,0.31,8,False,1,0,0.07178061374531253
21,40000,15000,13.16,0.38,2,False,0,1,0.6265911851067044
27,80000,20000,7.49,0.25,9,False,0,0,0.12568016438406013
25,60000,9000,9.91,0.15,3,False,0,0,0.13089699312969313
23,38492,6500,0.0,0.17,4,False,0,0,0.06175483379391792
24,26500,6000,13.79,0.23,3,True,0,1,0.5848297694982678
40,25000,7000,0.0,0.28,15,False,0,0,0.17129450200177104
28,60000,8650,8.9,0.14,10,False,0,0,0.10803401268116657
24,62400,20000,11.12,0.32,2,False,1,0,0.3294657863894292
37,51000,6400,16.89,0.13,13,True,0,0,0.4092325107537484
23,115000,24000,7.9,0.21,3,False,0,0,0.06634578945777052
25,12000,4500,13.16,0.38,4,True,1,1,0.8713868432931967
27,37000,13000,9.91,0.35,10,False,1,0,0.48386063542881563
30,39750,1425,10.37,0.04,5,False,0,0,0.08295015564271573
23,40000,12000,12.18,0.3,4,False,0,0,0.4435590146566898
27,59000,3000,7.9,0.05,9,False,1,0,0.05765460304834947
27,58000,1400,15.27,0.02,7,True,0,0,0.19623854379558903
24,46700,8000,15.65,0.17,3,True,0,0,0.44608902700926467
28,110000,12000,8.94,0.11,10,False,0,0,0.05865646292879623
23,57000,12000,0.0,0.21,4,False,0,0,0.06210976946466251
29,450000,25000,15.37,0.06,7,False,0,0,0.012601647536193108
37,90000,4000,6.62,0.04,16,False,0,0,0.03898075100535638
32,75000,22000,13.92,0.29,10,False,0,0,0.3050987922861557
23,60400,8000,9.25,0.13,4,False,0,0,0.10646378945106603
34,51621,3500,11.49,0.07,6,False,0,0,0.10760653030863278
43,72000,22000,10.62,0.31,11,False,1,0,0.2707523879211332
21,40000,12800,12.69,0.32,2,False,1,0,0.4972846852965326
29,113000,25000,18.84,0.22,7,True,1,0,0.36252241172122457
28,20000,10000,0.0,0.5,7,False,1,1,0.6120080561082737
30,42000,11000,12.53,0.26,9,False,0,0,0.37218919165245545
25,52704,11000,8.94,0.21,3,False,0,0,0.18107618154171995
31,30000,10000,8.63,0.33,5,False,1,0,0.4525754835532512
23,28685,7000,12.73,0.24,2,False,0,0,0.3982223510844878
28,30500,3000,9.63,0.1,8,False,0,0,0.12193060243000543
23,60000,5000,16.49,0.08,2,True,0,0,0.29370935090098405
26,50000,8000,10.59,0.16,2,False,0,0,0.1670359184613337
23,55200,4000,10.08,0.07,4,False,0,0,0.08580947974565742
23,36000,3700,9.25,0.1,2,False,0,0,0.11099258613609086
24,50000,5000,7.49,0.1,2,False,0,0,0.08144860935891275
25,40000,6000,7.88,0.15,2,False,0,0,0.13059830413347318
40,108000,6000,17.27,0.06,16,False,1,0,0.13712555696970422
37,84000,5000,10.0,0.06,16,False,0,0,0.06776092848349652
23,31000,1000,14.96,0.03,3,True,1,0,0.22498718723583183
24,99000,12000,6.03,0.12,4,False,0,0,0.047497329354570246
22,30000,3600,12.21,0.12,3,False,0,0,0.18402488232735945
24,26000,10000,16.63,0.38,2,True,1,1,0.877514290914388
30,144000,6000,6.91,0.04,6,False,0,0,0.030511103766315207
39,23000,7200,0.0,0.31,17,False,1,0,0.21585577854510357
32,37000,3000,11.49,0.08,7,False,0,0,0.1249141846409898
24,64000,1200,10.74,0.02,4,False,0,0,0.06657440113164337
31,54000,6000,7.66,0.11,6,False,0,0,0.08598516145131817
23,55000,8000,7.49,0.15,2,False,0,0,0.10691999408279194
37,36000,4800,10.75,0.13,14,False,0,0,0.1613797945134442
20,77052,24250,11.36,0.31,2,False,0,0,0.24923828536935455
27,86000,12000,7.51,0.14,8,False,0,0,0.0709800613127251
31,95000,15000,11.14,0.16,5,False,0,0,0.10863057929835883
25,145000,25000,11.36,0.17,4,False,0,0,0.05905424874407747
22,50000,7800,6.62,0.16,2,False,0,0,0.10852600793401698
30,42600,12000,11.71,0.28,8,False,0,0,0.3812752501289618
26,54000,14000,7.88,0.26,3,False,0,0,0.21036269610082817
24,75000,15000,11.71,0.2,4,False,0,0,0.16987752350844676
23,54000,12000,11.36,0.22,2,False,0,0,0.23609976937898486
27,36000,4000,0.0,0.11,10,False,0,0,0.04033451660701731
24,30000,6000,11.71,0.2,4,False,0,0,0.291204001238501
23,57000,17500,14.09,0.31,3,True,0,1,0.5937766795454735
26,28000,4500,0.0,0.16,2,False,1,0,0.06609391847164241
21,50000,7000,10.37,0.14,4,False,0,0,0.1420675484811965
37,26000,6000,8.59,0.23,12,False,0,0,0.2796430630789977
29,55530,18825,8.9,0.34,7,False,0,0,0.33359510577970103
27,13500,8000,12.18,0.59,5,False,1,1,0.9541271927792974
24,32004,6000,14.84,0.19,4,False,1,0,0.3533171710792263
24,55680,7875,10.65,0.14,3,False,0,0,0.1392442443258683
24,47110,11000,10.99,0.23,4,False,0,0,0.2612990430935174
35,72000,12800,6.62,0.18,5,False,0,0,0.09563534506069682
22,179000,25000,10.99,0.14,4,False,0,0,0.03776740876084963
22,62004,8400,15.62,0.14,4,True,0,0,0.3528175973715015
29,63000,25000,11.48,0.4,8,False,0,0,0.457668454611806
29,21000,7000,13.72,0.33,10,False,1,1,0.6541930064113815
21,45000,4000,0.0,0.09,3,False,0,0,0.032348074464221145
34,72000,2400,13.16,0.03,8,False,0,0,0.08994551285060194
29,81000,7750,9.32,0.1,10,False,0,0,0.07792272597176465
23,74800,20000,17.04,0.23,2,True,1,0,0.43440900216859923
29,63600,12000,12.42,0.19,8,False,1,0,0.20210957548894368
24,52000,4000,9.88,0.08,2,False,0,0,0.09363685371574905
24,46500,8000,15.23,0.17,2,True,1,0,0.4340690635891143
29,100000,10000,6.92,0.1,8,False,0,0,0.04904506374541425
22,84000,10000,7.88,0.12,3,False,0,0,0.06919461702234403
33,22356,6000,7.9,0.27,8,False,0,0,0.3499942936653861
23,60000,25000,10.25,0.42,4,False,1,0,0.4698803300331409
22,36000,10000,6.03,0.28,3,False,0,0,0.25659346447791126
28,78000,13000,0.0,0.17,9,False,0,0,0.03747998033444224
23,14400,3000,14.72,0.21,2,True,1,1,0.6178499866977322
22,30000,5000,11.48,0.17,4,False,0,0,0.23754681583156567
27,46000,13000,14.59,0.28,10,True,0,1,0.6088862504022845
45,62200,10000,10.39,0.16,11,False,0,0,0.14714750449271696
20,65000,4800,9.99,0.07,2,False,0,0,0.07856922938206978
29,28800,10750,7.51,0.37,10,False,1,1,0.5018126200115216
33,21600,10000,12.53,0.46,8,False,1,1,0.8364631484806813
29,40000,14150,12.69,0.35,5,False,1,1,0.556415496722118
32,30000,9325,13.62,0.31,7,False,1,1,0.5675960223366221
28,59160,23500,0.0,0.4,6,False,0,0,0.18223927463325007
24,60000,20000,7.9,0.33,4,False,0,0,0.26657817655120847
26,56000,6000,15.23,0.11,4,False,0,0,0.1927384700391802
26,30000,3500,0.0,0.12,2,False,0,0,0.04758849664902701
40,50004,20000,0.0,0.4,17,False,1,0,0.22249626769173445
21,61000,7500,10.39,0.12,2,False,0,0,0.11334057530109744
25,69000,15000,16.7,0.22,3,True,1,0,0.48032538884022585
32,95200,15000,5.99,0.16,7,False,0,0,0.059870450548727853
30,12500,2100,12.49,0.17,7,True,1,0,0.4669368113615965
24,60500,5600,14.91,0.09,3,False,1,0,0.1587352181242901
24,53000,7200,14.42,0.14,3,False,0,0,0.21431722979564646
23,65500,35000,15.23,0.53,2,False,1,1,0.7286683461430712
25,110000,8000,7.14,0.07,4,False,0,0,0.04107568364152999
26,104676,16000,5.99,0.15,4,False,0,0,0.04937767764422427
24,54000,1500,14.17,0.03,2,True,0,0,0.19238629357021683
31,73000,16000,19.41,0.22,6,True,1,1,0.5492886070868502
27,25000,5000,10.99,0.2,7,False,0,0,0.28872251604978344
24,75000,20000,8.88,0.27,2,False,0,0,0.17714911877100276
26,36000,6350,8.94,0.18,4,False,0,0,0.18662233792780236
24,50000,14000,9.88,0.28,2,False,0,0,0.29704911816624774
24,43896,23975,0.0,0.55,2,False,1,1,0.5071923290786509
24,44000,4000,8.7,0.09,2,False,0,0,0.09185551939625812
24,72000,16000,12.42,0.22,2,False,0,0,0.20732261294343893
30,68580,10000,7.88,0.15,10,False,0,0,0.09606680582071976
31,20800,6000,14.26,0.29,8,False,0,1,0.5932823845049006
37,124000,19000,13.92,0.15,16,True,0,0,0.17424634072515302
31,75000,8000,18.21,0.11,7,True,0,0,0.3588125081950264
24,75000,24000,10.37,0.32,3,False,1,0,0.25096184135974803
22,20400,4750,11.49,0.23,2,False,0,0,0.37570225903412996
25,35000,4800,10.28,0.14,2,False,0,0,0.1671558230318885
22,28880,2000,8.59,0.07,4,False,0,0,0.08721373232346101
25,66300,7000,9.25,0.09,3,False,1,0,0.07741000786987855
26,45760,11500,11.78,0.25,4,False,0,0,0.3190526642440163
24,55000,7500,12.53,0.14,2,False,0,0,0.173989230020258
33,55000,12000,7.51,0.22,9,False,0,0,0.1613992941414168
29,148716,24250,13.23,0.16,9,True,0,0,0.12473305420876439
23,65000,5500,7.88,0.08,3,False,0,0,0.06529201594335068
25,24000,9600,11.71,0.4,4,False,1,1,0.7164829733004068
25,78000,8000,16.0,0.1,4,False,1,0,0.1633018217583852
22,60000,14000,7.88,0.23,2,False,0,0,0.1604427608377382
24,54996,5500,5.99,0.1,4,False,0,0,0.06512796158404825
25,84000,5000,10.99,0.06,2,False,0,0,0.0762732829316406
27,70000,20000,11.48,0.29,8,False,0,0,0.2687144756493947
24,35000,1500,0.0,0.04,3,False,0,0,0.02398672005113527
44,30000,12000,11.11,0.4,15,False,1,1,0.6716967369718255
33,14076,4800,6.76,0.34,7,False,1,1,0.5116171159381718
33,115000,14000,6.03,0.12,8,False,0,0,0.04091158159693527
39,70000,18000,11.14,0.26,14,False,0,0,0.2312424773539629
27,86000,23000,6.17,0.27,7,False,1,0,0.10905932007162684
28,100000,25000,0.0,0.25,6,False,1,0,0.03782363347380209
21,85000,12000,11.97,0.14,2,False,0,0,0.11805132514375287
23,63200,4800,12.53,0.08,4,False,0,0,0.11576827013246666
22,50000,7500,8.32,0.15,2,False,0,0,0.12183400989264465
29,59000,6000,10.37,0.1,7,False,0,0,0.10422832248013919
22,73000,22000,15.96,0.3,4,True,0,1,0.5446984178707175
23,19200,6000,6.54,0.31,2,False,1,0,0.4032970248955844
39,65000,6000,15.62,0.09,14,True,0,0,0.27960053735894286
28,52000,5000,12.23,0.1,9,True,0,0,0.2334232861167563
26,36000,4500,10.59,0.13,2,False,1,0,0.16121533251477566
23,78885,20000,12.42,0.25,3,False,0,0,0.21201668692279646
36,55500,7875,11.99,0.14,12,False,0,0,0.16239918739906922
21,12000,3000,8.9,0.25,3,False,1,0,0.3767644713274478
31,83000,7500,7.66,0.09,10,False,0,0,0.05930335032607209
23,120000,12000,5.42,0.1,3,False,0,0,0.0340658266091049
33,143004,10000,6.99,0.07,9,False,0,0,0.032694784261905065
30,60000,8000,7.51,0.13,10,False,0,0,0.08792708078741163
24,80000,20000,6.54,0.25,4,False,0,0,0.11373948287143178
33,40000,4000,0.0,0.1,7,False,0,0,0.03722746465192199
24,75000,19000,11.99,0.25,3,False,0,0,0.21594788728511943
26,124726,15000,7.29,0.12,3,False,0,0,0.043206079964331186
30,10800,2400,9.99,0.22,7,False,1,0,0.3520738490054334
21,37000,3000,6.39,0.08,3,False,0,0,0.06843431175718921
25,105000,5000,11.48,0.05,2,False,0,0,0.0690306751282128
25,61995,8000,9.99,0.13,4,False,0,0,0.11578878285256504
23,84000,23000,11.99,0.27,2,False,0,0,0.20387037200242153
27,70000,5200,7.51,0.07,10,False,0,0,0.05652125827056733
27,99996,3000,12.84,0.03,10,False,0,0,0.07497145241118273
22,18000,4000,11.49,0.22,4,False,1,0,0.36325995843844433
24,70092,13950,11.14,0.2,2,False,0,0,0.1720274647200692
26,86000,10000,13.49,0.12,3,False,0,0,0.13138608887977624
53,85000,8000,7.74,0.09,28,False,0,0,0.058813493946728426
26,315000,12000,13.47,0.04,3,False,0,0,0.027546903599589615
21,45000,6500,10.74,0.14,2,False,0,0,0.1546486468541528
22,55000,1275,6.91,0.02,4,False,0,0,0.04299378736498111
25,74500,6000,9.99,0.08,4,False,0,0,0.07909433217624741
26,200000,15000,14.79,0.07,4,False,0,0,0.05170286861450228
25,125000,25000,11.49,0.2,3,False,0,0,0.08457075084805585
29,77367,1000,7.37,0.01,9,False,0,0,0.03940801595747859
24,40800,7000,11.86,0.17,2,False,0,0,0.2205049242367138
23,35941,3500,13.35,0.1,2,False,1,0,0.1744541034411629
23,56004,10000,11.83,0.18,3,False,0,0,0.1969566761836618
31,45000,8000,10.99,0.18,10,False,0,0,0.20630019047713014
29,65000,3000,6.03,0.05,7,False,0,0,0.04589289733952149
23,67000,5600,7.49,0.08,2,False,0,0,0.06182317001126776
26,27000,8000,11.11,0.3,4,False,0,0,0.48413388873678226
39,56000,10000,13.06,0.18,11,False,0,0,0.22764061932257804
22,33600,10000,10.25,0.3,3,False,0,0,0.41929114755408176
57,77385,6625,7.66,0.09,27,False,0,0,0.06556460610512482
21,75000,10000,0.0,0.13,3,False,0,0,0.030466962292012154
27,68000,2000,13.8,0.03,5,False,0,0,0.09875317717204572
24,30000,4000,7.49,0.13,4,False,0,0,0.11910592102712826
22,78000,25000,16.77,0.32,2,False,1,0,0.40949753211175327
22,15090,7000,8.94,0.46,4,False,1,1,0.796051013620551
34,480000,14000,14.61,0.03,9,False,0,0,0.015182123748098596
25,49000,12000,13.49,0.24,2,False,1,0,0.33566138147365315
32,140900,10000,14.79,0.07,9,True,0,0,0.14785255903538844
27,49600,8400,0.0,0.17,5,False,1,0,0.054033411664602266
28,66000,6500,5.79,0.1,9,False,0,0,0.0579597262801632
34,93100,8000,0.0,0.09,9,False,0,0,0.02244855339966731
25,35000,6400,0.0,0.18,2,False,0,0,0.06982615544967155
33,72000,5000,6.99,0.07,7,False,0,0,0.05498793499981218
32,55000,9000,13.85,0.16,10,False,0,0,0.21745077959264467
23,16800,6625,6.03,0.39,3,False,1,1,0.578413923048234
32,64052,4875,10.74,0.08,9,False,0,0,0.09536830815481145
27,90000,15600,12.69,0.17,9,False,0,0,0.13506285276878816
22,42000,10000,10.99,0.24,4,False,0,0,0.2957463973703696
27,54000,8000,13.8,0.15,5,True,0,0,0.3386037324637922
37,74000,10000,16.29,0.14,14,False,1,0,0.21505624806960244
35,42000,5000,14.17,0.12,8,False,1,0,0.20759011716478912
24,76494,12000,0.0,0.16,3,False,0,0,0.03644060926380752
37,70000,4900,12.18,0.07,15,False,0,0,0.10039448462537172
29,96000,12000,9.88,0.13,5,False,0,0,0.08382938863522431
24,30000,1000,7.51,0.03,2,False,0,0,0.056496083670710275
25,36000,5400,14.26,0.15,3,False,0,0,0.2593029772459518
30,45000,10000,14.74,0.22,6,False,1,0,0.35718134384263206
29,119604,5000,9.32,0.04,5,False,0,0,0.046691578625349305
36,48000,15000,13.98,0.31,15,False,1,0,0.4749256126272748
22,100000,20000,6.91,0.2,4,False,0,0,0.07029606528642184
36,38795,2000,0.0,0.05,13,False,0,0,0.025609762120513555
24,126000,11800,0.0,0.09,2,True,0,0,0.030161850505885424
36,98240,20000,16.35,0.2,12,True,0,0,0.3283071248763054
39,66000,2000,18.39,0.03,12,False,1,0,0.1665291782383577
25,48000,4800,0.0,0.1,4,False,0,0,0.03403547715214823
27,50000,7800,15.99,0.16,10,False,0,0,0.2809072046197123
25,49000,7750,9.63,0.16,2,False,0,0,0.1529048789591371
32,81000,10000,10.37,0.12,10,False,0,0,0.0940438208664606
23,45000,14500,11.48,0.32,2,False,0,0,0.4314671844301209
23,50000,15250,15.95,0.3,3,False,0,1,0.5043989124875149
21,47520,10000,15.33,0.21,4,True,1,1,0.5019036003507189
24,200004,15000,10.59,0.07,4,False,0,0,0.03099535201535024
33,41196,3300,12.99,0.08,7,False,0,0,0.14340933256830887
23,90000,15000,6.03,0.17,3,False,0,0,0.06602256578360419
29,54000,20000,18.79,0.37,5,True,1,1,0.8090585668864763
35,48000,2000,11.97,0.04,9,False,0,0,0.09449286633048515
26,96000,10000,19.69,0.1,3,True,0,0,0.3338488863195933
30,90000,7500,10.71,0.08,5,False,0,0,0.07637785965012527
25,38400,15000,10.65,0.39,2,False,1,1,0.5799955650123737
24,39875,13300,16.0,0.33,4,True,1,1,0.7564382153026811
34,59000,5500,7.9,0.09,8,False,0,0,0.07469491686862464
32,84996,6000,12.99,0.07,7,True,0,0,0.1759255436938068
25,48659,7500,0.0,0.15,4,False,0,0,0.046995311914399554
28,105000,24000,0.0,0.23,6,False,0,0,0.03252323234684689
34,63000,5600,11.58,0.09,5,False,0,0,0.11254207857030123
37,29000,7200,19.03,0.25,14,True,1,1,0.7556175198824142
32,75000,12800,14.74,0.17,6,True,0,0,0.3322048532864677
26,165000,10300,9.91,0.06,3,False,0,0,0.03853586701955383
22,44000,10000,12.69,0.23,2,False,0,0,0.3196506577759414
22,31500,13200,11.71,0.42,4,False,1,1,0.7054711663890652
33,94896,3500,11.89,0.04,7,False,0,0,0.0748290194616514
23,65000,6250,6.76,0.1,2,False,0,0,0.06642062498085452
23,21000,3000,12.68,0.14,3,False,0,0,0.2387412423489238
23,100000,15000,0.0,0.15,2,False,0,0,0.025683857969936764
40,59484,5500,7.14,0.09,14,False,0,0,0.06836700843002964
22,70000,8400,7.88,0.12,2,False,0,0,0.07925529810279151
29,69600,5600,11.99,0.08,6,False,0,0,0.1037472523955485
25,120000,25000,10.74,0.21,2,False,0,0,0.08661859083789641
27,157544,35000,12.99,0.22,8,False,0,0,0.061852052794555835
34,74000,11200,11.66,0.15,10,False,1,0,0.1364346817723311
26,16120,5000,11.58,0.31,3,False,1,1,0.578893653614054
28,33763,4800,7.14,0.14,5,False,0,0,0.11976314629109171
22,68400,10000,15.95,0.15,4,False,1,0,0.2247599454235608
33,48000,7000,11.99,0.15,8,False,0,0,0.1885582515015171
26,35000,7500,7.9,0.21,3,False,0,0,0.2035487456261833
25,26000,4800,10.65,0.18,4,False,0,0,0.24344107317645067
24,19200,8000,13.61,0.42,3,True,1,1,0.8942272668506265
36,21600,2100,8.49,0.1,12,False,0,0,0.11728984441394838
24,31200,9000,10.38,0.29,4,False,0,0,0.4164397379687102
28,139913,5375,8.94,0.04,6,False,0,0,0.04071304689537132
24,59000,12000,17.74,0.2,2,True,1,1,0.5164983380927275
27,80000,3000,11.11,0.04,7,False,0,0,0.07214521482036038
33,66500,9200,0.0,0.14,7,False,0,0,0.03717271849232457
24,160000,12000,16.77,0.07,4,False,0,0,0.086725346486973
30,151800,17525,12.72,0.12,7,True,0,0,0.11880457515645419
25,25920,2300,11.11,0.09,2,False,0,0,0.13908609998761065
26,64000,9600,11.97,0.15,4,False,1,0,0.15652027558108117
21,8000,2800,7.4,0.35,2,False,1,1,0.5851880729113
23,30000,4500,10.62,0.15,3,False,0,0,0.1918391722429546
31,190000,24000,0.0,0.13,10,False,0,0,0.009206603547066615
21,46800,5000,7.51,0.11,4,False,0,0,0.08899454837856478
26,42000,4500,7.66,0.11,2,False,0,0,0.0964490089532148
26,48000,11000,13.49,0.23,3,False,0,0,0.3276778478403396
23,64000,12000,15.62,0.19,4,True,1,0,0.41909648109633124
21,40800,10400,9.32,0.25,3,False,0,0,0.26952196245432375
29,45000,8000,12.21,0.18,10,False,0,0,0.231230284364634
26,45806,12000,14.84,0.26,3,False,0,0,0.42519681227964007
27,35000,12500,15.65,0.36,8,True,1,1,0.810583794974116
23,32388,6000,10.71,0.19,4,False,0,0,0.24475580347694156
23,65000,6000,10.65,0.09,2,False,0,0,0.09613680890477952
24,12960,4500,11.83,0.35,4,False,1,1,0.6863495342425978
24,63750,35000,0.0,0.47,3,False,1,0,0.17960118792844673
22,42000,10000,6.92,0.24,2,False,0,0,0.2024095788539697
30,70000,12800,0.0,0.18,7,False,0,0,0.04337645748169658
25,72000,14000,12.42,0.19,2,False,0,0,0.1798418773471658
45,33600,4000,6.39,0.12,11,False,0,0,0.0996473174657858
27,118000,10000,6.17,0.08,6,False,0,0,0.03492021496939856
26,110000,5000,12.69,0.05,2,False,0,0,0.07850442315581259
25,120000,30000,7.9,0.25,4,False,0,0,0.06779416287367539
22,76500,7500,13.24,0.1,4,True,1,0,0.2141963395753983
30,51750,12000,11.14,0.23,10,False,0,0,0.25063781113471484
23,28800,1500,7.74,0.05,3,False,0,0,0.06795382960391058
53,50004,4500,0.0,0.09,18,False,0,0,0.032836822390296234
33,15600,5900,0.0,0.38,7,False,1,0,0.38457127607744673
31,70000,4500,7.9,0.06,8,False,0,0,0.05712220873225675
21,12000,3250,15.68,0.27,3,True,1,1,0.7662618671495378
27,100000,5000,12.42,0.05,8,False,0,0,0.0772774359173944
33,54072,3000,6.99,0.06,7,False,0,0,0.059294272000806836
24,35004,9600,7.88,0.27,3,False,0,0,0.2894650721269647
30,25000,3000,0.0,0.12,7,False,0,0,0.049652924600402035
34,38769,2400,8.9,0.06,6,False,0,0,0.08079314120369599
24,70000,17600,10.62,0.25,2,False,0,0,0.20488793233779254
25,35000,9600,9.91,0.27,2,False,0,0,0.34594583963652714
30,31200,1900,5.79,0.06,10,False,0,0,0.05771517920968207
23,90000,10000,7.49,0.11,3,False,0,0,0.05925835396313223
32,105000,5000,14.65,0.05,9,False,0,0,0.09951143928757308
31,60000,1500,12.99,0.03,10,False,0,0,0.09463798591426864
31,87504,12650,8.9,0.14,10,False,0,0,0.0805578372414294
22,52000,12000,6.62,0.23,3,False,0,0,0.15873430653458742
21,62000,6000,7.51,0.1,4,False,0,0,0.07328566875212168
40,32000,9600,9.88,0.3,14,False,0,0,0.42177107618168197
28,83004,21600,6.91,0.26,10,False,0,0,0.1172114149089129
24,32000,4800,10.59,0.15,2,False,0,0,0.18845692736587163
27,90000,8000,10.99,0.09,10,False,0,0,0.0821279967773263
24,151000,35000,14.27,0.23,2,True,0,0,0.14516059111298724
31,168000,25000,13.06,0.15,5,False,0,0,0.05656864781400205
23,47000,5000,8.9,0.11,2,False,0,0,0.10535265806128044
28,42900,14000,11.14,0.33,5,False,1,0,0.4569266146654764
26,63180,5825,13.43,0.09,2,True,0,0,0.2295776112830068
26,35000,6000,7.51,0.17,4,False,0,0,0.1509263973391353
25,75000,7000,7.49,0.09,2,False,0,0,0.061587461250158404
30,90000,10000,15.62,0.11,6,True,0,0,0.2541690463396151
30,72000,3000,11.83,0.04,5,False,0,0,0.08157134487672055
25,34500,18250,17.04,0.53,3,False,1,1,0.9124533051238322
32,51996,2100,0.0,0.04,7,True,0,0,0.041953385111379825
54,39000,20000,10.71,0.51,19,False,0,1,0.7818333243967335
42,125000,35000,7.9,0.28,17,False,0,0,0.0676016404382776
23,39520,11000,5.42,0.28,2,False,0,0,0.23037929317600167
28,78000,10000,15.99,0.13,7,True,1,0,0.3100648261545776
33,101000,5000,7.49,0.05,5,False,0,0,0.044331352332997245
25,27800,14125,6.99,0.51,4,False,0,1,0.7602420747183974
34,58000,10000,10.65,0.17,9,False,0,0,0.16222579466444995
25,49600,12000,7.14,0.24,4,False,0,0,0.18439370406723715
26,51996,6500,15.68,0.13,3,False,1,0,0.2334572785971112
22,63000,4000,11.12,0.06,2,False,1,0,0.08637844561803898
41,115000,20000,14.61,0.17,11,False,0,0,0.1273179709691155
42,85000,8500,15.58,0.1,12,True,0,0,0.2588423956747579
30,58000,9000,13.23,0.16,6,False,0,0,0.20389421475339042
27,156000,15000,14.61,0.1,6,False,0,0,0.07659845036995268
23,91000,1000,11.71,0.01,3,False,0,0,0.06323990146663831
34,180000,12900,12.99,0.07,8,True,0,0,0.09350234519543367
27,71738,11500,9.63,0.16,9,False,0,0,0.11599828067918067
29,75000,6000,8.49,0.08,6,False,0,0,0.06679887861520889
24,27000,10000,12.73,0.37,2,False,1,1,0.6729495248727732
24,65000,15000,16.32,0.23,4,True,1,0,0.4951721832330306
25,51669,12000,10.37,0.23,4,False,0,0,0.23335130435370513
35,38000,9600,7.49,0.25,9,False,0,0,0.2424564572906885
28,69000,15000,6.54,0.22,5,False,1,0,0.11889638270292399
24,9600,1300,12.73,0.14,2,False,1,0,0.2678426562215799
25,126000,15000,7.9,0.12,3,False,0,0,0.04614371431569295
31,90000,16500,12.61,0.18,6,False,0,0,0.14210717863134167
24,40800,2800,6.99,0.07,4,False,0,0,0.0672658524178407
28,55000,7000,0.0,0.13,6,False,0,0,0.03927686956128821
41,444000,2500,15.31,0.01,11,False,0,0,0.0308396942531044
22,60000,6000,11.99,0.1,3,False,0,0,0.12317862458306184
22,55000,7000,6.91,0.13,4,False,0,0,0.08743591582599933
22,100000,1200,8.59,0.01,2,False,0,0,0.04195659254372035
21,24000,3600,11.99,0.15,3,False,0,0,0.23170016534586665
32,53100,7500,11.26,0.14,10,False,0,0,0.15334287479922076
27,58000,8000,11.36,0.14,7,False,0,0,0.14801514905688976
23,48645,12000,10.25,0.25,4,False,0,0,0.2689024646107698
38,80000,10000,7.29,0.13,16,False,0,0,0.07270920753403891
24,36000,4800,6.91,0.13,3,False,0,0,0.10537632264011577
30,28800,8000,13.22,0.28,9,False,0,0,0.497872837142955
35,110000,3200,11.48,0.03,9,False,0,0,0.06314327604829927
27,33000,9000,12.49,0.27,8,True,1,1,0.5919791072121995
22,72000,6400,6.91,0.09,2,False,0,0,0.059507175418781665
35,78862,25000,12.49,0.32,9,True,0,0,0.4432519804367386
32,84456,10000,9.88,0.12,10,False,0,0,0.08803406968107609
26,117000,6000,7.51,0.05,4,False,0,0,0.03907645817312129
69,80000,4800,14.79,0.06,22,True,0,0,0.22269437511843032
26,52000,3300,10.99,0.06,2,False,0,0,0.09257677705768107
22,33948,10000,8.32,0.29,2,False,1,0,0.3393516723526524
28,102000,10000,12.18,0.1,7,False,0,0,0.09011180187385676
21,50500,5000,10.37,0.1,3,False,0,0,0.11134552859383251
31,65000,3000,16.77,0.05,7,True,0,0,0.2637150537070789
26,50000,13000,0.0,0.26,4,False,0,0,0.09627506530254941
29,50000,4200,9.91,0.08,6,False,0,0,0.09384651274662854
33,62400,15000,11.99,0.24,8,False,0,0,0.25173020066400154
32,55000,20000,11.83,0.36,7,False,1,0,0.45433079701443857
27,15000,7000,12.21,0.47,10,False,1,1,0.8665307726379754
29,108996,22000,0.0,0.2,5,True,0,0,0.05098083479170936
23,22800,1750,15.7,0.08,2,True,1,0,0.34149646791111526
22,26000,500,10.46,0.02,4,False,0,0,0.07473545083287986
27,54000,2000,7.14,0.04,9,False,0,0,0.05154374954962658
24,20000,3000,8.94,0.15,2,False,0,0,0.17979943451888697
24,20800,5000,16.29,0.24,3,True,0,1,0.697696957579343
23,35000,5400,12.84,0.15,4,False,0,0,0.2254110239588436
23,38000,8000,10.65,0.21,3,False,0,0,0.255343404289963
23,60000,14000,14.84,0.23,3,True,0,0,0.4681430382987943
23,37000,10400,7.66,0.28,4,False,0,0,0.2917402834281647
33,25000,8500,13.43,0.34,6,False,1,1,0.6510618057948612
26,147000,4100,6.92,0.03,3,False,0,0,0.030595458915260464
23,34000,11500,11.49,0.34,2,False,1,1,0.5364563531469562
27,29004,7000,6.03,0.24,10,False,0,0,0.22004338087715336
28,25000,6000,14.72,0.24,10,False,0,0,0.47534718223869604
28,22968,1500,6.03,0.07,7,False,0,0,0.06862132368892593
21,12000,2200,0.0,0.18,3,False,1,0,0.0932469799845686
21,27568,3500,14.42,0.13,4,False,1,0,0.24893953236400723
37,65000,12000,13.98,0.18,12,False,0,0,0.21958051349088062
30,40000,3000,7.14,0.07,7,False,0,0,0.0685480301957051
42,45000,18200,10.83,0.4,14,False,1,1,0.5619286657105113
21,27024,8000,8.49,0.3,3,False,0,0,0.3998804893767435
32,24000,9000,15.62,0.38,7,False,1,1,0.7802221803599036
21,47500,7500,10.99,0.16,2,False,0,0,0.17723652348719499
27,98000,20000,16.0,0.2,8,False,1,0,0.19278654120241942
24,115154,3000,14.27,0.03,2,True,0,0,0.15281422307940631
28,95000,11000,13.06,0.12,9,True,0,0,0.19931451087286278
27,47900,7500,13.47,0.16,8,False,0,0,0.22719898496224736
34,65000,21200,9.99,0.33,6,False,0,0,0.30752780098627636
27,27500,3000,10.99,0.11,5,False,0,0,0.15614159204821737
28,110000,17000,6.03,0.15,7,False,0,0,0.04592175951650795
70,44000,7000,11.66,0.16,24,False,0,0,0.21237873247236957
34,130000,20000,10.65,0.15,10,False,0,0,0.06342974065135705
27,31000,4000,10.74,0.13,7,False,0,0,0.16852332704066844
26,96500,8000,13.61,0.08,3,True,0,0,0.17748762078649638
28,50000,8000,5.99,0.16,6,False,0,0,0.10072571930732248
22,90000,10200,11.71,0.11,3,False,0,0,0.09521350017247299
21,35000,7200,12.69,0.21,3,False,0,0,0.31802720687113123
30,32000,6625,14.79,0.21,10,False,0,0,0.390287178019481
29,90000,15000,13.85,0.17,10,True,0,0,0.26574752639333904
30,138000,10000,10.99,0.07,10,False,1,0,0.05298633515372921
26,50000,10000,10.95,0.2,4,False,0,0,0.21625146484166025
23,25000,4000,11.71,0.16,4,False,0,0,0.23918416142232238
24,54000,1500,5.42,0.03,3,False,1,0,0.039574088191440995
47,72000,2500,15.05,0.03,11,False,0,0,0.1142232874892562
22,48000,15000,9.88,0.31,2,False,0,0,0.349581720361389
24,40000,2800,10.25,0.07,2,False,0,0,0.09868684695224945
41,68000,15000,13.47,0.22,12,True,0,0,0.3884319493419453
38,32000,6000,11.36,0.19,16,False,1,0,0.2629408867862554
29,126000,7000,16.02,0.06,5,False,0,0,0.10731496044494462
31,53000,7200,10.37,0.14,8,False,0,0,0.14203082977518774
26,54000,13200,14.91,0.24,2,True,1,1,0.5159637537477568
22,23000,3000,5.79,0.13,2,False,0,0,0.10616493300307044
34,39600,6000,5.99,0.15,5,False,0,0,0.10814811435700801
24,40000,3600,10.59,0.09,2,False,0,0,0.11744584546198912
34,564000,6000,7.14,0.01,5,False,0,0,0.00617624347363644
22,75000,21000,10.0,0.28,3,False,0,0,0.20326590696799451
23,45843,11000,11.71,0.24,3,False,0,0,0.3006035583011117
25,69996,25000,10.62,0.36,3,False,0,0,0.3316280046071423
27,15120,3050,10.38,0.2,5,False,1,0,0.30571915926029775
27,35000,6000,11.99,0.17,10,False,0,0,0.2347527068078705
40,62000,2600,7.66,0.04,14,False,0,0,0.053094727148739224
24,21648,5000,6.99,0.23,3,False,0,0,0.25209923417748226
26,94000,15000,6.17,0.16,2,False,0,0,0.061107849502898534
26,54000,8500,5.42,0.16,3,False,1,0,0.09099786328100243
34,102000,8400,17.19,0.08,10,True,0,0,0.24564475574357542
26,101000,25000,17.46,0.25,4,False,1,0,0.2588718786873007
37,54538,20000,0.0,0.37,15,False,0,0,0.17193801385425586
22,32000,8400,11.49,0.26,4,False,0,0,0.38386468357284403
38,80000,2500,10.99,0.03,13,False,0,0,0.06782408514264264
22,45449,12000,0.0,0.26,4,False,1,0,0.10182237640684648
26,82000,6000,7.88,0.07,3,False,0,0,0.05532663041192646
42,360000,25000,9.99,0.07,14,False,0,0,0.009759861949713988
23,40000,1500,11.78,0.04,2,False,0,0,0.09568134341470633
32,75000,7000,12.61,0.09,6,False,0,0,0.11197456745337385
25,98000,10000,12.69,0.1,4,False,0,0,0.09655624806982192
39,34000,5200,9.76,0.15,16,False,0,0,0.16964422574805393
28,115000,18000,10.59,0.16,10,False,0,0,0.07953523309821645
23,60000,15000,7.9,0.25,3,False,0,0,0.18064681438981248
30,60000,5000,0.0,0.08,8,False,0,0,0.026754428683663505
24,32000,4500,6.76,0.14,2,False,0,0,0.11687068966530922
29,134000,8000,14.22,0.06,7,False,0,0,0.08034624281180452
28,24000,5000,9.32,0.21,10,False,0,0,0.26637357584668125
27,75000,6625,0.0,0.09,9,False,0,0,0.025209730086300657
38,37500,12000,13.47,0.32,16,True,1,1,0.6926647704314349
44,37000,3500,12.87,0.09,13,False,0,0,0.15690286595770706
35,105000,10000,0.0,0.1,10,False,0,0,0.02116654656813271
29,60000,6400,11.89,0.11,8,False,0,0,0.13114880501385548
35,34200,7200,6.99,0.21,6,False,0,0,0.1921799510055887
24,22680,7000,10.62,0.31,3,False,1,1,0.5118303805712763
24,40000,8000,6.17,0.2,2,False,0,0,0.15029170405310785
24,98000,5000,5.79,0.05,2,False,0,0,0.035727327759362736
36,60000,15000,0.0,0.25,16,False,0,0,0.07594079305285735
23,102000,6000,0.0,0.06,3,True,0,0,0.03401310531726304
21,65000,2200,12.42,0.03,3,False,0,0,0.08310572507235267
28,67000,12000,0.0,0.18,5,False,0,0,0.04585687345758814
23,65004,3000,13.61,0.05,3,True,0,0,0.19192075894282226
23,48000,10000,12.84,0.21,3,True,0,0,0.42655965860026795
28,35000,4000,10.99,0.11,6,False,0,0,0.14522627711142644
23,113000,14000,13.49,0.12,2,True,0,0,0.17170395632706464
22,63000,14100,8.0,0.22,2,False,0,0,0.1472332499413608
22,42000,20000,12.99,0.48,3,False,1,1,0.7669411851860017
27,37800,13000,11.83,0.34,5,False,1,1,0.5221758546691684
36,42000,7000,6.62,0.17,16,False,0,0,0.12710861862700926
28,54000,11000,6.54,0.2,9,False,0,0,0.1274573464148682
24,36000,8000,11.48,0.22,4,False,0,0,0.2975802035528299
27,75000,8500,17.19,0.11,5,False,0,0,0.19763105800681052
21,23000,7000,8.9,0.3,3,False,0,0,0.43037655636578936
24,62000,2000,13.49,0.03,3,False,0,0,0.0967002846127373
24,100000,13000,11.48,0.13,4,False,0,0,0.09286582117349826
32,160000,3200,0.0,0.02,5,False,0,0,0.012168096144072878
33,65000,4700,9.45,0.07,7,False,0,0,0.07623293859681757
25,57500,6000,11.28,0.1,2,False,1,0,0.11609261235820036
32,80000,25000,12.87,0.31,9,False,1,0,0.27889947667906145
26,300000,10000,10.38,0.03,4,False,0,0,0.020154954176899068
26,34800,5975,11.49,0.17,4,False,0,0,0.2268154287897573
28,90080,5500,7.49,0.06,6,False,0,0,0.04808279518273771
21,35324,6000,0.0,0.17,4,False,0,0,0.06375392419650681
22,64000,6600,8.9,0.1,4,False,0,0,0.08295639863111018
26,78000,12000,13.43,0.15,4,False,0,0,0.15528536837645418
42,55392,7000,15.95,0.13,15,True,1,0,0.37166294539726585
24,30000,5000,12.69,0.17,2,False,1,0,0.2687002713265618
35,38400,5000,0.0,0.13,9,False,0,0,0.047148139195274656
28,32400,4900,14.12,0.15,7,False,1,0,0.2636070874374266
22,26400,5500,13.72,0.21,2,True,0,1,0.5398368276669684
25,110000,12000,15.99,0.11,3,False,1,0,0.13238878280312463
23,60000,8850,6.99,0.15,3,False,0,0,0.09477112274557298
36,80000,15000,10.71,0.19,14,False,0,0,0.13950553745544447
25,40000,6500,11.89,0.16,4,False,0,0,0.20925421649309117
25,50000,10000,13.49,0.2,4,True,0,0,0.4211772414930964
44,120000,4000,0.0,0.03,14,False,0,0,0.014740897708482649
22,74263,11500,9.99,0.15,3,False,0,0,0.10980767114000853
21,38400,12200,0.0,0.32,4,True,0,0,0.28681593432121266
21,65000,12000,14.3,0.18,3,False,0,0,0.22194177048043118
44,62000,11000,8.07,0.18,16,False,0,0,0.1271376929660038
29,7200,2200,9.91,0.31,9,False,1,1,0.5745359791789371
24,97850,10000,7.51,0.1,4,False,0,0,0.05273833272025404
27,44000,3000,18.39,0.07,7,True,0,0,0.3617360927441317
26,42000,2250,10.38,0.05,4,False,0,0,0.08553910667443598
30,110000,3600,10.71,0.03,8,False,0,0,0.055611701890014444
22,35004,10000,7.51,0.29,4,False,0,0,0.3148507344525292
22,60000,12500,13.11,0.21,2,True,0,0,0.3883429475697082
25,122000,20000,13.23,0.16,4,False,0,0,0.09499847264790892
27,36000,6000,7.29,0.17,10,False,0,0,0.1450524281520317
23,55000,4000,5.42,0.07,3,False,0,0,0.04992261100329846
26,72000,15000,6.92,0.21,3,False,0,0,0.1124211005228661
29,33864,6000,14.91,0.18,6,True,1,0,0.4908043540502731
23,38000,13000,0.0,0.34,4,False,1,0,0.1970114296311746
24,42494,16000,11.71,0.38,3,False,1,1,0.5680153315455256
25,60000,12500,11.49,0.21,2,False,0,0,0.21386436900589115
23,30000,4000,10.36,0.13,4,False,0,0,0.16182757064522207
22,39300,7000,9.62,0.18,4,False,0,0,0.1898189725104429
25,76000,5000,7.9,0.07,3,False,0,0,0.05964554669597608
29,54000,14800,18.53,0.27,8,True,1,1,0.6710384830949143
39,201000,13500,11.49,0.07,16,False,0,0,0.03813310115061562
25,40000,7000,8.94,0.17,3,False,0,0,0.1644030173103687
32,119004,2500,0.0,0.02,10,False,0,0,0.01425121948925864
31,55200,15000,15.58,0.27,10,True,1,1,0.5811592471797027
29,105996,19400,0.0,0.18,6,False,0,0,0.0262220683077109
24,72000,5000,0.0,0.07,3,False,0,0,0.02324048897032761
37,77000,4500,6.99,0.06,12,False,0,0,0.05056224985343186
39,82000,8000,19.42,0.1,17,True,0,0,0.3642958237841146
25,125800,10000,14.09,0.07,4,False,1,0,0.07920998559610229
21,35000,8000,19.79,0.23,4,True,1,1,0.717283577886775
58,72000,4500,0.0,0.06,18,False,0,0,0.023221398804033552
34,26400,7750,12.87,0.29,5,True,0,1,0.6798026255775049
23,47233,5000,11.36,0.11,3,False,0,0,0.1376700482913303
24,57000,8000,5.42,0.14,4,False,0,0,0.0764087183114385
26,37200,16000,13.11,0.43,2,False,1,1,0.7271101220197631
61,160000,30000,0.0,0.19,27,True,0,0,0.02558001928527008
23,48500,6500,0.0,0.13,4,False,0,0,0.04084894179696866
38,160000,14000,6.62,0.09,16,False,0,0,0.028265665536490278
25,35280,5000,14.96,0.14,3,False,1,0,0.26197095807057036
28,64000,7200,7.29,0.11,8,False,0,0,0.0735949812098782
29,61240,7000,0.0,0.11,7,True,0,0,0.05931991432049467
26,108000,9000,10.38,0.08,4,False,0,0,0.06327662613194361
22,42000,7050,0.0,0.17,4,False,0,0,0.0590033159615616
30,150000,12000,7.29,0.08,7,False,0,0,0.03235616856447224
27,33000,4000,5.99,0.12,8,False,0,0,0.09097199516385686
25,250000,25000,13.49,0.1,4,False,0,0,0.02798146980887649
48,56500,15000,11.14,0.27,11,False,1,0,0.30311397576618915
26,19392,1900,0.0,0.1,3,True,0,0,0.08212745581618108
27,37000,16750,15.33,0.45,10,True,0,1,0.8856485129647357
25,80000,10000,14.72,0.13,3,True,0,0,0.2762735647556454
34,30000,3350,10.99,0.11,10,False,0,0,0.15334185039705628
23,56000,10000,8.59,0.18,3,False,0,0,0.1404612737612044
40,32878,13775,12.98,0.42,11,False,1,1,0.7374344905307961
23,42000,15000,13.49,0.36,3,False,1,1,0.5877763421878353
24,79631,25000,15.7,0.31,2,True,1,1,0.5138938710368439
35,762000,10000,8.94,0.01,10,False,0,0,0.003152274627405557
28,68553,15000,13.85,0.22,10,True,0,0,0.39018586289593676
28,138000,5000,6.62,0.04,5,False,0,0,0.0317367455520548
25,104000,11000,13.11,0.11,3,False,0,0,0.1033777583354522
24,47230,10950,6.91,0.23,2,False,0,0,0.17632051781778457
47,47000,7500,6.62,0.16,13,False,0,0,0.11642260091732883
24,90000,10000,0.0,0.11,4,False,0,0,0.024051865703995323
25,25000,2000,9.91,0.08,4,False,0,0,0.11314144250492555
25,31500,14850,8.9,0.47,3,False,1,1,0.7185766594629958
24,65453,24250,15.7,0.31,2,False,1,0,0.37583927037602305
29,18000,6400,10.37,0.36,6,False,1,1,0.6408475794282508
26,170000,13000,12.42,0.08,3,False,0,0,0.0530327762267784
24,67000,10400,5.99,0.16,2,False,0,0,0.08376245495678533
22,34977,13000,16.0,0.37,2,False,0,1,0.7140201721308145
28,24000,10000,12.87,0.42,10,True,1,1,0.8693632181552438
23,66661,1500,11.49,0.02,2,False,0,0,0.07105473247067653
25,80000,8800,7.51,0.11,2,False,0,0,0.06622261132857422
23,42500,6200,13.92,0.15,2,False,0,0,0.2375816257371228
22,20400,3250,14.26,0.16,2,True,1,0,0.4702972939003352
28,80000,18000,10.59,0.23,10,False,0,0,0.16383228700470673
24,45000,10000,13.11,0.22,4,True,0,0,0.4622308459814055
36,38568,2400,18.39,0.06,12,True,0,0,0.3545446417750455
25,50000,2500,13.61,0.05,3,False,0,0,0.11856171491447756
27,43200,4000,13.48,0.09,7,False,0,0,0.15509365197852265
25,65499,4000,12.23,0.06,4,False,0,0,0.09763790308502175
30,180000,12500,6.03,0.07,6,False,0,0,0.022278229031995885
29,80000,10000,7.9,0.13,9,False,0,0,0.07741616113323502
33,55000,8000,11.14,0.15,9,False,0,0,0.1606933700158628
23,31800,9600,13.48,0.3,3,True,1,1,0.6830273936015526
22,35000,5000,21.36,0.14,2,True,0,1,0.6022672003943284
31,32000,2000,13.61,0.06,6,True,0,0,0.24042041736326683
25,37200,7000,12.42,0.19,3,False,0,0,0.27305076130087436
30,65000,8000,7.51,0.12,5,False,0,0,0.08016161352718082
22,48000,8000,12.99,0.17,3,True,0,0,0.3633212758774252
52,84000,18000,8.49,0.21,24,False,0,0,0.11208663213085787
23,50052,15000,9.63,0.3,4,False,0,0,0.3180963872435475
24,95000,20000,10.62,0.21,4,False,0,0,0.11990407430326822
34,58800,17000,17.74,0.29,10,False,1,1,0.5052706454277709
39,54000,25000,11.49,0.46,16,False,0,1,0.6162923488926141
25,30000,5500,8.0,0.18,4,False,0,0,0.17918932488768027
22,43600,10000,14.96,0.23,2,False,1,0,0.38471337371101266
28,92000,6000,6.76,0.07,9,False,0,0,0.04640695059569381
25,60000,3000,13.79,0.05,2,True,0,0,0.19962470082763123
22,51000,20000,13.47,0.39,2,False,1,1,0.5790687436182542
32,175000,20000,13.49,0.11,8,True,0,0,0.09698668022733566
26,19200,4500,7.88,0.23,3,False,1,0,0.28283191218965503
30,44000,15000,6.54,0.34,5,False,1,0,0.3304002533362339
22,51000,5650,9.91,0.11,4,False,0,0,0.11153378638630158
24,45000,10000,5.79,0.22,4,False,0,0,0.1514117316014622
33,65000,1000,0.0,0.02,9,False,0,0,0.018660529419721614
21,95000,15000,0.0,0.16,2,False,0,0,0.028586501138334358
25,44400,2100,17.27,0.05,4,False,0,0,0.1812424613068212
50,54996,5000,13.47,0.09,14,False,0,0,0.1494329853191447
43,45000,7000,12.99,0.16,14,False,0,0,0.22999415127340614
26,63400,20000,9.62,0.32,3,False,0,0,0.289432067452197
22,55000,12000,9.63,0.22,4,False,0,0,0.19716583504980442
38,81000,7000,9.99,0.09,11,False,0,0,0.08211843894924468
25,15000,2200,7.88,0.15,2,False,0,0,0.17052692833996674
47,65000,3100,13.49,0.05,12,True,0,0,0.19706479768248314
35,19820,4000,11.12,0.2,10,False,1,0,0.3123218824304588
26,19500,5000,8.0,0.26,3,False,1,0,0.3441402638211126
31,33600,6500,7.14,0.19,8,False,0,0,0.16883170093501929
29,60000,8000,10.51,0.13,8,False,0,0,0.12343651638722494
22,66000,6000,7.51,0.09,2,False,0,0,0.06653794534192738
42,47000,25000,12.18,0.53,15,False,1,1,0.7860873465799904
44,109000,12800,13.79,0.12,12,True,0,0,0.19636771963461383
22,38000,1950,7.37,0.05,4,False,0,0,0.061282082586169864
23,65000,5000,13.98,0.08,2,True,0,0,0.2300086840314995
21,18864,3000,10.99,0.16,4,False,1,0,0.23628457196488972
30,79000,15000,0.0,0.19,7,False,0,0,0.04082967423873376
26,130000,18000,7.9,0.14,2,False,0,0,0.046652547510610855
29,100000,5000,12.23,0.05,8,False,0,0,0.07608016452783752
27,110000,2500,8.07,0.02,6,False,0,0,0.03915273573350486
22,41604,14400,0.0,0.35,4,False,0,0,0.19699159064092372
24,60000,15000,11.83,0.25,4,False,0,0,0.26518367974674933
25,37676,7500,8.32,0.2,4,False,0,0,0.1934611521185507
30,53000,11000,6.62,0.21,9,False,0,0,0.14151593054030603
24,59400,6000,7.9,0.1,3,False,0,0,0.07824791526756002
31,68000,8000,7.9,0.12,5,False,0,0,0.08335720473191065
29,72000,15900,13.04,0.22,9,False,0,0,0.22054545026229702
25,27600,11500,6.03,0.42,4,False,1,1,0.5716733632857401
40,64200,3000,7.74,0.05,17,False,0,0,0.05669865495020547
28,58000,9600,7.49,0.17,7,False,0,0,0.11633437847576922
23,47000,16000,14.35,0.34,3,True,1,1,0.6981617168320118
26,232500,25000,14.17,0.11,2,True,0,0,0.06658828052850829
22,16800,1000,13.48,0.06,4,True,0,0,0.2533729143536761
21,48000,1800,13.35,0.04,2,True,0,0,0.19064248049466967
30,38168,7500,9.76,0.2,6,False,0,0,0.2247908714920105
34,85000,15000,15.99,0.18,9,True,0,0,0.3518993657090946
25,145000,12000,5.79,0.08,2,False,0,0,0.027357600901620968
24,87000,10000,10.36,0.11,2,False,0,0,0.08404076073250585
24,24996,4000,9.45,0.16,3,False,0,0,0.1925189229210555
23,19250,6250,16.82,0.32,2,False,1,1,0.7274712466810758
22,35325,6500,15.95,0.18,2,False,1,0,0.35252498567920065
22,33716,13750,6.92,0.41,2,False,0,1,0.5344551514100655
31,58000,6200,10.65,0.11,6,False,0,0,0.11772053283567482
26,54528,10000,8.94,0.18,3,False,0,0,0.14773689466162207
25,47000,8500,8.9,0.18,4,False,0,0,0.16139582742917255
23,96000,5000,7.51,0.05,2,False,0,0,0.04407252012255393
24,73000,19000,10.62,0.26,3,False,0,0,0.20522800135721875
23,81000,18000,13.98,0.22,4,False,0,0,0.21296986075701818
25,32400,4900,11.49,0.15,2,False,1,0,0.20566704873628366
25,154008,9600,10.95,0.06,4,False,0,0,0.04677015784673256
29,43000,6000,11.14,0.14,7,False,0,0,0.16801153744533584
23,62000,6500,10.95,0.1,3,False,0,0,0.10653356462490188
31,120000,28000,8.9,0.23,6,False,0,0,0.07172483916284758
21,14400,1200,7.14,0.08,3,False,0,0,0.08839601070169326
22,93000,3600,16.77,0.04,3,True,1,0,0.2186669477863288
32,30000,3000,12.42,0.1,8,False,0,0,0.16670106100177617
22,94500,20000,0.0,0.21,2,False,0,0,0.0347852821759348
28,27840,4750,13.57,0.17,5,False,0,0,0.29641469002018067
27,55000,11000,5.42,0.2,9,False,0,0,0.11197781515697874
32,30000,11450,9.99,0.38,6,False,1,1,0.597530637576476
44,100000,13500,8.9,0.14,17,False,0,0,0.07550842723367979
32,50000,6000,6.76,0.12,6,False,0,0,0.08632859262664173
22,49200,6500,12.68,0.13,2,True,1,0,0.28668450403936735
26,31200,6400,7.51,0.21,3,False,0,0,0.20858385800499268
22,78000,7750,7.51,0.1,4,False,0,0,0.06339202840247862
23,72000,19000,0.0,0.26,2,True,1,0,0.11639212285789541
22,52000,12750,18.25,0.25,4,False,1,0,0.4855427460350536
26,28000,13000,16.29,0.46,3,True,1,1,0.9272846949098037
25,71000,4800,13.49,0.07,3,True,0,0,0.20198300161733848
22,89004,17000,9.63,0.19,4,False,0,0,0.10691318062240766
25,63000,25000,13.87,0.4,2,False,0,1,0.5337512158753613
25,55000,10000,5.42,0.18,4,False,0,0,0.09958952397896374
24,71480,17600,0.0,0.25,4,False,0,0,0.06308036422310324
24,94000,10600,12.18,0.11,4,False,0,0,0.09739966871316513
24,100000,20000,6.17,0.2,4,False,0,0,0.06488881911554518
25,42000,6600,10.65,0.16,4,False,0,0,0.18280592580391675
28,41400,14000,13.48,0.34,6,False,1,1,0.5554975756579057
35,36000,7000,6.91,0.19,9,False,0,0,0.1610345205723415
35,42300,5500,13.06,0.13,8,False,0,0,0.19631399467986152
24,50000,4800,13.22,0.1,4,False,0,0,0.15461093092222833
32,29000,2000,8.49,0.07,8,False,0,0,0.08791427349420661
40,28800,4000,10.74,0.14,15,False,0,0,0.18708715823431238
31,68000,12000,0.0,0.18,6,False,0,0,0.04602762727210927
27,67000,4200,0.0,0.06,7,False,0,0,0.022394356450017024
35,32004,1500,8.49,0.05,7,False,0,0,0.07541151232971705
26,210000,15000,12.99,0.07,4,False,0,0,0.040416510728817495
23,25920,10000,15.58,0.39,4,False,1,1,0.7813887664950921
26,48000,8400,11.12,0.17,2,False,0,0,0.1888298864338718
28,20000,5000,10.65,0.25,8,False,0,0,0.3955067280430132
25,33000,3200,5.42,0.1,4,False,0,0,0.07448202417366247
23,29000,8000,18.3,0.28,2,False,1,1,0.651527333372592
23,84000,7000,6.92,0.08,2,False,0,0,0.05059264004231464
37,77000,10800,7.14,0.14,17,False,0,0,0.07517804555384178
22,43000,22800,12.69,0.53,2,False,0,1,0.8154244237761175
22,32001,6000,0.0,0.19,3,True,0,0,0.14025570831457135
28,52500,8000,7.51,0.15,6,False,0,0,0.1083681648402917
27,75000,15000,14.35,0.2,5,False,0,0,0.22296158115266185
25,31200,3600,8.9,0.12,2,False,0,0,0.1307337597091006
29,60500,3000,13.61,0.05,9,False,0,0,0.1114242263712045
36,50000,7200,13.98,0.14,17,False,0,0,0.20621052614768465
31,24000,6000,8.49,0.25,9,False,0,0,0.318220174439942
24,133000,4000,7.4,0.03,3,False,0,0,0.033864828038776995
22,50000,4000,7.4,0.08,2,False,0,0,0.07035704934851092
30,65000,6200,0.0,0.1,5,False,0,0,0.0301016364621244
25,21000,5175,12.53,0.25,4,False,0,0,0.4501389113106782
33,59000,5500,9.91,0.09,9,False,0,0,0.09351420650443482
23,19200,2000,10.59,0.1,4,False,0,0,0.14673105189066407
29,69000,6000,11.12,0.09,8,False,0,0,0.10033317790486761
24,63000,5000,9.32,0.08,4,False,0,0,0.079911064413508
25,41000,8000,10.99,0.2,2,False,0,0,0.2445208497560364
29,75000,9000,0.0,0.12,6,False,0,0,0.02983756465535657
22,39000,3250,10.99,0.08,2,False,0,0,0.11408834324806956
23,54000,5000,12.84,0.09,2,True,1,0,0.22887698688954283
34,147000,15000,8.94,0.1,5,False,0,0,0.041349981743989656
27,45000,10400,14.65,0.23,9,False,0,0,0.36757501785938573
29,73000,12000,7.29,0.16,10,False,0,0,0.086658137317567
23,277000,35000,0.0,0.13,4,False,0,0,0.0035301833577645373
27,78000,6775,10.59,0.09,5,False,1,0,0.08835205101532506
25,61000,6000,0.0,0.1,3,False,0,0,0.03052487656714705
26,54996,5000,11.86,0.09,2,False,0,0,0.1207657172364831
29,21424,7750,7.51,0.36,10,False,1,1,0.5284886057269623
24,425000,10000,7.88,0.02,3,False,0,0,0.00894060543679
27,77976,10000,13.85,0.13,5,True,1,0,0.2563594050943846
30,12000,1800,14.35,0.15,5,True,0,0,0.481421838640608
36,45000,6000,9.99,0.13,12,False,0,0,0.13670018789981858
29,65000,7000,0.0,0.11,10,False,0,0,0.031058721294737673
27,39600,2500,20.86,0.06,8,True,1,0,0.42133772394615776
32,60000,13250,11.83,0.22,10,False,0,0,0.2304384221768391
25,35000,13750,7.51,0.39,4,False,1,1,0.5025898867212288
25,50004,10000,7.29,0.2,3,False,0,0,0.14847715883925666
22,100000,10000,10.74,0.1,3,False,0,0,0.07627116464903869
23,11820,1000,14.65,0.08,3,False,0,0,0.20348346742656112
26,32000,6375,10.74,0.2,2,False,0,0,0.2636179212909548
23,54400,12000,15.62,0.19,3,False,1,0,0.2795109433703407
22,74000,10000,7.51,0.14,2,False,1,0,0.08253574755861494
24,65000,21250,15.95,0.33,4,True,1,1,0.6361994387238072
23,54000,7750,10.38,0.14,4,False,1,0,0.1359949014537507
22,40000,4500,7.66,0.11,3,False,0,0,0.09553785759139322
24,118300,15000,12.68,0.13,4,False,0,0,0.09024753490285504
25,42000,6000,8.94,0.14,2,False,0,0,0.13353774612817984
22,55000,16000,0.0,0.29,3,True,0,0,0.1835026514372259
28,70000,4000,6.39,0.06,8,False,0,0,0.04867242437101544
29,50000,4000,10.78,0.08,5,False,0,0,0.10497993217159621
21,35000,10000,0.0,0.29,4,False,0,0,0.1515926101319222
23,76000,20000,10.37,0.26,3,False,0,0,0.18852087375567508
37,47908,10950,5.99,0.23,13,False,0,0,0.16119533332658637
29,33000,7100,16.77,0.22,7,False,0,0,0.4691840691242318
27,48000,12000,7.66,0.25,10,False,0,0,0.20947242644611389
41,23400,5375,0.0,0.23,16,False,0,0,0.12184308993060183
25,90000,20000,0.0,0.22,3,True,0,0,0.07270583622747687
26,42000,4800,14.27,0.11,2,True,1,0,0.3159502710866551
24,43000,9250,13.11,0.22,2,False,0,0,0.3213880673848823
31,250000,4000,14.22,0.02,10,True,0,0,0.0894106870153474
21,39327,3000,13.67,0.08,2,False,1,0,0.15407476469436518
25,14400,1500,12.99,0.1,2,True,1,0,0.32183343698550365
27,30000,4975,10.37,0.17,9,False,0,0,0.21374105154845016
33,103000,24000,7.49,0.23,10,False,0,0,0.07994382347157522
22,52000,12000,13.57,0.23,2,True,0,0,0.4653962579082532
23,37000,3600,15.62,0.1,4,False,1,0,0.21655371943233503
36,30000,8000,9.99,0.27,15,False,0,0,0.37368933501911494
29,52000,12000,7.9,0.23,7,False,0,0,0.18303482178995784
27,33600,5400,5.42,0.16,6,False,0,0,0.11388341654789899
24,70000,25000,10.62,0.36,2,False,0,0,0.3315703113833223
34,84000,9250,11.36,0.11,8,False,0,0,0.10043323400664655
31,70000,4000,6.54,0.06,7,False,0,0,0.0501925220581469
31,57006,6000,7.29,0.11,10,False,0,0,0.08071808046286329
40,80000,6000,8.94,0.07,11,False,0,0,0.06443122803451529
44,80000,10000,6.03,0.13,15,False,0,0,0.06417566729329777
24,45000,10000,6.54,0.22,3,False,0,0,0.16432759298629177
25,35364,10000,9.32,0.28,3,False,0,0,0.3454698230296856
29,79200,8000,5.42,0.1,9,False,0,0,0.04898966591587137
32,84000,15000,10.99,0.18,7,False,0,0,0.13131334612961124
22,40000,5000,6.03,0.13,2,False,0,0,0.09295362228895646
28,55000,2400,0.0,0.04,8,False,0,0,0.021283839262369843
24,16020,3625,17.14,0.23,2,True,1,1,0.7201194401698214
23,42000,4400,11.89,0.1,4,False,0,0,0.13961052019794762
45,125000,10000,0.0,0.08,12,False,0,0,0.01675310464057524
46,82000,16000,10.99,0.2,16,False,0,0,0.15145912968516526
24,42000,11000,5.42,0.26,4,False,0,0,0.19488393428900364
34,72000,10000,13.49,0.14,8,True,0,0,0.2738012755754129
32,74000,1200,7.49,0.02,9,False,0,0,0.04441353355555949
35,45000,5500,6.92,0.12,6,False,0,0,0.09261990723904151
41,35100,4650,7.88,0.13,17,False,0,0,0.12011056615944046
26,31200,9250,7.9,0.3,2,False,0,0,0.36597946444004886
26,104004,15000,14.22,0.14,2,False,0,0,0.12377893233429874
23,30000,12000,8.94,0.4,4,False,0,1,0.6002942776879239
32,52000,7125,7.49,0.14,10,False,0,0,0.10390452983717079
22,38400,4000,10.59,0.1,3,False,0,0,0.12504279151807238
22,28880,2000,8.59,0.07,3,False,0,0,0.08746905206346553
28,68804,22000,6.99,0.32,6,False,0,0,0.20255722736184015
22,100000,6000,12.98,0.06,2,True,0,0,0.15271909396766165
25,60000,7000,9.25,0.12,4,False,0,0,0.1035212670967759
22,36000,5075,0.0,0.14,2,False,0,0,0.05094667015701857
26,30000,1000,9.63,0.03,3,False,0,0,0.07269276042897166
44,58000,6400,16.29,0.11,13,False,0,0,0.214642242232866
22,42000,5000,12.87,0.12,4,False,0,0,0.1773395682807624
33,48000,3500,11.86,0.07,10,False,0,0,0.11169514180980752
39,150500,21000,0.0,0.14,12,False,0,0,0.014137334872616265
25,39600,5000,8.88,0.13,3,False,0,0,0.12870376895388314
27,200000,10000,7.51,0.05,10,False,0,0,0.023367006710028723
26,53000,10000,8.59,0.19,4,False,0,0,0.15526830232080166
28,42000,12000,11.11,0.29,9,False,0,0,0.3853760869693307
26,70000,8000,10.0,0.11,2,False,0,0,0.09541479514843694
27,75800,2475,6.54,0.03,8,False,0,0,0.039732252336028964
22,190000,12600,6.92,0.07,3,False,0,0,0.023506087460150437
28,350000,20000,0.0,0.06,9,False,0,0,0.0034489349062712202
29,120000,15000,6.91,0.13,7,False,0,0,0.04601737880581353
35,65004,6000,7.29,0.09,10,False,0,0,0.0662217249397976
32,29000,9450,16.29,0.33,8,False,1,1,0.690072670490147
31,60000,5100,10.75,0.09,8,False,0,0,0.10445578952524497
28,30784,6000,9.32,0.19,8,False,0,0,0.21562852344325012
33,18000,500,0.0,0.03,6,False,0,0,0.024873548062999847
31,36000,4800,7.51,0.13,5,False,0,0,0.11446485369469118
22,33996,10000,14.96,0.29,3,True,0,1,0.6936930108026608
34,19200,5000,6.99,0.26,7,False,1,0,0.3195784680012253
25,36400,11000,12.29,0.3,3,False,0,0,0.4675569142864422
23,78000,8100,7.29,0.1,2,False,0,0,0.06110819709406723
23,83000,20000,14.54,0.24,4,True,0,0,0.37529310971751045
22,140000,14000,13.11,0.1,3,False,0,0,0.07096867525852209
23,78000,25000,0.0,0.32,2,True,1,0,0.14070345500718
26,81360,6000,7.9,0.07,4,False,0,0,0.055399057305849174
26,90000,6000,9.91,0.07,3,False,0,0,0.06854910981567537
30,19200,4750,13.61,0.25,8,True,1,1,0.6516646764592432
33,12000,1000,7.88,0.08,7,False,1,0,0.10047063560859622
21,47208,3000,13.92,0.06,2,True,0,0,0.2237659409971091
27,69000,9000,16.77,0.13,6,True,1,0,0.3516344685792684
24,78000,4500,12.69,0.06,3,False,0,0,0.0964250894563135
27,12000,8125,14.42,0.68,5,True,1,1,0.9924150015023898
48,33500,1500,14.74,0.04,11,False,1,0,0.14226205058556582
22,95004,7200,10.95,0.08,4,False,0,0,0.07692695903647914
26,45000,9000,10.39,0.2,2,False,0,0,0.21857617654987374
35,58788,2200,11.99,0.04,6,False,0,0,0.09152331596379294
29,56000,3500,10.37,0.06,7,False,0,0,0.08384770853574622
23,62900,16000,16.35,0.22,4,False,1,0,0.30388291181225424
27,45600,1450,8.49,0.03,9,False,0,0,0.05825277309966133
34,76000,6000,0.0,0.08,10,False,0,0,0.024132806926882945
24,77496,9000,12.84,0.12,4,False,0,0,0.13107485196604488
25,51000,7000,7.88,0.14,4,False,0,0,0.10912283394492947
22,60000,5000,7.9,0.08,2,False,0,0,0.06835384849759098
26,55000,4500,8.49,0.08,3,False,0,0,0.07721051582288936
22,61000,16000,0.0,0.26,2,True,0,0,0.1404943352208859
21,89610,5600,6.54,0.06,4,False,0,0,0.0420092834133087
27,60000,10000,7.49,0.17,7,False,0,0,0.11284184429065132
24,15000,4200,13.11,0.28,2,True,1,1,0.7133297514489353
25,25000,9250,10.75,0.37,3,False,1,1,0.6285609241117917
30,144000,5000,16.32,0.03,7,True,0,0,0.15878939482751517
23,51852,10000,8.59,0.19,2,False,0,0,0.15524058113446026
28,24000,8875,10.65,0.37,7,False,1,1,0.6311721197085494
23,77004,12000,5.79,0.16,3,False,0,0,0.0721295090731689
31,34580,3000,11.49,0.09,6,False,1,0,0.13724337984435223
24,40944,8200,11.36,0.2,2,False,0,0,0.2502676649917781
21,51000,13000,0.0,0.25,3,False,0,0,0.08648636717716165
24,130000,15000,14.26,0.12,4,True,0,0,0.16846859879156165
26,90000,10000,6.62,0.11,4,False,0,0,0.05382719221263145
23,96000,12000,7.49,0.13,4,False,0,0,0.06247693953446753
29,48000,25000,13.61,0.52,8,True,1,1,0.8817558396096988
24,100000,24000,10.99,0.24,4,False,0,0,0.12944703656376186
26,33000,3000,5.99,0.09,4,False,0,0,0.07355168387076402
28,72000,15000,6.54,0.21,6,False,0,0,0.10749597789237188
24,45000,5000,7.88,0.11,3,False,0,0,0.0944736140088805
23,35000,7000,6.03,0.2,2,False,0,0,0.15764290209966592
36,29500,1250,11.83,0.04,15,False,0,0,0.10090265918650176
26,71000,6000,15.62,0.08,3,False,0,0,0.15044665800721216
25,50000,5000,11.36,0.1,2,False,0,0,0.12626783877029257
23,60000,8000,10.25,0.13,3,False,0,0,0.11946004694092442
26,80000,14000,0.0,0.17,2,False,0,0,0.03564295468187642
32,105000,20000,6.54,0.19,9,False,0,0,0.061399472275924606
21,45432,5000,9.88,0.11,4,False,0,0,0.11665395373826125
22,67500,5000,7.74,0.07,4,False,0,0,0.05931200989319254
34,80000,15000,6.03,0.19,10,False,0,0,0.08317183396563983
24,115000,15000,11.48,0.13,3,False,0,0,0.07965302114250551
23,60000,21000,11.71,0.35,4,False,0,0,0.40184000935274605
22,34500,12000,14.84,0.35,2,True,1,1,0.7834323011437698
22,49000,7600,15.62,0.16,4,False,1,0,0.2751034331370571
28,70000,10000,13.48,0.14,9,True,0,0,0.27010799297565474
24,54000,20000,17.04,0.37,3,True,1,1,0.7709601722035575
32,128004,11000,0.0,0.09,8,False,0,0,0.016715354179217944
29,55992,5000,0.0,0.09,10,False,0,0,0.02959630171872531
23,54000,8500,12.42,0.16,2,False,0,0,0.19288281677231117
21,81600,14400,6.92,0.18,4,False,0,0,0.08445506678758445
24,55000,8000,8.49,0.15,3,False,0,0,0.11951581178366623
22,85200,20000,15.65,0.23,4,True,1,0,0.3818354257571637
25,58000,6900,7.66,0.12,4,False,0,0,0.08743675363694703
24,69000,10000,17.14,0.14,4,False,1,0,0.2341993348878442
32,51996,10000,5.79,0.19,9,False,0,0,0.1153907498755659
27,92508,13000,7.14,0.14,5,False,0,0,0.06351628877813786
27,24000,1450,0.0,0.06,9,False,0,0,0.030043069231454236
25,28000,2400,11.49,0.09,3,False,0,0,0.14290566359425616
27,120000,7000,7.14,0.06,10,False,0,0,0.037878684195499654
22,70000,5000,6.03,0.07,2,False,0,0,0.048345473598723133
31,100000,9950,5.42,0.1,7,False,0,0,0.04150494682041772
38,65000,3600,8.88,0.06,15,False,0,0,0.06863343497680974
27,77000,15000,17.74,0.19,6,True,1,0,0.4306467745719988
25,65000,15000,11.86,0.23,3,False,0,0,0.22680579512568702
26,182000,24000,0.0,0.13,4,False,0,0,0.009465406375632517
37,117000,8000,13.06,0.07,13,False,0,0,0.08176064456739769
29,18000,3000,12.69,0.17,5,False,1,0,0.3031796933280359
23,40000,6000,0.0,0.15,2,False,0,0,0.052643203561302976
25,76000,5000,17.19,0.07,3,True,1,0,0.28115466302696335
29,30992,8000,11.58,0.26,9,False,1,0,0.39507932376826216
26,82700,12000,6.91,0.15,4,False,0,0,0.07404607422242213
29,83500,8000,11.49,0.1,8,False,0,0,0.09832501252396844
25,45000,11000,9.25,0.24,2,False,0,0,0.2423425487106479
35,114000,7000,11.49,0.06,10,False,0,0,0.06645438826501954
23,30000,8000,13.49,0.27,2,True,0,1,0.6396462895071852
31,50000,12000,6.03,0.24,6,False,0,0,0.16617609338869285
25,67200,12000,13.49,0.18,4,True,0,0,0.3323385960937631
31,92000,3500,5.79,0.04,6,False,0,0,0.03649040686446359
31,128000,35000,15.99,0.27,6,False,1,0,0.15143083451581366
37,110000,12000,7.88,0.11,16,False,0,0,0.05232090096890162
24,83000,5775,9.99,0.07,4,False,0,0,0.07091354774261922
34,175000,12000,10.74,0.07,7,False,0,0,0.04173087088907738
23,29000,1600,7.88,0.06,3,False,1,0,0.07536323370466534
27,115000,8000,7.51,0.07,7,False,0,0,0.042168637022602956
21,34500,1000,16.45,0.03,2,False,1,0,0.151869671829692
36,80000,6000,0.0,0.07,14,True,0,0,0.040522150595897845
32,68000,3800,16.89,0.06,8,True,0,0,0.2749870230857421
21,29004,11000,14.22,0.38,2,False,1,1,0.7172656420313293
22,42500,3200,7.49,0.08,4,False,0,0,0.07564740395195284
21,45000,9000,8.49,0.2,3,False,0,0,0.17762023444873415
25,133900,7500,13.49,0.06,2,True,1,0,0.13691159715258058
24,135000,21000,10.74,0.16,2,False,0,0,0.06497107741482701
25,55000,8500,0.0,0.15,2,False,0,0,0.043731659745706565
23,95000,12000,9.63,0.13,4,False,0,0,0.08039467131864181
22,53000,10000,9.99,0.19,4,False,0,0,0.17767042773504882
32,33280,2400,10.59,0.07,10,False,0,0,0.10707372301828552
24,50000,10000,11.71,0.2,2,False,0,0,0.23274173225252898
32,70000,15000,14.27,0.21,5,True,0,0,0.38473941850822063
28,56000,12000,14.72,0.21,7,True,0,0,0.4491203393850962
31,60000,8800,7.51,0.15,9,False,0,0,0.10155080337682021
37,74000,19200,12.87,0.26,12,True,1,0,0.3973342359522463
24,27000,10000,0.0,0.37,2,False,0,0,0.2944583445265045
24,85000,4400,7.4,0.05,2,False,0,0,0.04676617020280683
32,75000,2000,15.65,0.03,10,True,0,0,0.20652436677806288
22,60000,3700,10.37,0.06,4,False,0,0,0.08084152323897989
52,54000,1500,8.49,0.03,24,False,1,0,0.05868408876477722
37,88824,3600,6.62,0.04,17,False,0,0,0.0399317115937905
33,65004,8000,11.49,0.12,9,False,0,0,0.12522716323824512
28,50000,6000,10.59,0.12,5,False,0,0,0.13125421937870102
25,45996,11500,12.53,0.25,4,False,0,0,0.33886572394324754
39,49000,15175,19.13,0.31,11,True,1,1,0.7701351228293094
23,65000,12500,11.48,0.19,4,False,0,0,0.17740942132891777
23,75000,8000,13.79,0.11,3,False,0,0,0.1413555247958828
23,100000,14000,6.17,0.14,3,False,0,0,0.05189024675577162
31,80000,12750,7.29,0.16,10,False,0,0,0.08189396041418781
28,62500,12000,0.0,0.19,7,False,0,0,0.050865550800110126
24,50000,11000,16.89,0.22,3,False,0,0,0.3997030270592548
23,75000,2000,5.79,0.03,3,False,0,0,0.037500934779113426
25,182952,15000,6.03,0.08,3,False,0,0,0.020813742862613636
22,30000,2000,12.61,0.07,4,False,0,0,0.13611060757204063
28,84000,15000,11.86,0.18,9,False,0,0,0.14178161349911306
34,60000,12000,6.92,0.2,9,False,0,0,0.12608840679221256
28,50000,16200,13.99,0.32,6,True,1,1,0.6405385386558758
29,9600,2600,12.69,0.27,7,False,1,1,0.554812279857476
22,62000,6000,13.92,0.1,4,False,0,0,0.15052384752177886
26,62004,24000,7.9,0.39,3,False,1,0,0.34321293090996463
23,78000,16000,11.89,0.21,3,False,0,0,0.17734733988685053
23,55000,8000,13.11,0.15,3,False,0,0,0.1944307315325322
30,100000,12000,8.9,0.12,10,False,0,0,0.0665765949154389
32,75000,10000,11.89,0.13,5,False,0,0,0.12581128617355844
33,45000,8000,16.49,0.18,6,True,1,1,0.504113622454641
51,38000,13000,12.42,0.34,18,False,1,1,0.5506310582311638
35,100000,9000,10.99,0.09,8,False,0,0,0.07773903702877097
33,50000,4000,5.42,0.08,10,False,0,0,0.05641073878978019
23,67000,20000,11.11,0.3,2,False,0,0,0.28258883167800763
26,125000,12000,6.99,0.1,4,False,0,0,0.0408103094393465
27,75500,9000,7.9,0.12,5,False,0,0,0.0760720275140447
25,30720,11000,13.72,0.36,2,False,1,1,0.6626455523620404
24,38000,10000,0.0,0.26,4,False,0,0,0.11674153217347877
37,56000,13000,9.63,0.23,17,False,0,0,0.20461065483259594
28,64000,5000,13.23,0.08,6,False,0,0,0.12461953199616961
36,24000,8000,13.61,0.33,14,False,1,1,0.6374101895961783
24,85000,16000,11.99,0.19,3,False,0,0,0.1489833944906783
29,120000,9000,10.25,0.07,10,False,0,0,0.05417937309495517
42,78000,8000,10.78,0.1,13,True,0,0,0.16750676159851924
37,43000,8500,8.88,0.2,11,False,0,0,0.19513172242901916
27,150792,6000,11.71,0.04,9,False,0,0,0.052194698499254275
23,38800,14575,0.0,0.38,4,False,1,0,0.2495047606807099
22,48000,7200,9.62,0.15,4,False,0,0,0.14260720915475125
27,94500,10000,14.26,0.11,5,False,0,0,0.1274658991596159
30,58000,6000,5.79,0.1,5,False,0,0,0.06227010115403327
24,90000,12000,0.0,0.13,4,True,0,0,0.04883066034024182
24,87000,25000,14.84,0.29,3,False,0,0,0.2817945614965625
24,78400,17400,13.48,0.22,2,False,0,0,0.2116915136209359
28,49000,3600,13.98,0.07,9,True,1,0,0.23569243110076699
24,168288,1800,11.12,0.01,3,False,0,0,0.04451980324479089
33,84000,20000,14.61,0.24,5,True,0,0,0.3839644278370939
29,27911,5000,17.51,0.18,7,False,1,0,0.4283867755168149
21,32000,8000,5.99,0.25,3,False,0,0,0.22462161876249653
22,69500,6000,13.48,0.09,3,False,0,0,0.12925918604592299
27,47232,8000,5.42,0.17,9,False,0,0,0.10303167793585277
27,50100,6600,8.0,0.13,7,False,0,0,0.10333568431613784
27,90000,10000,8.94,0.11,7,False,0,0,0.0703025113917093
25,120000,21000,7.9,0.17,2,False,0,0,0.053675473852149595
21,50000,7000,10.59,0.14,3,False,0,0,0.14585994598653335
32,162000,20000,6.99,0.12,9,False,0,0,0.027630029195326224
21,41000,4500,13.49,0.11,3,False,1,0,0.17889131585289028
22,25000,6000,11.89,0.24,2,False,0,0,0.3897321857164496
24,44000,10000,9.99,0.23,3,False,0,0,0.2516075547130176
27,36996,5775,14.91,0.16,7,False,0,0,0.2891469696188487
26,49000,20000,19.79,0.41,3,False,1,1,0.7907574224311824
22,15000,4950,8.9,0.33,4,False,1,1,0.5432542816157309
28,55000,20000,6.62,0.36,6,False,0,0,0.30011979431609265
22,54566,4000,12.53,0.07,2,False,0,0,0.11366431194207734
25,52000,6000,9.32,0.12,2,False,0,0,0.11341501932726532
23,28000,7000,10.62,0.25,2,False,0,0,0.36022452531196747
24,44000,4000,0.0,0.09,3,False,0,0,0.03277659168294259
34,60000,6000,8.0,0.1,9,False,0,0,0.08013397962570679
23,29700,4000,10.74,0.13,4,False,0,0,0.1685283253308735
23,42000,5200,10.25,0.12,4,False,0,0,0.1333551537763655
41,73000,8550,14.3,0.12,16,False,1,0,0.16163086268864305
23,62004,9600,10.95,0.15,3,False,0,0,0.14029546909835539
24,45000,4000,15.99,0.09,4,False,1,0,0.199850768452979
22,36050,6700,14.11,0.19,4,True,1,0,0.47401559569199553
24,56000,12800,0.0,0.23,4,False,0,0,0.07205255575780253
45,31200,4000,14.96,0.13,17,True,0,0,0.40540240614297585
23,30000,9500,15.31,0.32,2,False,1,1,0.6361748155885086
27,75288,18050,10.0,0.24,10,False,0,0,0.16876332500864547
22,72000,15000,10.25,0.21,3,False,0,0,0.15939781058713934
28,94000,3700,7.9,0.04,9,False,0,0,0.045312650154167154
26,75000,6500,8.9,0.09,4,False,0,0,0.07450999445222835
26,58000,10500,11.48,0.18,2,False,0,0,0.18651510411686245
28,37000,3600,14.11,0.1,7,False,0,0,0.18732871756089226
28,160000,34000,9.91,0.21,7,False,0,0,0.041248638057076376
24,80000,18000,10.62,0.23,2,False,0,0,0.16597815844124666
31,66000,21000,10.37,0.32,10,False,1,0,0.2933946291477335
33,42000,3600,12.68,0.09,5,True,0,0,0.2525334774404851
30,130000,27000,11.71,0.21,6,False,0,0,0.08436132202883968
26,175000,17000,9.88,0.1,2,False,0,0,0.03707404107165822
24,33600,10000,9.88,0.3,4,False,1,0,0.40893819533287656
24,64000,4000,20.89,0.06,2,True,1,0,0.3832496080170526
33,100000,6400,7.29,0.06,9,False,0,0,0.04350922646412056
28,50000,10000,7.88,0.2,7,False,0,0,0.15774517461499704
31,32400,3000,7.49,0.09,10,False,0,0,0.08743225775256401
31,125000,30000,7.51,0.24,9,False,0,0,0.058292375013341356
26,90000,8000,5.42,0.09,3,False,0,0,0.0434024379798467
22,85000,15000,6.03,0.18,2,False,0,0,0.0735941499626851
24,20000,3600,11.71,0.18,4,False,0,0,0.28667567823145657
31,26010,6500,9.99,0.25,9,False,0,0,0.35180783346032407
24,95000,10000,15.23,0.11,4,False,0,0,0.14054607926862955
31,62000,6550,5.79,0.11,5,False,0,0,0.06571269976758776
27,85000,10000,13.23,0.12,7,False,0,0,0.12703282316523518
30,48000,8500,7.49,0.18,8,False,0,0,0.13902645597922897
27,45000,7600,14.59,0.17,8,True,1,0,0.4194592054306989
28,44500,6000,8.0,0.13,9,False,0,0,0.10825068233813036
21,27996,14075,0.0,0.5,2,False,1,1,0.5429732779710371
39,69000,15000,14.42,0.22,12,False,1,0,0.2689745255350186
23,81000,10000,8.88,0.12,4,False,0,0,0.07843532425998775
30,79200,9000,8.49,0.11,8,False,1,0,0.07344080116429645
21,48996,15000,15.58,0.31,3,True,1,1,0.6766479545447471
25,118000,25000,11.12,0.21,2,False,0,0,0.09099787148860736
30,52000,9000,12.49,0.17,6,True,0,0,0.33629842999648085
26,35000,2000,13.99,0.06,2,False,0,0,0.14532139343513156
22,52000,10000,11.71,0.19,3,False,0,0,0.21245384617779828
24,60000,4800,6.54,0.08,4,False,0,0,0.058968864279667715
33,41277,3000,10.0,0.07,8,False,1,0,0.09554058207220632
23,11000,1200,6.91,0.11,3,False,0,0,0.11484697781517007
32,75000,12000,10.65,0.16,5,False,0,0,0.12851122961543052
22,20160,2600,6.92,0.13,4,False,0,0,0.12329302577420889
25,96000,35000,7.49,0.36,3,False,0,0,0.1431402707884519
21,41900,16000,12.84,0.38,2,True,1,1,0.7436426738015238
24,59000,21500,16.89,0.36,3,False,1,1,0.5820974335462973
22,101000,25000,0.0,0.25,3,True,0,0,0.06941054605297778
23,36000,5500,17.14,0.15,3,True,0,0,0.4882900298728602
22,48000,2600,11.12,0.05,3,False,0,0,0.0888187292291918
26,220836,9000,11.26,0.04,2,False,0,0,0.033963218997512486
22,41000,11000,12.18,0.27,4,False,0,0,0.3835895047927707
30,30000,5100,7.9,0.17,8,False,0,0,0.16712152470070082
23,69935,7200,7.49,0.1,3,False,0,0,0.06730127355465822
24,112000,15000,15.31,0.13,4,False,0,0,0.12341040923568687
32,703800,12000,15.33,0.01,9,True,1,0,0.014188309990894122
22,46800,3600,7.14,0.08,3,False,0,0,0.07029760588567607
23,50004,5600,10.59,0.11,4,False,0,0,0.12129753396569452
29,74000,6000,5.42,0.08,10,False,0,0,0.04603428735959282
34,57912,5600,5.42,0.1,8,False,0,0,0.061260596093188326
35,63000,4000,11.14,0.06,8,False,0,0,0.08862535947749949
21,200000,25000,13.99,0.13,2,False,0,0,0.0461825336287736
22,124000,11000,0.0,0.09,3,False,0,0,0.016625749422930065
24,70000,10000,7.74,0.14,3,False,0,0,0.08604970180805765
23,110000,3000,14.22,0.03,3,False,0,0,0.08598422342555405
34,65000,17900,7.9,0.28,8,False,0,0,0.2007480983466497
29,89004,4800,14.11,0.05,8,True,0,0,0.1738761468970441
22,21600,4000,12.99,0.19,2,False,0,0,0.3361177824434419
39,45500,10000,16.29,0.22,15,False,0,0,0.4030515864345782
21,39900,6000,11.49,0.15,3,False,0,0,0.18847717380519682
21,30000,7000,10.99,0.23,2,False,1,0,0.32238889568783435
33,57000,10000,15.68,0.18,8,True,1,0,0.4371229500677583
23,108000,18000,11.26,0.17,2,False,1,0,0.09683663598402333
35,94000,15000,9.88,0.16,10,False,0,0,0.09434699218305441
23,55000,5000,11.11,0.09,2,False,0,0,0.11011603760549948
26,32500,3500,8.59,0.11,2,False,0,0,0.11622318853551662
27,104525,6000,7.4,0.06,8,False,0,0,0.04376137358305639
48,120000,3600,0.0,0.03,16,False,0,0,0.01521094195189231
22,54000,6000,12.98,0.11,3,False,0,0,0.15207891807800153
27,67000,2800,13.04,0.04,7,False,0,0,0.09467846781954108
28,35000,2400,7.29,0.07,9,False,1,0,0.07237611617801276
27,90000,10000,7.49,0.11,10,False,0,0,0.05877964829064218
25,31200,7000,7.88,0.22,2,False,0,0,0.22734365316056687
24,51480,12000,7.88,0.23,2,False,0,0,0.18272820636369883
24,71000,11200,11.36,0.16,3,False,0,0,0.14375437798506158
23,27996,9250,10.75,0.33,2,False,0,1,0.5274289765269979
22,65000,7200,8.9,0.11,2,False,0,0,0.08820932412151442
33,41916,7000,10.36,0.17,8,False,0,0,0.1911572254298909
23,43200,13000,15.95,0.3,2,False,0,1,0.5450189675983929
24,48000,17000,6.91,0.35,4,False,0,0,0.32911868646029996
26,51000,3500,13.24,0.07,4,True,1,0,0.2208955700965964
34,80000,30000,6.62,0.38,5,False,1,0,0.21173166269012636
22,52000,14825,15.62,0.29,3,False,1,0,0.4729239687739614
23,157500,10000,12.69,0.06,2,False,0,0,0.05557367258804743
30,36000,5000,10.75,0.14,5,False,0,0,0.17438503060768265
28,266000,9000,5.42,0.03,10,False,0,0,0.012791249134358166
32,37300,5000,12.53,0.13,9,False,0,0,0.19114007153454352
25,50400,12000,9.62,0.24,4,False,0,0,0.2352941258304333
24,56000,13000,8.94,0.23,3,False,0,0,0.19089445623722434
23,140000,12000,8.49,0.09,3,False,0,0,0.04205577945597512
24,96500,14000,17.19,0.15,4,False,0,0,0.19592894920302292
25,48000,7200,11.36,0.15,3,False,0,0,0.17333360016683774
25,140004,4500,12.87,0.03,4,False,0,0,0.061889310372263306
31,138000,35000,7.49,0.25,5,False,1,0,0.046557447617348105
26,40000,10000,16.89,0.25,3,False,0,0,0.49899588397814687
33,35000,6000,5.42,0.17,6,False,0,0,0.12222396789683722
26,30000,3500,8.0,0.12,4,False,0,0,0.11918044339941179
27,44000,6400,13.85,0.15,10,False,0,0,0.2308187879281808
26,96000,12000,13.11,0.13,4,False,0,0,0.11985880928409547
29,125000,3400,9.91,0.03,7,False,0,0,0.04883696946749976
23,85000,10000,10.36,0.12,4,False,0,0,0.09184383619480044
31,30000,6600,16.49,0.22,6,True,1,1,0.6333852492301151
45,19368,6700,12.92,0.35,15,True,1,1,0.810971025587079
34,135000,8000,9.32,0.06,5,False,0,0,0.04603004011617113
29,44875,7500,8.32,0.17,8,False,0,0,0.14777191524108602
23,64000,3500,14.72,0.05,2,True,1,0,0.210388039974371
30,96000,17000,10.62,0.18,10,False,0,0,0.10777637647030186
23,43000,15600,0.0,0.36,4,False,0,0,0.2011676376703097
28,95000,23450,7.9,0.25,5,False,0,0,0.10603399419248404
69,120000,20000,14.84,0.17,27,False,0,0,0.13389390332686849
27,39000,5000,18.79,0.13,10,True,1,0,0.4926904519446771
36,42000,2000,15.62,0.05,14,True,0,0,0.2611378900852376
27,45727,1000,16.29,0.02,9,True,0,0,0.22720501425531603
31,89000,14000,10.65,0.16,10,False,0,0,0.10894734388648414
24,44000,8500,7.51,0.19,4,False,0,0,0.15250612473197284
28,34000,8000,12.69,0.24,9,False,1,0,0.3771826951177726
25,73000,12000,7.49,0.16,3,False,0,0,0.08936162222992008
22,70800,10000,12.61,0.14,2,True,0,0,0.24899307957845937
30,180000,6000,6.62,0.03,8,False,0,0,0.023679017051061742
26,55000,7000,12.53,0.13,4,False,0,0,0.16421073474247155
30,72000,3000,9.99,0.04,9,False,0,0,0.06509508929536428
22,51000,3200,10.99,0.06,2,False,0,0,0.09220520419584025
22,50004,4000,6.92,0.08,4,False,0,0,0.06612519896467264
23,25000,5000,9.32,0.2,2,False,0,0,0.24811798155356865
21,19200,7000,14.35,0.36,2,False,1,1,0.7354471104913413
23,32000,7000,14.26,0.22,4,False,1,0,0.3918105466978717
22,56000,14000,14.35,0.25,4,True,0,1,0.5046838685522954
33,30784,9950,12.99,0.32,8,False,1,1,0.5629766373492077
23,69000,9000,5.99,0.13,3,False,0,0,0.06774317894249861
22,62250,24000,16.45,0.39,4,True,1,1,0.7426031587343708
28,70000,5600,6.62,0.08,5,False,0,0,0.055681957108451016
25,41000,3000,0.0,0.07,3,False,0,0,0.028980586000914042
22,22000,4350,11.54,0.2,3,False,0,0,0.3126874463930471
21,22000,7350,7.66,0.33,2,False,0,0,0.4629208862594043
23,65000,15000,11.12,0.23,3,False,0,0,0.20980901305008395
32,54000,13000,12.53,0.24,10,True,0,0,0.44347200931930214
22,30000,6500,13.85,0.22,3,False,0,0,0.38835195637877784
30,34000,4000,13.49,0.12,5,False,1,0,0.2066593533788449
25,36000,5000,0.0,0.14,4,False,0,0,0.05136084603909814
30,36000,10000,12.69,0.28,10,False,0,0,0.44425621762039436
28,60000,3000,11.49,0.05,5,False,0,0,0.08858984058695604
27,244000,15000,14.42,0.06,5,True,0,0,0.07281444592929749
30,69996,2000,10.65,0.03,9,False,0,0,0.06818682229294924
40,275004,24500,10.99,0.09,13,False,0,0,0.0181701041407492
34,69204,10000,12.18,0.14,6,False,0,0,0.14443572391630902
22,37000,5700,5.42,0.15,4,False,0,0,0.10041474432414738
24,83000,8300,7.88,0.1,2,False,0,0,0.06397445708324542
24,72000,20000,11.83,0.28,2,False,0,0,0.2581467199720894
26,52000,7000,7.88,0.13,3,False,0,0,0.10001782849765432
30,120000,4800,10.36,0.04,8,False,0,0,0.05308837235428175
27,120000,8400,7.14,0.07,8,False,0,0,0.038668265076960216
25,30000,3000,13.61,0.1,2,False,0,0,0.18770562788588308
25,30000,10625,16.49,0.35,4,False,0,1,0.7191880904340519
24,95000,12000,7.88,0.13,3,False,0,0,0.06600986205149482
22,22596,7500,9.76,0.33,3,False,1,1,0.5259080251171364
27,180000,8000,10.37,0.04,5,False,0,0,0.036557115223568415
32,120000,6600,7.49,0.06,7,False,0,0,0.04150475271220503
39,101000,2500,13.47,0.02,17,True,0,0,0.1378429720497535
34,75000,6500,9.38,0.09,7,False,0,0,0.08008145101692075
24,33000,4000,13.04,0.12,4,False,0,0,0.19531715005463357
27,49000,8500,10.59,0.17,10,False,0,0,0.17427935142908177
26,46800,12500,11.86,0.27,3,False,0,0,0.35249961352225123
29,30108,1400,8.9,0.05,9,False,1,0,0.07800050155748023
23,140000,16400,15.96,0.12,3,True,0,0,0.18214437767580036
28,47831,16000,13.85,0.33,7,False,1,1,0.505527156550578
24,107203,6000,7.4,0.06,2,False,0,0,0.04376797650971565
33,41000,9000,0.0,0.22,9,False,0,0,0.08627600192149648
21,41200,8000,11.48,0.19,3,False,0,0,0.23415576222380508
29,143000,16800,6.17,0.12,9,False,0,0,0.03178718499738792
26,72000,6600,0.0,0.09,2,False,0,0,0.025964041954262954
31,43000,5000,9.99,0.12,10,False,0,0,0.1316063323556817
23,50000,6000,13.49,0.12,3,False,0,0,0.17692547424883376
24,88000,15000,9.99,0.17,4,False,1,0,0.10466641940224886
31,155000,20000,10.74,0.13,6,False,0,0,0.04920766820515972
26,65000,10950,7.88,0.17,2,False,0,0,0.11155302957765328
24,57772,13500,13.99,0.23,2,False,0,0,0.3005946790852298
34,42000,5500,7.66,0.13,7,False,0,0,0.11051232945287053
28,39000,6000,8.63,0.15,7,False,0,0,0.1413530211745163
34,120000,7500,16.29,0.06,5,False,0,0,0.11120881420005992
26,88068,14400,0.0,0.16,2,False,0,0,0.030789289287274882
29,150000,7200,7.29,0.05,7,False,0,0,0.031986257620677534
22,56755,12000,10.99,0.21,2,False,0,0,0.20855491188094477
30,44208,7600,7.74,0.17,8,False,0,0,0.13879065333889376
28,70000,5000,6.99,0.07,9,False,0,0,0.054103362559056664
26,54080,5000,7.51,0.09,3,False,0,0,0.07374163701769504
29,115000,35000,15.28,0.3,5,True,0,0,0.3064204687455501
22,75000,9000,5.79,0.12,2,False,0,0,0.05911117043707078
22,97000,14000,11.48,0.14,2,False,1,0,0.09705745918667423
29,200000,6000,0.0,0.03,8,False,0,0,0.009782342584654487
27,12000,4000,14.22,0.33,7,True,1,1,0.8278585495559482
29,67000,10000,7.14,0.15,8,False,0,0,0.08896341920574374
23,80000,5000,5.42,0.06,2,False,0,0,0.03969429234658832
40,76000,5000,13.72,0.07,15,True,0,0,0.20419157556595927
27,39000,11000,16.07,0.28,9,True,1,1,0.6849119808031108
34,45000,12000,11.86,0.27,9,False,0,0,0.3627975351318881
49,61776,12000,12.21,0.19,12,False,0,0,0.2079455693508238
30,45000,3250,10.62,0.07,6,False,0,0,0.09962194470827523
22,34000,14000,10.62,0.41,4,False,1,1,0.6408641568306331
28,58000,4000,7.14,0.07,9,False,0,0,0.06052675080313673
34,48000,3600,10.37,0.07,5,False,0,0,0.09561475983876194
28,80000,12000,6.03,0.15,6,False,0,0,0.06741157260310945
25,63000,25000,11.49,0.4,2,False,0,0,0.45932448132526
27,32000,9850,8.94,0.31,5,False,0,0,0.41000649353238405
22,50724,6300,15.96,0.12,4,True,0,0,0.3542754765844366
30,55000,12000,10.38,0.22,10,False,0,0,0.21387482647609113
28,30000,7500,11.78,0.25,9,False,0,0,0.38431426318003065
31,170000,10000,13.49,0.06,8,True,0,0,0.10812412959586336
22,47500,6000,7.9,0.13,3,False,0,0,0.10597712011882604
23,95000,15000,15.05,0.16,2,True,0,0,0.2732986613668311
27,48000,9000,10.99,0.19,10,False,0,0,0.2089256279398719
26,36000,5000,12.29,0.14,3,True,1,0,0.3286209909644746
26,34000,1200,9.91,0.04,3,False,0,0,0.08050529270436946
25,56400,3500,15.62,0.06,4,False,1,0,0.14947577704104936
31,103000,20000,18.17,0.19,5,False,1,0,0.22207830430827016
23,50000,6000,11.48,0.12,4,False,1,0,0.14277580339778406
22,44094,3600,7.37,0.08,3,False,0,0,0.07279673545154026
29,46000,7500,14.35,0.16,5,True,0,0,0.3926010784185713
22,58650,16800,16.77,0.24,2,False,1,0,0.3527407138080412
22,60000,10000,5.42,0.17,2,False,0,0,0.0892607532346753
49,69000,16000,14.96,0.23,12,True,1,0,0.44934753966180035
23,34800,1000,11.99,0.03,4,False,0,0,0.09284001844963169
29,70000,5000,0.0,0.07,6,False,0,0,0.02356380180384525
33,57500,2000,0.0,0.03,5,False,0,0,0.020118584601302242
29,45600,2000,7.88,0.04,8,False,0,0,0.058291332872408945
31,65000,12000,7.49,0.18,6,False,0,0,0.11076467633266066
29,28800,4500,7.88,0.16,5,False,0,0,0.15941329008231153
35,38004,10000,9.99,0.26,7,False,0,0,0.3222763729114606
25,64000,8000,15.28,0.13,4,True,1,0,0.3270293482346209
32,37000,5000,9.62,0.14,7,False,0,0,0.15456488936046606
35,16800,3000,5.42,0.18,7,False,1,0,0.16459629914949145
33,77100,35000,8.49,0.45,9,False,1,0,0.33447433407447147
22,26784,5500,14.74,0.21,4,False,1,0,0.4073413760996696
24,56000,12250,6.03,0.22,4,False,0,0,0.13389870899553513
28,125004,6000,7.51,0.05,10,False,0,0,0.037661696871759756
26,36903,8000,12.21,0.22,2,False,0,0,0.3193000105101683
21,12000,5000,11.49,0.42,2,False,1,1,0.8043885284671485
29,90000,15000,6.99,0.17,8,False,0,0,0.07416132706786467
22,14400,1200,10.37,0.08,2,False,0,0,0.12764687853164666
24,61000,16400,10.99,0.27,4,False,0,0,0.26659217232186644
29,62000,9000,0.0,0.15,9,False,0,0,0.04121200407479707
25,62467,7250,10.65,0.12,4,False,0,0,0.1185158283079074
34,156000,25000,0.0,0.16,9,False,0,0,0.013209132001577008
39,17760,4375,5.42,0.25,17,False,1,0,0.26404999339536134
45,36000,4300,10.91,0.12,17,True,0,0,0.26401009592822916
24,180000,21000,11.48,0.12,3,False,0,0,0.042038297459759226
43,34000,9800,0.0,0.29,17,False,0,0,0.15810325747553938
25,21000,4500,9.62,0.21,4,False,0,0,0.28367799344040817
42,100000,4800,13.47,0.05,13,True,0,0,0.16171379552128806
34,46000,7000,8.9,0.15,8,False,0,0,0.13744151732205184
31,58000,14000,12.87,0.24,9,False,0,0,0.2862360007631645
35,41000,8000,10.83,0.2,6,False,0,0,0.24482373523937911
34,52000,5000,13.99,0.1,8,True,0,0,0.27997108909911256
28,43680,4475,15.27,0.1,8,False,0,0,0.1977298743559999
40,48000,8000,15.95,0.17,11,False,0,0,0.3082391476759528
25,79000,10000,5.79,0.13,2,False,0,0,0.06119479202728664
24,35000,4250,6.99,0.12,2,False,0,0,0.10070359064657439
22,108000,28000,0.0,0.26,4,False,1,0,0.033588168685190885
24,72000,16000,12.42,0.22,3,False,0,0,0.20679672641288105
29,75000,20000,6.54,0.27,9,False,0,0,0.13773719860332517
33,58000,14400,9.91,0.25,5,False,0,0,0.2334806908762511
22,49000,24000,17.56,0.49,4,False,1,1,0.8311595424885938
23,94940,2000,5.42,0.02,3,False,0,0,0.030558388431867183
33,46000,5600,15.27,0.12,9,False,0,0,0.22072004662351324
24,49000,5000,10.65,0.1,3,False,0,0,0.11642280796512855
26,30000,12000,11.11,0.4,3,False,1,1,0.6664561438134653
25,42000,10000,14.91,0.24,3,True,1,1,0.572490548507667
21,44000,8000,16.29,0.18,3,False,1,0,0.3335924202950734
24,35004,18225,9.63,0.52,3,False,1,1,0.7876893185015185
23,62000,4200,5.42,0.07,3,False,0,0,0.04828841754850614
22,38500,9000,10.83,0.23,2,False,0,0,0.2871192429264039
39,55000,10000,5.42,0.18,16,False,0,0,0.10047791112384363
24,108000,9950,14.96,0.09,4,True,0,0,0.1930394589683082
24,30000,3600,7.49,0.12,4,False,0,0,0.11133782319881774
43,180000,6000,14.27,0.03,17,False,0,0,0.06040137045233058
24,54600,7200,12.53,0.13,2,False,0,0,0.162648120793214
32,43000,12000,7.88,0.28,7,False,0,0,0.27781417062423497
25,24864,9000,0.0,0.36,3,False,0,0,0.2877880399109921
24,70000,6000,5.42,0.09,2,False,0,0,0.051702369931143036
26,150000,6400,15.62,0.04,2,True,0,0,0.14713582964575758
26,95000,2400,0.0,0.03,3,False,0,0,0.017124681107462125
28,56000,20000,18.62,0.36,7,False,1,1,0.6571714236246752
31,88000,13225,12.42,0.15,7,False,0,0,0.12784651590170323
24,35000,1500,0.0,0.04,3,False,0,0,0.02398672005113527
21,51000,6000,7.88,0.12,2,False,0,0,0.09557917875744769
33,72000,1925,14.35,0.03,10,True,1,0,0.1837519683103515
23,38000,5400,7.9,0.14,4,False,0,0,0.123038795816109
27,108000,6000,10.65,0.06,7,False,0,0,0.06386137641143978
22,36000,11625,13.49,0.32,2,False,0,1,0.5443188394054611
24,39996,12000,12.69,0.3,3,False,0,0,0.4610420378952638
27,56000,2500,11.72,0.04,5,False,1,0,0.08606168043154562
47,168000,8775,8.49,0.05,12,False,0,0,0.03329922422463543
25,51000,16750,16.4,0.33,3,False,0,1,0.571496378601906
22,22800,9000,5.99,0.39,2,False,0,1,0.5364835904441728
25,80400,12500,9.38,0.16,2,False,0,0,0.1056426728859709
35,108000,7000,0.0,0.06,7,False,0,0,0.017068020797177993
28,80500,6000,7.74,0.07,5,False,0,0,0.05469385432297087
25,39000,8500,13.23,0.22,4,True,1,0,0.49460137842309077
23,25480,5000,9.99,0.2,3,False,0,0,0.2631865752066277
47,54996,9000,10.38,0.16,16,False,0,0,0.156710276799424
29,48000,5600,15.96,0.12,7,True,0,0,0.36956777876170244
22,38000,18500,7.66,0.49,2,False,1,1,0.675202902825833
46,48000,8400,18.54,0.17,16,False,1,0,0.3767049360885727
24,110000,5600,12.98,0.05,4,True,0,0,0.13923202970098927
32,45000,14000,12.69,0.31,9,False,0,0,0.45370817063585417
25,50000,6000,12.99,0.12,3,True,0,0,0.281253807410953
24,30000,6500,10.99,0.22,3,False,0,0,0.3087919303176174
31,65000,6000,11.49,0.09,6,False,0,0,0.10708747064568146
32,42000,10400,11.14,0.25,9,False,0,0,0.31992300257977424
25,93000,12000,6.62,0.13,2,False,0,0,0.05762681974801789
41,125000,14975,6.03,0.12,16,False,0,0,0.037515554571281626
27,48996,4000,9.32,0.08,9,False,0,0,0.08766388703975883
25,31000,6000,7.66,0.19,2,False,0,0,0.18374167500724714
28,54000,2000,14.42,0.04,7,False,1,0,0.1202373709613054
25,105000,12000,12.84,0.11,3,False,0,0,0.09461768766749898
26,53000,2800,6.03,0.05,4,False,0,0,0.048156446506419294
23,49530,16000,14.54,0.32,2,True,1,1,0.6583512956285689
24,31000,15075,15.27,0.49,2,True,1,1,0.9295347324718928
26,33996,9600,9.88,0.28,2,False,0,0,0.3697575670123861
28,60000,10000,0.0,0.17,7,False,0,0,0.04754944237856997
21,62316,10000,7.66,0.16,4,False,0,0,0.10339574034070766
32,45000,8000,7.66,0.18,5,False,0,0,0.14864868924279853
27,48000,4300,12.69,0.09,7,False,0,0,0.13845676666901516
38,70000,5000,12.42,0.07,11,False,0,0,0.10408602338150359
27,150000,18000,0.0,0.12,7,False,0,0,0.01356885980598274
33,19200,8000,7.66,0.42,6,False,1,1,0.6803975457943606
29,96500,10000,8.88,0.1,8,False,0,0,0.062520053844526
30,110925,25000,15.33,0.19,9,False,1,0,0.12374383242094378
