CreditScore,Age,Tenure,Balance,NumOfProducts,HasCrCard,IsActiveMember,EstimatedSalary,Complain,Satisfaction Score,Point Earned,Geography_Germany,Geography_Spain,Gender_Male,Card Type_GOLD,Card Type_PLATINUM,Card Type_SILVER,actual,predicted,churn_probability,churn_risk
596,32,3,96709.07,2,0,0,41788.37,0,1,709,True,False,True,True,False,False,0,0,0.005633358892160049,Low Risk
623,43,1,0.0,2,1,1,146379.3,0,2,508,False,False,True,False,False,True,0,0,0.00020964769483942523,Low Risk
601,44,4,0.0,2,1,0,58561.31,0,1,281,False,True,False,True,False,False,0,0,0.01060361335351823,Low Risk
506,59,8,119152.1,2,1,1,170679.74,0,2,979,True,False,True,False,False,True,0,0,0.00019311346201036718,Low Risk
560,27,7,124995.98,1,1,1,114669.79,0,5,457,False,True,False,False,False,True,0,0,0.0005381202718526784,Low Risk
790,37,8,0.0,2,1,1,149418.41,0,4,348,False,True,True,True,False,False,0,0,7.784864122399216e-05,Low Risk
439,32,3,138901.61,1,1,0,75685.97,0,4,913,False,True,False,False,False,False,0,0,0.004325037020062417,Low Risk
597,22,6,101528.61,1,1,0,70529.0,1,2,793,True,False,False,False,False,True,1,1,0.999581480156071,High Risk
678,40,4,113794.22,1,1,0,16618.76,0,4,831,False,True,False,False,True,False,0,0,0.0041343047108928456,Low Risk
464,42,3,85679.25,1,1,1,164104.74,0,3,665,True,False,False,False,False,True,0,0,0.0036019515763721036,Low Risk
481,57,9,0.0,3,1,1,169719.35,1,3,259,False,False,False,False,False,True,1,1,0.9856959655350741,High Risk
651,56,4,0.0,1,0,0,84383.22,1,1,517,False,False,False,False,True,False,1,1,0.9997311369579628,High Risk
850,47,6,0.0,1,1,0,187391.02,1,3,282,False,False,True,False,False,False,1,1,0.9977171123845309,High Risk
687,41,2,154007.21,1,1,0,158408.23,0,5,410,True,False,False,False,False,True,0,0,0.030449007445512617,Low Risk
696,19,1,110928.51,1,1,1,2766.63,0,4,871,False,False,True,False,True,False,0,0,0.00010106970979606458,Low Risk
612,36,5,119799.27,2,1,0,159416.58,0,5,288,False,True,False,False,True,False,0,0,0.004011952334022128,Low Risk
586,57,3,0.0,2,0,1,6057.81,0,4,839,False,True,False,False,True,False,0,0,0.0006669112275665595,Low Risk
425,40,9,166776.6,2,0,1,172646.88,0,2,419,True,False,True,False,False,True,0,0,0.0006758027263161018,Low Risk
643,43,1,0.0,2,1,1,145764.4,0,5,307,False,True,True,True,False,False,0,0,0.00010842005611571367,Low Risk
641,37,2,0.0,2,1,0,3939.87,0,2,512,False,False,False,False,False,True,0,0,0.013920524482447079,Low Risk
795,40,2,101891.1,1,1,1,183044.86,0,4,461,False,False,False,True,False,False,0,0,0.0005800595868022988,Low Risk
762,35,9,0.0,2,1,1,43075.7,0,1,749,False,False,True,False,False,False,0,0,0.00014583052949833253,Low Risk
687,44,9,0.0,2,0,0,103042.2,1,4,309,False,False,False,False,False,False,1,1,0.9995050555119672,High Risk
850,37,4,88141.1,1,1,0,109659.12,0,1,228,False,True,True,True,False,False,0,0,0.002007647556731474,Low Risk
753,62,6,0.0,2,1,1,136398.9,0,4,494,False,False,False,False,False,True,0,0,0.0007865292336479841,Low Risk
678,49,3,204510.94,1,0,1,738.88,1,2,810,False,False,False,False,False,True,1,1,0.9860345668760472,High Risk
578,34,8,147487.23,2,1,0,66680.77,0,3,908,True,False,True,False,False,True,0,0,0.0019323890853036822,Low Risk
825,29,3,148874.01,2,0,1,71192.82,0,3,346,False,False,True,False,False,False,0,0,0.0001868919053752194,Low Risk
696,30,0,0.0,2,1,1,9002.8,0,5,447,False,True,False,False,False,True,0,0,0.0006106904837584662,Low Risk
457,40,10,134320.23,2,1,0,150757.35,0,5,237,False,False,True,False,False,False,0,0,0.0019373445837432843,Low Risk
680,30,8,141441.75,1,1,1,16278.97,0,1,597,False,False,False,False,False,True,0,0,0.0008930528017787689,Low Risk
819,38,10,0.0,2,1,0,30498.7,0,3,380,False,False,False,False,False,True,0,0,0.011090409045944312,Low Risk
510,45,10,103821.47,2,0,1,77878.62,0,3,413,False,False,False,False,False,True,0,0,0.0012392713036598795,Low Risk
567,36,1,0.0,2,0,0,8555.73,0,2,675,False,False,True,True,False,False,0,0,0.002889258983646402,Low Risk
638,34,5,146679.77,1,1,0,102179.86,0,5,790,False,True,True,False,False,False,0,0,0.0007413177641852044,Low Risk
579,56,4,99340.83,1,0,0,4523.74,1,1,806,False,True,True,False,False,False,1,1,0.9963836907991066,High Risk
715,37,9,105489.31,1,0,0,143096.49,1,5,267,True,False,False,True,False,False,1,1,0.9997835942867987,High Risk
587,34,1,0.0,2,1,1,97932.68,0,4,749,False,True,False,False,False,False,0,0,0.0004236987933861611,Low Risk
711,38,3,128718.78,1,0,0,114793.45,0,4,862,False,True,True,False,False,True,0,0,0.0010249385869582413,Low Risk
741,36,3,0.0,2,1,1,89804.83,0,1,900,False,False,False,False,False,True,0,0,0.0004621955590443265,Low Risk
688,38,7,148045.68,1,1,0,175479.92,1,3,309,False,False,True,False,False,False,1,1,0.9956956248578492,High Risk
475,45,0,134264.04,1,1,0,27822.99,1,1,877,False,False,False,False,False,False,1,1,0.9989874888702353,High Risk
567,36,7,0.0,2,0,1,3896.08,0,5,914,False,False,True,True,False,False,0,0,0.00011298923113740926,Low Risk
440,42,2,0.0,2,1,0,49826.68,0,4,260,False,False,True,False,True,False,0,0,0.004684973994055836,Low Risk
741,42,6,106036.52,1,1,0,194686.78,1,4,927,False,False,True,False,False,False,1,1,0.9871622326293371,High Risk
582,41,6,70349.48,2,0,1,178074.04,0,5,419,True,False,True,True,False,False,0,0,0.0005318172392265718,Low Risk
613,26,4,100446.57,1,0,1,149653.81,0,1,292,False,False,True,False,False,False,0,0,0.0006639168615571515,Low Risk
692,43,2,69014.49,2,0,0,164621.43,0,3,708,True,False,False,False,False,False,0,0,0.02988409263592227,Low Risk
521,38,5,110641.18,1,0,1,136507.69,1,4,815,False,False,True,False,False,True,1,1,0.9426432025786412,High Risk
759,35,7,147936.42,1,1,1,106785.7,0,4,312,False,True,False,False,False,True,0,0,0.0005760666794401996,Low Risk
715,42,2,88120.97,2,1,1,21333.22,0,1,577,True,False,True,False,False,False,0,0,0.0006123417800904001,Low Risk
711,39,3,152462.79,1,1,0,90305.97,0,5,851,False,False,False,False,True,False,0,0,0.003942069577881941,Low Risk
554,44,6,92436.86,1,1,0,126033.9,0,4,938,False,False,False,True,False,False,0,0,0.004226856887187009,Low Risk
651,35,8,110067.71,1,1,0,127678.95,1,2,689,True,False,True,True,False,False,1,1,0.9974050206584706,High Risk
495,45,3,89158.94,3,1,0,135169.76,1,1,284,False,True,False,False,True,False,1,1,0.9973749301139669,High Risk
805,39,2,0.0,1,0,0,166650.32,0,1,417,False,False,True,False,True,False,0,0,0.007118426115082593,Low Risk
829,26,8,101440.36,2,1,1,19324.5,0,5,596,False,True,False,False,False,False,0,0,0.00023057802637538538,Low Risk
583,40,4,55776.39,2,1,0,26920.43,0,3,574,False,False,False,True,False,False,0,0,0.0065185476300705925,Low Risk
686,43,0,0.0,1,1,1,170072.9,0,5,929,False,False,False,False,True,False,0,0,0.0005907452455403041,Low Risk
505,40,6,47869.69,2,1,1,155061.97,0,1,910,True,False,True,False,False,False,0,0,0.00036799206128428264,Low Risk
528,30,2,128262.72,2,1,0,50771.16,0,2,791,False,False,True,False,True,False,0,0,0.0008961306235147451,Low Risk
677,34,4,0.0,2,1,1,6175.53,0,4,839,False,True,False,False,False,False,0,0,0.0003678743514617799,Low Risk
660,37,2,133200.09,1,0,0,71433.88,0,4,700,True,False,False,False,False,False,0,0,0.047470351167158115,Low Risk
785,36,2,99806.85,1,0,1,36976.52,0,5,786,True,False,False,False,True,False,0,0,0.0029743902769181255,Low Risk
607,27,5,100912.19,1,0,0,7631.27,0,4,908,False,True,False,True,False,False,0,0,0.004770717127600835,Low Risk
603,39,5,162390.52,2,1,0,54702.66,0,5,293,False,True,False,True,False,False,0,0,0.0031590964883946486,Low Risk
480,28,6,0.0,2,0,0,48131.92,0,3,921,False,False,False,False,False,True,0,0,0.00957548369582001,Low Risk
656,68,7,153545.11,1,1,1,186574.68,0,2,430,True,False,True,False,False,False,0,0,0.0009087807326563134,Low Risk
631,48,1,106396.48,1,1,1,150661.42,1,1,336,True,False,True,False,False,True,1,1,0.9913865213046262,High Risk
604,35,7,147285.52,1,1,1,57807.05,0,5,1000,False,True,False,False,True,False,0,0,0.00018775533442934542,Low Risk
622,32,5,179305.09,1,1,1,149043.78,0,4,383,False,False,True,True,False,False,0,0,0.00011629522850570027,Low Risk
601,42,9,133636.16,1,0,1,103315.74,0,4,336,True,False,False,False,False,True,0,0,0.00683029341471449,Low Risk
674,46,2,174701.05,1,1,0,90189.72,1,4,410,False,False,True,False,False,False,1,1,0.9953154559858958,High Risk
531,31,3,0.0,1,1,1,42589.33,0,1,241,False,False,True,False,False,False,0,0,0.0010679322385500477,Low Risk
632,32,6,111589.33,1,1,1,170382.99,0,4,782,False,False,True,False,False,False,0,0,0.00011225623321283819,Low Risk
707,46,7,127476.73,2,1,1,146011.55,0,4,278,False,False,False,False,False,True,0,0,0.0005734682606419235,Low Risk
723,25,3,0.0,2,1,1,134509.47,0,2,409,False,False,True,False,False,False,0,0,0.00022562997818100197,Low Risk
795,38,7,125903.22,2,1,1,127068.92,0,5,912,True,False,True,True,False,False,0,0,8.034641854568611e-05,Low Risk
585,45,0,0.0,2,0,0,189683.7,0,3,957,False,True,True,False,False,False,0,0,0.0011434629537402934,Low Risk
627,30,6,57809.32,1,1,0,188258.49,0,3,545,True,False,False,False,False,False,0,0,0.045543335727027186,Low Risk
546,30,5,0.0,2,0,1,198543.09,0,4,808,False,False,False,False,False,False,0,0,0.0007614477144223395,Low Risk
571,66,9,111577.01,1,0,1,189271.9,0,1,445,True,False,False,False,True,False,0,0,0.007982631011454279,Low Risk
684,42,1,117691.0,1,1,1,23135.65,1,5,653,True,False,True,False,False,False,1,1,0.9827892474792124,High Risk
636,45,7,139859.23,1,1,1,108402.54,0,3,393,False,False,False,True,False,False,0,0,0.0008114566634093841,Low Risk
562,48,3,92347.96,1,1,1,163116.75,0,1,876,False,False,True,False,False,False,0,0,0.00017412932694123802,Low Risk
482,48,2,69329.47,1,0,0,102640.52,1,5,910,True,False,False,False,False,False,1,1,0.9997790527312127,High Risk
786,62,8,0.0,1,1,1,165702.64,0,2,765,False,False,False,False,False,True,0,0,0.000975939979874471,Low Risk
747,45,1,114959.12,1,1,0,189362.39,1,1,727,False,False,False,False,False,False,1,1,0.9986247883102761,High Risk
688,32,6,124179.3,1,1,1,138759.15,0,1,539,False,True,True,True,False,False,0,0,8.71613610164502e-05,Low Risk
699,29,3,125689.29,1,1,1,151623.71,0,1,503,False,False,True,False,False,False,0,0,0.00022426484719964405,Low Risk
528,32,4,85615.66,2,1,0,156192.43,0,2,518,False,False,False,False,False,True,0,0,0.0071796399131974775,Low Risk
542,42,1,0.0,1,1,1,178256.58,1,2,600,False,False,False,True,False,False,1,1,0.9906635337066618,High Risk
773,50,4,0.0,2,1,0,129372.94,0,4,504,False,False,False,True,False,False,0,0,0.006178698042472209,Low Risk
675,33,3,0.0,2,1,0,45348.08,0,5,487,False,True,True,True,False,False,0,0,0.0009568672173172803,Low Risk
652,51,7,0.0,2,0,1,43496.36,0,5,749,False,False,True,False,True,False,0,0,0.00018503994967742065,Low Risk
638,27,4,135096.05,1,1,1,186523.72,1,2,995,True,False,True,False,False,False,1,1,0.9588887358095738,High Risk
607,32,9,144272.07,2,1,0,176580.63,0,3,797,True,False,True,True,False,False,0,0,0.0013384631647307497,Low Risk
594,23,4,104753.84,2,1,0,56756.52,1,3,729,True,False,False,False,True,False,1,1,0.9992099009843181,High Risk
755,42,2,119919.12,1,1,0,156868.21,0,1,765,False,False,True,False,True,False,0,0,0.0013978770396742529,Low Risk
555,40,10,139930.18,1,1,1,105720.09,0,1,872,False,False,True,False,False,True,0,0,0.00011529164678931379,Low Risk
710,43,2,140080.32,3,1,1,157908.19,1,3,350,True,False,True,True,False,False,1,1,0.9271999411079249,High Risk
823,53,4,124954.94,1,0,1,131259.6,1,1,242,True,False,False,False,False,False,1,1,0.9988959638862402,High Risk
694,42,3,156864.2,2,0,0,88890.75,0,3,314,False,False,True,False,True,False,0,0,0.002292962933037119,Low Risk
584,47,5,0.0,2,1,0,89286.29,0,5,343,False,False,True,True,False,False,0,0,0.0021580548928298473,Low Risk
740,33,1,129574.98,1,1,1,123300.38,0,3,506,False,False,True,True,False,False,0,0,0.0001252433514344803,Low Risk
511,33,7,0.0,2,0,1,158313.87,0,4,413,False,False,True,False,True,False,0,0,0.0003156967739258249,Low Risk
481,44,9,175303.06,1,1,0,65500.53,1,4,408,False,False,True,False,True,False,1,1,0.9952528396263329,High Risk
488,36,0,0.0,2,1,0,136675.22,0,2,798,False,False,False,False,False,True,0,0,0.007751522995783127,Low Risk
718,33,7,102874.28,1,0,0,117841.06,0,5,504,False,False,True,False,False,True,0,0,0.002934860331428312,Low Risk
523,41,0,119276.31,1,0,0,122284.38,1,3,844,True,False,True,False,False,True,1,1,0.9987155464886005,High Risk
698,38,2,130015.24,1,1,1,41595.3,0,1,922,False,False,True,True,False,False,0,0,8.629638953966316e-05,Low Risk
555,51,9,138214.5,1,1,0,198715.27,1,2,266,True,False,False,False,False,True,1,1,0.9998042038051419,High Risk
750,26,1,151510.17,2,1,1,19921.72,0,5,433,False,False,False,False,True,False,0,0,0.0003907716159846616,Low Risk
779,33,1,158456.76,1,1,1,197000.92,1,5,274,True,False,True,False,True,False,1,1,0.9788329687754611,High Risk
529,39,6,102025.08,2,1,0,12351.01,0,1,540,False,False,True,False,False,True,0,0,0.0020055515900037225,Low Risk
618,33,4,0.0,2,1,1,77550.18,0,1,273,False,True,True,False,False,True,0,0,0.00023332645707847875,Low Risk
790,34,2,164011.48,1,1,0,199420.41,0,1,275,True,False,False,False,False,False,0,0,0.04623555554304403,Low Risk
710,27,2,135277.96,1,1,0,142200.15,0,4,314,False,True,False,False,False,True,0,0,0.007128639115149074,Low Risk
714,49,4,93059.34,1,1,0,7571.51,1,4,381,True,False,False,False,True,False,1,1,0.9998131043018996,High Risk
850,54,4,120952.74,1,1,0,66963.15,0,5,396,False,True,False,False,False,True,0,0,0.006905355449950619,Low Risk
679,41,8,147726.98,3,1,0,172749.4,1,1,575,False,False,True,False,False,False,1,1,0.9775484716921768,High Risk
794,56,9,96951.21,1,1,1,71776.76,0,2,694,False,False,True,False,True,False,0,0,0.00015868038884105706,Low Risk
746,33,2,107868.14,2,1,1,146192.4,0,1,459,True,False,False,True,False,False,0,0,0.001463483007823982,Low Risk
470,35,1,96473.59,1,0,0,5962.3,0,5,752,False,False,True,False,False,True,0,0,0.0036152552631354483,Low Risk
670,35,2,124268.64,2,0,1,84321.03,0,4,301,False,True,True,False,False,False,0,0,0.00016821699844998638,Low Risk
669,37,1,125529.55,1,1,1,162260.93,0,5,720,False,False,True,False,True,False,0,0,9.731048556636221e-05,Low Risk
628,31,6,175443.75,1,1,0,113167.17,1,2,559,False,False,False,True,False,False,1,1,0.9979671721178747,High Risk
721,33,5,0.0,2,0,1,117626.9,0,1,300,False,True,True,False,False,True,0,0,0.00028850174192391833,Low Risk
597,43,7,119127.46,2,1,0,55809.92,0,5,981,True,False,False,False,False,True,0,0,0.00828114239958725,Low Risk
500,47,8,128486.11,1,1,0,179227.12,0,4,641,False,True,False,False,False,True,0,0,0.005069726021782463,Low Risk
494,33,1,137853.0,1,0,1,90273.85,0,3,674,False,False,False,False,False,True,0,0,0.001331371650173575,Low Risk
676,29,4,140720.93,1,1,0,36221.18,0,5,439,False,False,True,False,True,False,0,0,0.0020542030772157864,Low Risk
524,31,10,67238.98,2,1,1,161811.23,0,5,685,True,False,False,True,False,False,0,0,0.0009260231466605902,Low Risk
669,57,5,0.0,2,1,1,56875.76,0,1,860,False,False,True,True,False,False,0,0,0.00010240274450779928,Low Risk
598,28,8,129991.76,2,0,1,46041.08,0,3,573,False,False,True,False,False,True,0,0,0.00014897630070632629,Low Risk
577,33,6,0.0,2,1,0,57975.8,0,2,893,False,True,False,False,True,False,0,0,0.0037404458284270173,Low Risk
773,41,9,102827.44,1,0,1,64595.25,0,5,488,False,True,True,False,False,False,0,0,0.0002052332680973312,Low Risk
602,31,7,155271.83,1,1,1,179446.31,0,4,836,False,False,True,True,False,False,0,0,5.193271442431565e-05,Low Risk
656,39,10,0.0,2,1,1,98894.64,0,1,259,False,False,True,False,False,True,0,0,0.00032679914902064214,Low Risk
725,25,9,0.0,2,1,1,168607.74,0,2,922,False,False,False,False,False,True,0,0,0.000298708921178021,Low Risk
699,34,4,185173.81,2,1,0,120834.48,0,3,429,True,False,True,False,True,False,0,0,0.0030985636762889987,Low Risk
584,31,6,152622.34,1,1,0,99298.8,0,5,445,True,False,False,False,False,False,0,0,0.0371171289812914,Low Risk
628,51,9,155903.82,2,1,1,71159.84,0,5,597,True,False,False,False,False,True,0,0,0.0011762418403795634,Low Risk
520,42,6,0.0,2,1,1,34410.55,0,2,922,False,True,False,False,False,True,0,0,0.00038138705920630843,Low Risk
716,30,2,205770.78,2,0,0,65464.66,0,2,764,True,False,False,True,False,False,0,0,0.010485157660155169,Low Risk
765,43,9,157960.49,2,0,0,136602.8,0,1,335,False,False,True,False,True,False,0,0,0.001989495220707871,Low Risk
589,39,7,0.0,2,0,0,95985.64,0,5,359,False,False,False,False,False,False,0,0,0.022296496084016647,Low Risk
594,57,6,0.0,1,1,0,19376.56,1,5,661,False,False,True,True,False,False,1,1,0.9958390873739591,High Risk
521,37,2,0.0,2,1,1,86372.24,0,5,942,False,False,True,False,False,True,0,0,8.67408563151525e-05,Low Risk
663,64,6,0.0,2,0,1,15876.52,0,5,653,False,True,True,False,False,False,0,0,0.00019735726514906438,Low Risk
636,24,9,0.0,2,0,1,38830.72,0,1,493,False,False,False,True,False,False,0,0,0.001266721475386273,Low Risk
597,26,5,0.0,2,0,1,95159.13,0,3,545,False,True,True,True,False,False,0,0,0.00013160001772106265,Low Risk
682,29,6,101012.77,1,0,0,32589.89,1,4,937,True,False,False,True,False,False,1,1,0.9994702854472515,High Risk
691,33,6,0.0,2,1,0,164074.89,0,5,643,False,False,False,False,False,True,0,0,0.005258526170299542,Low Risk
680,34,6,146422.22,1,1,0,67142.97,1,3,870,True,False,True,True,False,False,1,1,0.9957423608470473,High Risk
492,48,6,127253.98,1,1,1,92144.09,1,3,681,False,False,False,False,False,True,1,1,0.9866423527450325,High Risk
684,36,5,174180.39,1,1,0,119830.08,0,1,364,False,True,False,False,False,False,0,0,0.008818711550261541,Low Risk
533,36,7,85311.7,1,0,1,156731.91,0,5,628,False,False,True,False,False,True,0,0,0.000260141404908315,Low Risk
540,28,8,0.0,2,0,0,197588.32,0,3,463,False,True,True,False,False,True,0,0,0.002041569625913761,Low Risk
783,42,2,139707.28,1,1,0,2150.22,0,2,501,True,False,False,True,False,False,0,0,0.03225500972633237,Low Risk
411,29,0,59697.17,2,1,1,53483.21,0,2,343,False,False,True,True,False,False,0,0,0.0002273909574762657,Low Risk
526,30,9,0.0,2,0,0,100995.68,0,1,518,False,False,True,False,True,False,0,0,0.004075977228639117,Low Risk
576,44,9,119530.52,1,1,0,119056.68,1,4,802,True,False,True,False,False,True,1,1,0.9974848513121853,High Risk
497,47,6,0.0,1,1,1,90055.08,0,5,592,False,False,True,False,False,True,0,0,0.0003425300139069046,Low Risk
744,31,9,120718.28,1,1,1,58961.49,0,3,332,False,False,True,True,False,False,0,0,0.00017960019574932924,Low Risk
582,32,1,88938.62,1,1,1,10054.53,0,4,838,True,False,True,True,False,False,0,0,0.000416536967183173,Low Risk
452,35,8,0.0,2,1,1,149614.81,0,1,514,False,False,False,False,True,False,0,0,0.0010739856830544149,Low Risk
485,39,2,75339.64,1,1,1,70665.16,0,3,772,False,False,False,True,False,False,0,0,0.0007397068882114556,Low Risk
850,46,2,157866.77,1,1,1,18986.12,0,3,482,False,False,False,True,False,False,0,0,0.000625771539649955,Low Risk
649,36,8,0.0,2,1,0,161668.15,0,3,354,False,True,True,True,False,False,0,0,0.0011274269513300175,Low Risk
661,28,7,95357.49,1,0,0,102297.15,0,5,508,False,True,False,True,False,False,0,0,0.007167827199785354,Low Risk
725,26,6,98684.15,1,0,0,133720.57,0,1,796,False,False,True,False,False,True,0,0,0.0022700071748367953,Low Risk
624,71,4,170252.05,3,1,1,73679.59,1,2,858,False,False,False,True,False,False,1,1,0.9034999557193806,High Risk
668,46,0,0.0,2,0,0,29388.02,0,1,419,False,False,True,False,True,False,0,0,0.006089122918919962,Low Risk
706,28,3,0.0,2,0,1,181543.67,0,3,241,False,True,True,False,False,True,0,0,0.00024153769325242668,Low Risk
553,33,4,118082.89,1,0,0,94440.45,0,4,221,False,False,True,False,False,True,0,0,0.006790836481376584,Low Risk
571,25,6,82506.72,2,1,0,167705.07,0,3,624,True,False,True,False,False,False,0,0,0.0041751805151556175,Low Risk
477,58,8,145984.92,1,1,1,24564.7,0,5,464,True,False,False,False,False,False,0,0,0.00513411446019578,Low Risk
696,41,8,0.0,2,0,0,28276.83,0,3,628,False,False,False,False,True,False,0,0,0.013430912014492433,Low Risk
481,39,6,0.0,1,1,1,24677.54,0,3,953,False,False,False,True,False,False,0,0,0.0007939756631895874,Low Risk
639,38,3,0.0,1,1,0,42862.82,0,1,600,False,False,True,False,False,True,0,0,0.004995276884570407,Low Risk
810,35,3,96814.46,2,1,1,120511.03,0,1,275,True,False,True,True,False,False,0,0,0.00044898847553166433,Low Risk
516,42,8,56228.25,1,1,0,46857.52,0,1,608,False,False,False,False,False,False,0,0,0.02210292805450585,Low Risk
662,59,2,104568.41,1,1,0,8059.44,1,5,546,True,False,True,False,False,False,1,1,0.99902099927219,High Risk
690,43,2,166522.78,1,0,0,119644.59,1,4,834,True,False,True,False,False,False,1,1,0.9981305344424878,High Risk
500,38,7,0.0,2,0,0,192013.23,0,2,870,False,True,True,False,False,False,0,0,0.0013902616697508234,Low Risk
656,40,10,167878.5,1,0,1,151887.16,0,5,806,False,True,False,False,True,False,0,0,0.0003048028422754343,Low Risk
697,35,5,133087.76,1,1,0,64771.61,0,1,373,False,False,True,True,False,False,0,0,0.002472971243257185,Low Risk
718,37,8,0.0,2,1,1,142.81,0,5,720,False,False,True,True,False,False,0,0,8.254140828140677e-05,Low Risk
501,41,3,144260.5,1,1,0,172114.67,0,5,518,False,False,False,False,False,False,0,0,0.010262002747686976,Low Risk
844,28,4,0.0,2,0,1,123318.37,0,4,302,False,False,False,False,True,False,0,0,0.0013133587751061764,Low Risk
710,75,5,0.0,2,1,1,9376.89,0,1,857,False,True,False,True,False,False,0,0,0.0003685900845927515,Low Risk
748,44,4,112610.77,1,0,1,2048.55,0,3,315,False,False,True,True,False,False,0,0,0.00041564183594659934,Low Risk
494,69,9,93320.8,1,1,1,24489.44,0,2,366,False,False,True,False,False,True,0,0,0.0005466789216599546,Low Risk
757,47,3,130747.1,1,1,0,143829.54,0,1,303,False,False,True,False,False,True,0,0,0.0034233611674005246,Low Risk
497,32,8,111537.23,4,1,1,9497.99,1,5,822,True,False,False,False,False,True,1,1,0.960806698637047,High Risk
744,38,6,73023.17,2,1,0,78770.86,0,5,353,True,False,True,True,False,False,0,0,0.0041303348963060375,Low Risk
591,28,5,0.0,2,1,1,48606.92,0,4,916,False,False,True,False,False,True,0,0,8.80477150494931e-05,Low Risk
638,48,10,138333.03,1,1,1,47679.14,0,3,893,False,False,False,False,False,True,0,0,0.00047675028860836617,Low Risk
581,46,2,79385.21,2,0,0,188492.82,0,1,639,False,True,True,True,False,False,0,0,0.0010462309286829894,Low Risk
604,40,1,84315.02,1,0,0,36209.1,0,3,885,False,False,True,False,True,False,0,0,0.0028174696766803957,Low Risk
571,53,2,0.0,2,1,0,28045.77,0,5,266,False,False,False,False,False,True,0,0,0.019732868030219085,Low Risk
850,38,3,54901.01,1,1,1,140075.55,0,2,926,True,False,True,True,False,False,0,0,0.0002759760811117453,Low Risk
596,54,0,78126.28,1,1,1,153482.91,1,2,479,False,True,False,False,True,False,1,1,0.9878802206604066,High Risk
528,31,9,120962.59,1,1,0,5419.31,0,5,511,False,False,True,False,True,False,0,0,0.0023827177465323714,Low Risk
542,39,3,135096.77,1,1,1,14353.43,1,2,328,False,False,True,False,True,False,1,1,0.9706105637892096,High Risk
683,39,2,47685.47,2,1,1,86019.48,0,4,649,True,False,False,False,False,True,0,0,0.0018397336630583678,Low Risk
698,48,4,101238.24,2,0,1,177815.87,1,1,342,False,False,True,True,False,False,1,1,0.9419614231445776,High Risk
655,34,3,0.0,2,1,0,159638.77,0,1,508,False,False,False,False,False,False,0,0,0.01224562051339686,Low Risk
729,30,6,63669.42,1,1,0,145111.37,0,2,484,True,False,True,True,False,False,0,0,0.007285902993361566,Low Risk
646,36,6,124445.52,1,1,0,88481.32,0,2,621,False,False,True,False,False,True,0,0,0.0020288510702544606,Low Risk
850,40,8,102800.65,1,1,0,60811.56,0,3,833,False,False,True,False,False,False,0,0,0.0013168106635632138,Low Risk
665,43,2,116322.27,4,1,0,35640.12,1,5,392,True,False,False,True,False,False,1,1,0.9976227504695918,High Risk
601,49,4,96252.98,2,1,0,104263.82,0,4,390,True,False,False,True,False,False,0,0,0.022010114941754772,Low Risk
694,38,1,0.0,2,0,1,156858.2,0,5,918,False,False,True,False,True,False,0,0,0.0001014836010933476,Low Risk
732,36,9,0.0,1,0,0,3749.0,1,1,748,False,False,False,False,False,True,1,1,0.9995340672370281,High Risk
679,30,9,0.0,2,1,0,157871.55,0,5,460,False,False,True,False,True,False,0,0,0.0014552188309664893,Low Risk
487,40,6,136093.74,1,0,1,193408.43,0,2,677,False,True,False,False,False,True,0,0,0.0007395589938612707,Low Risk
792,50,4,146710.76,1,1,0,16528.4,1,4,895,True,False,False,True,False,False,1,1,0.9990702837497035,High Risk
472,31,4,58662.92,2,0,1,73322.0,0,1,437,False,False,True,True,False,False,0,0,0.0002890837704308805,Low Risk
706,46,7,111288.18,1,1,1,149170.25,1,2,862,True,False,False,False,False,False,1,1,0.9942365842008516,High Risk
708,35,8,122570.69,1,0,0,199005.88,0,2,406,False,True,False,False,False,True,0,0,0.010639085555461088,Low Risk
477,39,4,182491.57,1,1,0,185830.72,0,3,333,True,False,False,False,False,True,0,0,0.042227686286433044,Low Risk
512,24,6,0.0,2,1,0,37654.31,0,2,572,False,False,True,False,False,False,0,0,0.0028996177896714486,Low Risk
737,50,4,127552.85,2,1,0,4225.11,0,2,555,True,False,True,False,False,False,0,0,0.0057606540131665985,Low Risk
572,54,9,97382.53,1,1,1,195771.95,0,3,316,True,False,False,True,False,False,0,0,0.003931707681344071,Low Risk
747,36,8,102603.3,2,1,1,180693.61,0,3,751,True,False,True,True,False,False,0,0,0.0001341671263095131,Low Risk
691,40,0,115465.98,1,1,1,60622.61,0,4,823,False,False,False,False,True,False,0,0,0.0005387891818118991,Low Risk
692,66,4,159732.02,1,1,1,118188.15,0,4,273,False,False,True,True,False,False,0,0,0.00019833268965045993,Low Risk
850,32,9,141827.33,2,1,1,149458.73,0,2,295,True,False,True,False,True,False,0,0,0.0003312484847920759,Low Risk
531,27,8,132576.25,1,0,0,7222.92,0,5,835,False,True,True,False,False,True,0,0,0.001296645764040253,Low Risk
487,61,5,110368.03,1,0,0,11384.45,1,2,982,True,False,False,False,False,False,1,1,0.9998089696177551,High Risk
709,42,9,118546.71,1,0,1,77142.85,0,5,503,False,False,True,True,False,False,0,0,0.00019651375048618602,Low Risk
745,36,9,0.0,1,1,0,19605.18,1,1,961,False,False,False,False,False,True,1,1,0.9988110855809385,High Risk
492,39,7,0.0,2,0,1,71323.23,0,5,399,False,False,True,False,True,False,0,0,0.0003789502100282583,Low Risk
719,22,7,114415.84,1,1,1,177497.4,0,2,739,False,False,False,True,False,False,0,0,0.0003489679525145129,Low Risk
690,42,3,92578.14,2,0,0,70810.6,0,5,962,False,False,False,False,False,False,0,0,0.0046499363663233635,Low Risk
558,32,4,108235.91,1,1,1,143783.28,0,4,801,True,False,True,False,False,False,0,0,0.0004774539997075178,Low Risk
651,34,10,148962.46,1,1,0,66389.43,1,1,907,True,False,False,False,False,False,1,1,0.9994614782598341,High Risk
592,36,10,123187.51,1,0,1,146111.35,0,3,416,True,False,True,False,True,False,0,0,0.0012074853582179903,Low Risk
608,34,3,106288.54,1,1,1,36639.25,0,3,388,True,False,True,False,False,True,0,0,0.0011853901828818864,Low Risk
430,36,1,138992.48,2,0,0,122373.42,0,3,770,True,False,True,False,False,True,0,0,0.005149340890760325,Low Risk
665,34,1,96645.54,2,0,0,171413.66,0,3,798,False,False,False,False,False,False,0,0,0.00603357254493992,Low Risk
745,46,7,0.0,2,1,1,67769.94,0,4,483,False,False,False,False,True,False,0,0,0.0007886003790764432,Low Risk
528,46,9,135555.66,1,1,0,133146.03,1,4,764,True,False,False,False,True,False,1,1,0.9994663809303799,High Risk
528,37,6,103772.45,1,1,0,197111.99,0,3,391,False,False,True,False,False,False,0,0,0.0034384267965687407,Low Risk
491,33,5,83134.3,1,1,0,187946.55,0,1,686,False,False,True,False,True,False,0,0,0.002278428449175385,Low Risk
674,32,2,0.0,2,1,0,140579.17,0,1,787,False,True,True,False,False,False,0,0,0.001003593601740013,Low Risk
674,43,8,85957.88,2,1,0,8757.39,0,4,840,True,False,True,True,False,False,0,0,0.0021430331585941004,Low Risk
745,32,2,0.0,4,0,1,179705.13,1,3,467,False,False,False,False,True,False,1,1,0.9603306158093413,High Risk
777,28,2,134571.5,1,0,1,118313.38,0,2,543,False,False,False,False,False,False,0,0,0.0013758157042720355,Low Risk
524,36,10,0.0,2,1,0,109614.57,0,2,375,False,False,False,True,False,False,0,0,0.010951809292170638,Low Risk
657,28,7,0.0,2,0,1,5177.62,0,5,352,False,False,False,False,False,True,0,0,0.0017498936763840638,Low Risk
850,49,6,128663.9,1,1,0,65769.3,1,4,974,False,False,True,False,True,False,1,1,0.9841874859952626,High Risk
676,38,1,0.0,2,0,1,35644.79,0,4,498,False,False,True,True,False,False,0,0,0.0002446101907027509,Low Risk
828,31,9,0.0,1,0,1,164257.37,0,3,421,False,False,True,True,False,False,0,0,0.00032751047995598797,Low Risk
734,39,6,92126.26,2,0,0,112973.34,0,5,872,False,True,False,False,False,True,0,0,0.002474128141375794,Low Risk
678,38,3,124483.53,1,1,0,126253.31,0,1,709,False,True,True,False,False,True,0,0,0.001129262636534084,Low Risk
651,34,4,91562.99,1,1,1,123954.15,0,5,609,False,False,True,False,False,False,0,0,0.00017656795082225863,Low Risk
710,30,6,0.0,2,1,1,8991.17,0,2,834,False,False,True,False,True,False,0,0,0.00010947359659695549,Low Risk
661,64,8,128751.65,2,1,0,189398.18,1,3,254,True,False,False,True,False,False,1,1,0.9994619943074458,High Risk
539,47,2,127286.04,2,1,1,166929.43,1,1,551,False,False,False,False,False,False,1,1,0.9824461191594935,High Risk
646,46,8,0.0,2,1,0,133059.15,0,5,594,False,False,False,False,False,False,0,0,0.007973473971298363,Low Risk
518,41,5,110624.99,1,1,0,89327.67,0,4,911,True,False,False,False,True,False,0,0,0.021174611781261825,Low Risk
593,29,5,101713.84,3,1,0,134594.99,0,2,490,True,False,False,True,False,False,0,0,0.008767698163265204,Low Risk
559,33,9,111060.05,2,1,0,110371.84,0,1,242,False,False,True,False,True,False,0,0,0.002332469074273277,Low Risk
817,27,7,129810.6,1,1,1,59259.44,0,5,675,True,False,False,False,False,True,0,0,0.0016107030023051483,Low Risk
592,36,1,126477.42,1,0,0,179718.17,0,2,956,False,False,True,False,True,False,0,0,0.0016103756022987326,Low Risk
632,28,5,118890.81,1,0,1,145157.97,0,3,756,False,False,False,False,False,False,0,0,0.0009921299156799481,Low Risk
694,31,6,109052.59,2,1,1,19448.93,1,4,991,True,False,True,False,False,False,1,1,0.9368131128399911,High Risk
700,30,9,0.0,1,1,1,174971.64,0,4,894,False,False,False,False,False,False,0,0,0.0006407351760672666,Low Risk
629,33,6,0.0,2,1,1,59129.72,0,5,632,False,False,False,False,False,True,0,0,0.0006199534309687492,Low Risk
427,42,1,75681.52,1,1,1,57098.0,0,5,418,True,False,True,False,False,True,0,0,0.0014400373934541188,Low Risk
801,46,6,0.0,2,1,1,170008.74,0,3,557,False,True,False,False,False,True,0,0,0.00038146896031263355,Low Risk
654,29,1,0.0,1,1,0,180345.44,0,3,711,False,False,True,False,False,True,0,0,0.0024563686749416074,Low Risk
596,40,5,62389.03,3,1,0,148623.43,1,5,791,True,False,True,True,False,False,1,1,0.9887611324993302,High Risk
578,40,7,0.0,2,0,0,102233.73,0,4,924,False,False,False,True,False,False,0,0,0.005498944984822883,Low Risk
591,36,7,135216.8,1,1,1,122022.89,0,1,710,False,True,True,True,False,False,0,0,7.083160551510625e-05,Low Risk
730,37,5,124053.03,1,1,0,118591.67,0,4,593,True,False,False,False,False,False,0,0,0.030163006540763947,Low Risk
811,31,7,117799.28,1,1,1,182372.35,0,4,885,False,False,True,False,False,True,0,0,5.91025087813144e-05,Low Risk
749,41,5,57568.94,1,1,1,61128.29,0,3,923,False,False,True,False,True,False,0,0,0.0001189263570967464,Low Risk
646,46,4,0.0,3,1,0,93251.42,1,3,470,False,False,False,False,True,False,1,1,0.9979707506643948,High Risk
671,48,9,116711.06,2,0,0,76373.38,0,1,489,True,False,False,False,False,True,0,0,0.04131663906809598,Low Risk
607,29,7,102609.0,1,1,0,163257.44,0,5,800,True,False,True,False,False,False,0,0,0.004421017178523984,Low Risk
689,28,5,95328.6,1,1,0,6129.61,1,3,230,False,True,False,True,False,False,1,1,0.9988979953753566,High Risk
661,38,7,143006.7,1,1,1,15650.89,0,2,689,False,True,True,False,False,True,0,0,0.00010155371738144744,Low Risk
646,30,10,100548.67,2,0,0,136983.77,0,2,905,True,False,False,False,False,False,0,0,0.017635566372124156,Low Risk
565,38,0,122447.76,1,0,0,67339.34,0,4,652,False,True,True,False,True,False,0,0,0.002085668838215893,Low Risk
774,53,4,113709.28,1,1,1,153887.93,1,3,616,False,False,True,False,True,False,1,1,0.9231039017641465,High Risk
785,40,3,0.0,2,1,1,96832.82,0,1,222,False,False,False,True,False,False,0,0,0.0011697918443671494,Low Risk
703,40,7,0.0,2,0,1,122518.5,0,4,566,False,False,False,True,False,False,0,0,0.0007634658980310645,Low Risk
490,34,5,122952.9,2,0,0,154360.97,0,4,957,False,False,True,True,False,False,0,0,0.0005924646408615151,Low Risk
786,33,0,122325.58,1,0,0,34712.34,1,5,629,True,False,False,False,True,False,1,1,0.9997194910476948,High Risk
665,33,2,101286.11,1,1,1,159840.51,0,5,770,False,False,True,False,True,False,0,0,9.660240325148747e-05,Low Risk
592,45,8,84692.5,1,0,1,67214.02,0,5,551,False,True,True,False,False,False,0,0,0.000259989821049388,Low Risk
637,39,3,109698.41,1,1,1,88391.29,1,2,416,True,False,False,False,False,False,1,1,0.9980102814784113,High Risk
811,40,1,101514.89,1,1,1,121765.0,0,3,749,False,False,True,False,False,True,0,0,0.00011908545563371746,Low Risk
488,28,7,139246.22,2,1,0,106799.49,0,2,645,True,False,False,False,True,False,0,0,0.016196553177577608,Low Risk
449,52,6,0.0,2,0,1,123622.0,0,3,995,False,False,True,False,True,False,0,0,0.00015527712544738918,Low Risk
723,47,10,90450.0,2,0,0,103379.31,1,5,244,True,False,False,True,False,False,1,1,0.9996640379417681,High Risk
606,41,4,132670.53,1,1,0,156476.36,1,1,785,True,False,False,False,False,False,1,1,0.9996105825179068,High Risk
707,32,9,0.0,2,0,0,30807.02,0,4,263,False,False,True,False,False,False,0,0,0.005689628019820546,Low Risk
573,30,8,127406.5,1,1,0,192950.6,0,4,927,True,False,True,False,True,False,0,0,0.0027226834296522917,Low Risk
676,31,3,78990.15,1,1,1,124777.14,0,1,225,False,False,True,False,False,True,0,0,0.00045382862201207193,Low Risk
605,33,5,150092.8,1,0,0,71862.79,0,3,509,False,True,True,False,False,False,0,0,0.0026307634592132928,Low Risk
568,27,1,116320.68,1,0,1,45563.94,0,4,376,False,True,False,False,False,False,0,0,0.0016776745622491956,Low Risk
729,38,10,0.0,2,1,0,189727.12,0,1,975,False,True,False,False,True,False,0,0,0.0021586768901055878,Low Risk
554,35,10,74988.59,2,0,1,190155.13,0,1,340,False,False,False,False,True,False,0,0,0.001315830199105108,Low Risk
539,34,4,91622.42,1,1,1,136603.42,0,5,714,True,False,False,False,True,False,0,0,0.0023148548898514515,Low Risk
850,36,5,119984.07,1,1,0,191535.11,1,1,328,True,False,True,True,False,False,1,1,0.998240274091283,High Risk
689,40,4,78119.59,4,1,0,119259.34,1,3,608,True,False,False,False,True,False,1,1,0.9975484966896963,High Risk
615,41,4,130385.82,1,0,1,130661.95,0,2,448,False,False,True,False,False,True,0,0,0.0003900129332031966,Low Risk
539,39,1,0.0,1,1,1,28184.7,0,5,445,False,False,True,False,True,False,0,0,0.00047621340531690657,Low Risk
601,24,7,0.0,2,0,0,144660.42,0,4,295,False,True,True,False,False,True,0,0,0.0026127814908685956,Low Risk
678,36,3,145747.67,2,0,1,89566.74,0,1,824,True,False,True,False,False,True,0,0,0.00035090165976795233,Low Risk
850,36,0,136980.23,2,1,1,99019.65,0,5,416,True,False,False,False,False,True,0,0,0.0013396667914252055,Low Risk
517,39,3,0.0,2,0,1,12465.51,0,5,805,False,True,True,False,True,False,0,0,0.00013073058074030062,Low Risk
793,34,5,127758.09,1,1,0,143357.03,0,2,633,True,False,False,True,False,False,0,0,0.01813775257567063,Low Risk
579,33,1,118392.75,1,1,1,157564.75,0,1,793,False,False,False,False,False,False,0,0,0.0007762798290800792,Low Risk
709,39,8,0.0,2,1,0,56214.09,0,3,958,False,False,True,True,False,False,0,0,0.0006677396625989138,Low Risk
646,57,6,90212.0,1,1,0,13911.27,1,4,594,True,False,False,False,True,False,1,1,0.9997508060068476,High Risk
587,35,5,121863.61,1,1,1,23481.69,1,2,260,True,False,True,False,False,False,1,1,0.9935191166481725,High Risk
849,41,6,0.0,2,1,1,169203.51,1,1,618,False,False,False,False,False,False,1,1,0.9825952141859313,High Risk
660,37,2,97324.91,1,1,0,23291.83,0,2,942,False,False,True,False,False,False,0,0,0.0017647296681086732,Low Risk
627,39,5,124586.93,1,1,0,93132.61,1,2,265,True,False,False,False,False,False,1,1,0.9998572399005319,High Risk
547,51,1,0.0,2,1,1,56908.41,0,2,868,False,False,False,False,False,True,0,0,0.0007033037243388071,Low Risk
554,39,2,129709.62,1,1,0,173197.12,0,1,313,False,False,True,False,True,False,0,0,0.003784789697966461,Low Risk
678,54,7,128914.97,1,0,0,191746.23,1,2,323,False,False,True,False,False,True,1,1,0.99760917301752,High Risk
605,28,10,113690.83,1,1,0,33114.24,0,5,943,True,False,True,False,False,False,0,0,0.003963572338647257,Low Risk
757,44,4,123322.15,1,1,0,137136.29,0,2,521,False,False,False,True,False,False,0,0,0.007352453690600103,Low Risk
625,34,6,0.0,2,0,0,197283.2,0,5,503,False,False,True,False,True,False,0,0,0.002325255948289648,Low Risk
841,33,7,154969.79,2,1,1,99505.75,0,3,907,True,False,False,False,True,False,0,0,0.0004953707889490878,Low Risk
557,40,4,0.0,2,0,1,105433.53,0,2,281,False,True,False,False,False,True,0,0,0.001739713212262271,Low Risk
520,33,4,156297.58,2,1,1,166102.61,0,1,477,False,False,True,False,False,False,0,0,0.00012575182969228098,Low Risk
688,20,8,137624.4,2,1,1,197582.79,0,4,742,False,False,True,True,False,False,0,0,2.6920358770628674e-05,Low Risk
833,29,1,96462.25,2,0,1,48986.18,0,4,298,True,False,True,False,True,False,0,0,0.000783334655120759,Low Risk
730,38,0,38848.19,2,0,0,94003.11,0,5,279,True,False,True,False,False,True,0,0,0.013301412165186757,Low Risk
704,23,6,166594.78,1,1,1,155823.2,0,4,881,False,False,True,True,False,False,0,0,3.996964917992327e-05,Low Risk
643,34,6,0.0,2,1,1,116046.22,0,3,596,False,True,True,False,False,False,0,0,0.00010843787982876638,Low Risk
540,48,2,109349.29,1,1,0,88703.04,1,5,521,False,False,True,False,False,False,1,1,0.9962149664303529,High Risk
626,44,10,0.0,2,0,0,164287.86,0,4,627,False,False,True,True,False,False,0,0,0.0016635568624646206,Low Risk
640,30,5,32197.64,1,0,1,141446.01,0,4,460,True,False,False,True,False,False,0,0,0.00569028226071553,Low Risk
705,35,3,0.0,2,0,1,66331.01,0,3,547,False,False,False,True,False,False,0,0,0.0009892149725448615,Low Risk
584,62,9,137727.34,2,0,1,121102.9,0,5,581,True,False,False,False,False,False,0,0,0.002579250656186068,Low Risk
577,41,6,0.0,1,1,1,167621.18,0,2,545,False,False,True,False,False,False,0,0,0.00041568247967676907,Low Risk
566,40,2,97001.36,2,1,0,154486.01,0,1,719,True,False,False,False,False,False,0,0,0.021921274611908178,Low Risk
646,35,1,121952.75,2,1,1,142839.82,0,4,316,True,False,False,False,True,False,0,0,0.002107939428444101,Low Risk
661,34,0,0.0,2,1,0,185555.63,0,5,996,False,False,False,False,False,True,0,0,0.0029779733030086282,Low Risk
658,42,8,102870.93,1,0,1,103764.55,1,4,811,False,False,True,False,True,False,1,1,0.9360480389007015,High Risk
521,22,10,0.0,1,1,1,101311.95,0,3,882,False,True,False,False,False,True,0,0,0.0005321733758569514,Low Risk
616,31,8,0.0,1,0,1,76456.17,0,5,675,False,False,False,False,False,True,0,0,0.0017314879674890024,Low Risk
838,67,4,103267.8,1,1,1,78310.04,0,5,241,False,True,False,True,False,False,0,0,0.0007002302353214727,Low Risk
709,45,2,0.0,2,0,1,162922.65,0,1,815,False,True,False,False,True,False,0,0,0.0005258238827243622,Low Risk
823,38,1,0.0,2,1,0,156603.7,0,2,825,False,False,True,False,False,True,0,0,0.0009885867426230174,Low Risk
727,41,10,0.0,2,0,1,47468.56,0,5,408,False,True,False,False,False,False,0,0,0.0010233907848027747,Low Risk
682,50,10,128039.01,1,1,1,102260.16,0,4,947,False,True,False,False,False,True,0,0,0.00022767263376580172,Low Risk
527,41,10,136733.24,1,1,1,57589.29,0,4,661,True,False,False,False,False,False,0,0,0.0030644788561060045,Low Risk
605,39,6,111169.91,1,0,0,9641.4,0,5,642,False,False,True,False,False,True,0,0,0.003302672511005851,Low Risk
649,38,8,0.0,1,1,0,103760.53,0,2,858,False,True,False,False,False,True,0,0,0.00686473633267776,Low Risk
679,36,6,147733.64,1,0,1,172501.38,0,5,982,False,False,True,False,True,False,0,0,7.730420330689346e-05,Low Risk
582,26,6,114450.32,1,1,1,14081.64,0,2,480,True,False,True,False,False,True,0,0,0.0010197069528661703,Low Risk
530,36,7,0.0,2,1,0,80619.09,0,5,761,False,True,False,False,False,True,0,0,0.003919563347874668,Low Risk
775,33,3,83501.66,2,1,0,128841.31,0,3,816,True,False,True,False,False,False,0,0,0.002691991189539139,Low Risk
603,56,5,90778.76,2,1,0,162223.67,1,4,975,False,True,False,False,True,False,1,1,0.9927174869720707,High Risk
495,40,1,140197.71,2,1,0,150720.39,0,4,970,False,False,False,False,True,False,0,0,0.0022231390158248023,Low Risk
668,37,7,128645.67,1,1,0,92149.64,0,3,753,False,False,False,False,True,False,0,0,0.006169455502380476,Low Risk
737,45,2,99169.67,2,1,1,78650.95,0,5,875,True,False,False,True,False,False,0,0,0.0006253852956889801,Low Risk
659,35,6,0.0,2,1,1,58879.11,0,1,710,False,False,True,True,False,False,0,0,0.00011543280078971041,Low Risk
530,48,0,0.0,1,1,0,85081.09,0,2,737,False,False,False,False,True,False,0,0,0.01877756373716403,Low Risk
634,45,9,0.0,2,0,0,17622.82,0,3,300,False,False,True,True,False,False,0,0,0.004558151698898177,Low Risk
486,63,9,97009.15,1,1,1,85101.0,0,1,575,False,False,True,True,False,False,0,0,0.0002497886302854533,Low Risk
836,29,9,133681.78,1,1,1,153747.73,0,1,954,False,False,False,False,True,False,0,0,0.00027776908203725896,Low Risk
510,63,8,0.0,2,1,1,115291.86,0,2,960,False,False,True,False,False,True,0,0,0.00011392341248137294,Low Risk
809,24,4,0.0,2,1,0,193518.76,0,1,507,False,False,False,True,False,False,0,0,0.005564306182402888,Low Risk
596,33,2,139451.67,1,0,0,63142.12,0,4,640,False,False,True,False,True,False,0,0,0.002793242053918445,Low Risk
717,48,7,123764.95,1,1,1,169952.82,0,5,652,False,False,True,False,False,False,0,0,0.00012277541168411683,Low Risk
737,39,7,130051.66,2,0,0,55356.39,1,2,722,False,True,False,False,False,True,1,1,0.9969663072599735,High Risk
543,37,3,0.0,2,1,1,78915.68,0,2,701,False,True,True,False,True,False,0,0,0.00010536378449626541,Low Risk
761,36,8,108239.11,2,0,0,99444.02,0,4,954,True,False,True,False,False,False,0,0,0.0028090010248550293,Low Risk
545,23,2,0.0,2,1,0,189613.12,0,5,322,False,False,True,False,False,True,0,0,0.002301425096463729,Low Risk
608,38,8,103653.51,2,1,1,137079.86,0,3,843,True,False,False,False,False,True,0,0,0.0009482093699836653,Low Risk
537,33,7,136082.0,1,1,0,62746.54,0,3,808,False,True,False,False,False,True,0,0,0.004329441514380259,Low Risk
513,88,10,0.0,2,1,1,52952.24,0,1,627,False,True,True,False,True,False,0,0,0.00018615021408029345,Low Risk
664,31,7,104158.84,1,1,0,134169.85,0,2,951,False,False,False,False,True,False,0,0,0.004637763137388589,Low Risk
499,55,4,126817.65,2,1,0,123269.71,0,5,390,True,False,False,False,True,False,0,0,0.025681840945065544,Low Risk
703,50,8,160139.59,2,1,1,79314.1,0,2,635,False,False,True,False,True,False,0,0,7.028085877442838e-05,Low Risk
706,29,1,209490.21,1,1,1,133267.69,1,2,243,False,True,False,False,False,False,1,1,0.9835332378939843,High Risk
598,23,6,0.0,2,1,0,153229.19,0,2,737,False,True,False,True,False,False,0,0,0.0028822481473360193,Low Risk
743,39,8,0.0,1,1,0,94263.44,0,3,296,False,False,False,False,True,False,0,0,0.02448656860379473,Low Risk
722,32,5,106807.64,1,1,1,76998.69,0,5,659,True,False,False,False,True,False,0,0,0.002074931137928587,Low Risk
646,50,0,104129.24,2,1,0,181794.86,1,4,377,False,False,True,False,False,False,1,1,0.9932723691361345,High Risk
599,25,3,0.0,2,1,1,120790.02,0,1,488,False,True,True,False,True,False,0,0,0.00013484305201475188,Low Risk
704,32,7,127785.17,4,0,0,184464.7,1,1,981,False,False,True,False,True,False,1,1,0.9325040092721034,High Risk
675,54,6,0.0,1,1,0,110273.84,1,2,420,False,False,True,False,False,True,1,1,0.9979466006081363,High Risk
590,22,7,125265.61,1,1,1,161253.08,0,5,851,False,True,True,False,True,False,0,0,4.409067988377913e-05,Low Risk
644,28,0,0.0,2,1,0,119419.37,0,5,266,False,True,True,True,False,False,0,0,0.0013095790525390505,Low Risk
850,38,7,115378.94,1,0,1,162087.82,0,3,348,False,True,True,False,False,False,0,0,0.00022421529103502637,Low Risk
668,31,9,0.0,2,0,0,41291.73,0,1,448,False,False,False,False,False,True,0,0,0.02138196992373696,Low Risk
715,28,7,160376.61,1,0,0,196853.11,0,5,987,False,False,True,False,False,False,0,0,0.0008524519465529963,Low Risk
635,35,7,0.0,2,1,1,65951.65,0,2,318,False,True,False,True,False,False,0,0,0.0006665616323235994,Low Risk
601,50,2,115625.07,1,1,0,185855.21,0,5,666,False,False,True,False,False,False,0,0,0.001772552624623216,Low Risk
741,50,1,78737.61,1,1,1,13018.96,0,3,261,False,True,True,False,True,False,0,0,0.00029851433728983386,Low Risk
711,28,8,0.0,2,0,0,105159.89,0,2,459,False,False,False,True,False,False,0,0,0.011847601895629205,Low Risk
664,38,4,74306.19,2,1,0,154395.56,0,3,733,False,False,False,False,False,False,0,0,0.004764146027342315,Low Risk
672,31,6,91125.75,1,1,0,177295.92,0,4,597,False,False,True,False,False,False,0,0,0.001902436341701676,Low Risk
796,24,8,0.0,2,1,0,61349.37,0,4,612,False,False,True,True,False,False,0,0,0.00093638606231489,Low Risk
543,30,4,140916.81,1,1,0,157711.18,0,1,470,False,False,True,False,True,False,0,0,0.0025418451572922877,Low Risk
515,45,7,120961.5,3,1,1,39288.11,1,2,692,True,False,True,True,False,False,1,1,0.924575082403854,High Risk
620,29,3,0.0,2,0,1,153392.28,0,3,475,False,False,False,False,False,True,0,0,0.0013703361302002707,Low Risk
584,30,8,112013.81,1,1,0,177772.03,1,4,641,True,False,False,False,True,False,1,1,0.99951195634198,High Risk
686,39,10,136258.06,1,0,0,89199.51,0,2,232,False,True,True,False,True,False,0,0,0.003617675937589936,Low Risk
573,50,0,159304.07,1,0,1,155915.24,1,4,466,False,True,True,False,False,True,1,1,0.9437237429629469,High Risk
757,34,1,129398.01,2,0,0,44965.44,0,4,276,True,False,False,False,True,False,0,0,0.042031845236670966,Low Risk
657,33,1,84309.57,2,0,0,103914.4,0,2,772,False,False,True,False,False,True,0,0,0.0015496978718903447,Low Risk
739,58,2,101579.28,1,1,1,72168.53,0,5,277,False,False,True,False,False,True,0,0,0.00032905906393850513,Low Risk
832,29,5,0.0,2,1,0,178779.52,0,5,922,False,False,False,False,True,False,0,0,0.0024100272480498336,Low Risk
682,26,0,110654.02,1,0,1,111879.21,0,2,899,False,False,False,False,True,False,0,0,0.0007651468427834674,Low Risk
850,38,5,0.0,2,1,0,16491.64,0,1,829,False,False,True,False,False,True,0,0,0.001292762861424985,Low Risk
699,40,8,122038.34,1,1,0,102085.35,0,4,547,False,False,False,False,False,False,0,0,0.009794046868905702,Low Risk
765,33,5,84557.82,1,1,1,69039.43,0,1,927,False,True,False,False,True,False,0,0,0.0003371248366152037,Low Risk
570,29,4,153040.03,1,1,1,131363.57,1,3,762,False,False,False,False,False,True,1,1,0.9768220746391214,High Risk
595,25,7,106570.34,2,0,1,177025.79,0,3,506,True,False,False,True,False,False,0,0,0.0018378141949678868,Low Risk
850,31,3,121237.65,1,1,1,31022.56,0,3,610,False,True,False,False,True,False,0,0,0.0004234238918430109,Low Risk
561,32,5,0.0,2,1,0,84871.99,0,4,332,False,False,True,False,False,True,0,0,0.0030368761432062077,Low Risk
521,41,2,0.0,2,1,1,113089.43,0,4,243,False,False,False,True,False,False,0,0,0.0011952453589661146,Low Risk
702,43,6,116121.67,1,1,0,61602.42,0,2,488,False,True,True,False,False,False,0,0,0.0020708852028118907,Low Risk
619,42,8,132796.04,3,1,1,191821.35,1,5,845,True,False,False,False,False,True,1,1,0.963803015176461,High Risk
555,32,4,0.0,2,1,1,54405.79,0,4,850,False,True,True,False,False,False,0,0,7.938405821652414e-05,Low Risk
579,39,2,151963.26,2,1,0,158948.63,0,1,393,False,True,False,False,True,False,0,0,0.004423185459253481,Low Risk
544,53,9,0.0,1,1,0,125692.07,1,4,364,False,True,False,False,False,False,1,1,0.9994179222049782,High Risk
792,19,7,143390.51,1,1,0,33282.84,0,4,391,False,False,True,False,False,False,0,0,0.002254134411813409,Low Risk
659,30,8,154159.51,1,1,0,40441.1,0,4,426,True,False,False,False,False,False,0,0,0.040956971182652006,Low Risk
460,35,8,102742.91,2,1,1,189339.6,0,5,366,True,False,False,False,False,False,0,0,0.0024058092296324225,Low Risk
557,39,8,146200.01,1,1,0,177944.64,0,2,779,False,False,True,True,False,False,0,0,0.0009239904986502287,Low Risk
564,31,0,125175.58,1,1,1,72757.33,0,5,572,False,True,True,False,False,False,0,0,0.00013145847732760687,Low Risk
489,38,2,126444.08,2,1,1,82662.73,0,4,526,True,False,True,False,False,True,0,0,0.0004234511148429466,Low Risk
629,35,4,174588.8,2,0,1,158420.14,0,1,391,False,True,True,False,False,False,0,0,0.0001260151949140531,Low Risk
586,29,3,0.0,2,1,1,142238.54,0,2,1000,False,False,True,True,False,False,0,0,5.699786778745518e-05,Low Risk
628,33,6,0.0,2,0,0,184230.23,0,3,529,False,False,True,False,False,True,0,0,0.0027792798163428626,Low Risk
749,46,9,66582.81,1,1,0,78753.12,1,1,968,False,True,False,False,True,False,1,1,0.997116657020825,High Risk
703,32,1,125685.79,1,1,1,56246.72,0,4,960,False,False,True,False,False,False,0,0,9.325056676273903e-05,Low Risk
790,41,7,109508.68,1,0,0,86776.38,0,3,233,False,True,False,False,False,True,0,0,0.017184053832589856,Low Risk
733,64,3,0.0,2,1,1,75272.63,0,3,842,False,False,True,True,False,False,0,0,8.582145602671315e-05,Low Risk
591,31,8,0.0,1,1,1,141677.33,0,1,997,False,True,True,True,False,False,0,0,7.376852635143912e-05,Low Risk
640,32,6,118879.35,2,1,1,19131.71,0,2,869,False,True,False,False,True,False,0,0,0.00018586876400219514,Low Risk
565,34,6,0.0,1,1,1,63173.64,0,5,244,False,False,True,True,False,False,0,0,0.00043018331472009726,Low Risk
556,40,5,125909.85,1,1,1,95124.4,0,4,280,False,False,True,False,False,True,0,0,0.0003193866713062318,Low Risk
555,33,5,127343.4,1,0,1,121789.3,0,1,311,False,True,True,False,True,False,0,0,0.0003495965500252241,Low Risk
738,43,9,121152.05,2,1,0,64166.7,1,5,912,True,False,True,False,False,False,1,1,0.9936036017739355,High Risk
799,30,9,0.0,2,1,0,136827.96,0,5,888,False,False,False,False,False,False,0,0,0.0033225393771385624,Low Risk
737,31,5,121192.22,2,1,1,74890.58,0,2,815,True,False,True,False,True,False,0,0,0.0001954002106344925,Low Risk
601,38,4,60013.81,1,1,1,38020.05,0,3,895,False,False,True,False,False,True,0,0,0.00016152047786429326,Low Risk
685,34,6,83264.28,1,0,0,9663.28,0,5,449,False,True,True,True,False,False,0,0,0.002241128964212118,Low Risk
558,26,1,148853.29,2,1,1,24411.02,0,5,407,True,False,True,False,False,True,0,0,0.00041856873325719554,Low Risk
571,35,1,104783.81,2,0,1,178512.52,0,2,350,False,False,False,True,False,False,0,0,0.0009021440218001727,Low Risk
623,44,6,0.0,2,0,0,167162.43,0,2,520,False,False,False,False,False,False,0,0,0.0186934482529805,Low Risk
602,33,5,164704.38,1,0,1,180716.1,1,1,342,False,False,True,False,False,True,1,1,0.9693142653281085,High Risk
689,30,5,136650.89,1,1,1,41865.72,1,1,432,True,False,False,False,True,False,1,1,0.9972415333286123,High Risk
712,33,6,0.0,2,1,1,190686.16,0,5,460,False,False,False,True,False,False,0,0,0.00043632138872121,Low Risk
664,55,8,0.0,2,1,1,139161.64,0,5,220,False,False,True,False,False,True,0,0,0.00026210715752344094,Low Risk
627,28,3,157597.61,1,0,1,34097.22,0,3,768,False,True,False,False,True,False,0,0,0.0005511106478260754,Low Risk
651,23,4,115636.05,2,1,0,70400.86,0,5,710,False,True,True,False,True,False,0,0,0.0004155583916571658,Low Risk
697,47,6,128252.66,1,1,1,168053.4,0,1,281,False,False,False,False,False,False,0,0,0.0016695849089896394,Low Risk
579,22,3,118680.57,1,1,1,49829.8,0,5,433,False,True,True,False,False,True,0,0,0.0001403814171417943,Low Risk
836,32,4,109196.67,2,1,0,55218.02,0,4,246,True,False,False,False,False,False,0,0,0.030685150904013504,Low Risk
551,49,1,150777.72,2,1,1,135757.27,0,5,986,False,True,True,False,True,False,0,0,2.230975414010751e-05,Low Risk
749,36,7,0.0,2,0,0,80134.65,0,3,936,False,True,True,False,False,False,0,0,0.0010205488574089624,Low Risk
549,38,8,107283.4,1,0,0,157442.75,0,4,555,False,False,False,False,False,True,0,0,0.01545889635107939,Low Risk
682,42,0,0.0,1,0,1,91981.85,1,5,361,False,False,False,True,False,False,1,1,0.9953117723849249,High Risk
486,37,9,115217.99,2,1,0,144995.33,0,1,882,True,False,True,True,False,False,0,0,0.0020118270023515017,Low Risk
480,35,2,165692.91,1,1,1,197984.58,0,5,592,False,False,True,True,False,False,0,0,8.912295514292512e-05,Low Risk
630,34,9,106937.05,2,1,0,138275.01,0,3,624,True,False,False,False,False,True,0,0,0.015006287318288958,Low Risk
577,44,1,152086.15,1,0,1,44719.5,1,4,951,True,False,False,False,True,False,1,1,0.9953324803334624,High Risk
690,35,9,107944.33,2,0,0,48478.47,0,5,469,False,False,False,True,False,False,0,0,0.006297684864825804,Low Risk
726,26,1,80780.16,1,1,1,19225.85,0,2,457,False,True,False,False,False,True,0,0,0.0009308279830805232,Low Risk
572,26,5,0.0,2,1,0,119381.41,0,2,502,False,True,False,False,False,True,0,0,0.006940231546527222,Low Risk
461,40,7,0.0,2,1,0,176547.8,0,3,252,False,False,False,False,False,False,0,0,0.02000203016652451,Low Risk
850,55,7,0.0,1,0,0,171762.87,1,3,987,False,True,False,False,False,True,1,1,0.9981189556960691,High Risk
561,34,1,78829.53,1,1,1,12148.2,0,4,773,False,False,True,True,False,False,0,0,0.00014128587737571063,Low Risk
727,34,2,146407.11,1,1,1,72073.72,0,2,647,True,False,True,True,False,False,0,0,0.0003915154261601904,Low Risk
682,46,2,0.0,1,1,1,114442.66,0,3,257,False,False,False,False,False,False,0,0,0.0033219295848532044,Low Risk
699,39,1,0.0,2,0,0,93826.63,0,5,350,False,False,False,True,False,False,0,0,0.013983786768161578,Low Risk
498,41,4,87541.06,2,1,1,12577.21,1,3,326,True,False,False,True,False,False,1,1,0.9963299800985335,High Risk
636,52,4,111284.53,1,0,1,32936.44,1,2,858,False,True,True,False,True,False,1,1,0.9294653281586165,High Risk
567,49,5,134956.02,1,1,0,93953.84,1,1,980,True,False,False,True,False,False,1,1,0.9992832013594127,High Risk
587,42,5,120233.83,1,1,0,194890.33,0,4,736,False,True,True,False,True,False,0,0,0.0007916423016792198,Low Risk
602,29,3,88814.4,2,1,1,62487.97,0,3,241,False,False,False,False,False,True,0,0,0.0010337063093884206,Low Risk
477,48,2,129120.64,1,0,1,26475.79,0,3,238,False,True,False,True,False,False,0,0,0.0018879946516028728,Low Risk
703,42,9,63227.0,1,0,1,137316.32,0,3,301,True,False,True,False,False,True,0,0,0.0019672759824249657,Low Risk
691,27,3,160358.68,2,1,0,142367.72,0,3,527,True,False,True,True,False,False,0,0,0.0020930089602668386,Low Risk
695,46,3,122549.64,1,1,1,56297.85,0,3,520,False,True,True,False,False,True,0,0,0.00014052626467911392,Low Risk
472,37,1,0.0,2,1,1,48357.9,0,3,793,False,False,False,False,False,True,0,0,0.0007520532818461934,Low Risk
742,33,6,0.0,2,0,0,38550.4,0,3,324,False,False,True,False,True,False,0,0,0.004568822123983963,Low Risk
550,32,8,97514.07,1,1,1,199138.84,0,1,890,False,False,True,True,False,False,0,0,8.23525621124196e-05,Low Risk
350,54,1,152677.48,1,1,1,191973.49,1,3,643,False,True,True,False,False,True,1,1,0.9118786867749535,High Risk
814,31,4,0.0,2,1,1,142029.17,0,2,321,False,False,False,False,False,True,0,0,0.0009814382740618614,Low Risk
683,29,9,0.0,2,1,1,48849.89,0,3,468,False,False,False,True,False,False,0,0,0.0006560818649488336,Low Risk
558,35,1,0.0,2,0,0,111687.57,0,4,875,False,False,True,False,False,False,0,0,0.0021335368303465373,Low Risk
493,36,9,0.0,2,1,1,65816.53,0,4,293,False,False,True,False,False,True,0,0,0.00030852496960576256,Low Risk
510,50,7,123936.54,1,1,1,23768.01,0,5,769,True,False,False,False,False,False,0,0,0.0029839660452065744,Low Risk
595,44,4,96553.52,2,1,0,143952.24,1,4,666,True,False,False,False,False,False,1,1,0.999370924327796,High Risk
590,36,6,92340.69,2,1,1,174667.58,0,5,770,True,False,True,False,True,False,0,0,0.0001896608449393517,Low Risk
615,41,4,0.0,1,0,1,149278.96,0,2,404,False,True,True,False,True,False,0,0,0.0004770002914204626,Low Risk
753,38,9,151766.71,1,1,1,180829.99,0,1,873,True,False,False,True,False,False,0,0,0.0009222943547059312,Low Risk
420,34,1,135549.9,1,0,0,149471.13,1,3,974,True,False,False,False,False,False,1,1,0.9996779979681335,High Risk
494,38,7,174937.64,1,1,0,40084.32,0,5,794,True,False,False,True,False,False,0,0,0.014703543010663915,Low Risk
633,63,4,114552.6,1,1,0,73856.28,1,5,944,False,True,True,False,False,True,1,1,0.9843939470708443,High Risk
479,35,4,125920.98,1,1,1,20393.44,0,5,555,False,True,True,False,False,True,0,0,0.0001398922886471105,Low Risk
589,50,5,144895.05,2,1,1,34941.23,0,2,831,True,False,False,True,False,False,0,0,0.0009133483423467789,Low Risk
713,40,3,114446.84,2,1,1,87308.18,0,4,391,True,False,True,False,False,False,0,0,0.0005009156356771032,Low Risk
573,23,2,0.0,1,1,0,122964.18,0,4,554,False,False,False,False,True,False,0,0,0.01594073456595075,Low Risk
802,41,6,0.0,2,1,0,47322.05,0,2,340,False,True,True,False,False,False,0,0,0.0021977987692880178,Low Risk
675,69,1,0.0,2,1,0,157097.09,0,2,526,False,False,True,False,False,False,0,0,0.0029980297674937107,Low Risk
682,28,10,200724.96,1,0,1,82872.64,1,2,503,False,False,True,False,False,True,1,1,0.9464550180868303,High Risk
796,30,2,137262.71,2,1,0,62905.29,0,1,935,False,False,True,False,False,True,0,0,0.0005171313524750206,Low Risk
761,37,7,132730.17,1,1,0,199293.01,0,2,649,False,True,True,False,True,False,0,0,0.0007771623830208493,Low Risk
636,28,2,115265.14,1,0,0,191627.85,0,1,404,True,False,False,False,False,False,0,0,0.08532011599124263,Low Risk
756,28,8,179960.2,1,1,0,89938.08,0,4,372,False,False,True,True,False,False,0,0,0.0012175593576322092,Low Risk
808,37,2,100431.84,1,1,0,35140.49,1,2,424,True,False,False,False,False,False,1,1,0.9998154851864777,High Risk
597,24,0,108058.07,2,1,1,187826.11,0,3,676,False,True,True,False,True,False,0,0,4.2413688481005735e-05,Low Risk
662,32,9,0.0,2,0,0,65089.38,0,1,670,False,False,True,False,True,False,0,0,0.0028215594397857403,Low Risk
493,38,3,134006.77,1,1,0,89578.32,0,5,520,False,False,True,False,False,True,0,0,0.002315761582994805,Low Risk
729,32,6,93694.42,1,1,1,79919.13,0,2,613,False,False,True,True,False,False,0,0,0.00013592734237047007,Low Risk
660,30,4,0.0,2,1,0,129149.06,0,3,309,False,True,True,False,False,False,0,0,0.0020629151876138466,Low Risk
469,31,6,0.0,1,1,0,146213.75,1,3,219,False,True,False,False,False,False,1,1,0.9995694015579852,High Risk
693,39,4,0.0,2,0,1,142331.39,0,1,550,False,False,False,False,True,False,0,0,0.0013418659625236739,Low Risk
547,50,3,81290.02,3,0,1,177747.03,1,4,899,True,False,True,False,False,False,1,1,0.9455586072013458,High Risk
679,28,9,0.0,2,0,1,61761.77,0,3,293,False,True,False,True,False,False,0,0,0.000920288302821892,Low Risk
656,50,7,0.0,2,0,1,72143.44,0,1,829,False,False,True,True,False,False,0,0,0.00016097987097593144,Low Risk
752,39,3,0.0,1,1,0,188187.05,0,3,839,False,False,True,True,False,False,0,0,0.0012932594524615601,Low Risk
787,85,10,0.0,2,1,1,116537.96,0,2,542,False,False,False,True,False,False,0,0,0.0006964084004611739,Low Risk
615,41,1,126773.43,1,1,1,55551.26,0,2,774,False,True,True,False,False,True,0,0,0.00010257009059668573,Low Risk
771,32,5,62321.62,1,1,1,40920.59,0,5,626,False,False,True,False,False,False,0,0,0.00019549101669505493,Low Risk
688,26,0,0.0,2,1,0,105784.85,0,4,827,False,False,True,False,True,False,0,0,0.0009759681090466897,Low Risk
796,40,1,99745.95,1,1,0,177524.19,0,2,547,True,False,False,False,False,False,0,0,0.038751879046679524,Low Risk
803,50,8,98173.02,1,0,0,22457.25,1,5,642,True,False,False,False,True,False,1,1,0.9997454352110126,High Risk
707,32,9,0.0,2,1,0,126475.79,0,2,947,False,True,True,False,True,False,0,0,0.0005027168534528577,Low Risk
713,38,7,144606.22,1,1,1,56594.36,1,1,656,True,False,False,False,False,True,1,1,0.9956585890723206,High Risk
578,38,7,82259.29,1,1,0,8996.97,0,1,325,False,False,True,False,False,False,0,0,0.00700027381387908,Low Risk
445,61,2,137655.31,1,0,1,29909.84,0,3,335,True,False,False,False,True,False,0,0,0.012553802970637117,Low Risk
638,26,1,105249.76,2,1,1,23491.09,0,4,711,True,False,False,False,False,True,0,0,0.0013702569370491028,Low Risk
477,34,8,139959.55,2,1,1,189875.83,0,4,362,True,False,True,False,False,False,0,0,0.0004519598092446881,Low Risk
545,44,1,0.0,2,1,1,82614.89,0,3,874,False,True,False,False,False,False,0,0,0.00042618290732834055,Low Risk
724,41,4,142880.28,3,0,0,185541.2,1,5,905,False,True,False,False,False,True,1,1,0.9860244718588728,High Risk
850,45,1,121874.89,1,0,0,6865.41,1,3,469,True,False,False,False,False,False,1,1,0.9998616442135944,High Risk
684,35,3,137179.39,1,1,1,37264.11,0,5,981,False,False,True,False,False,False,0,0,8.190336944914033e-05,Low Risk
437,28,2,109161.25,1,1,0,152987.42,0,1,811,False,True,True,True,False,False,0,0,0.0009003107706972916,Low Risk
657,34,3,107136.6,1,1,0,153895.46,0,2,798,False,False,True,False,False,False,0,0,0.0016360559121134694,Low Risk
841,32,2,117070.21,1,1,0,113482.2,0,3,697,True,False,True,False,False,True,0,0,0.004662696917571467,Low Risk
683,35,5,95698.79,1,0,1,182566.76,0,1,986,True,False,False,False,True,False,0,0,0.002363933075429534,Low Risk
691,50,6,136953.47,1,1,1,2704.98,0,5,469,False,False,True,False,True,False,0,0,0.00020129989335720605,Low Risk
504,44,4,113522.64,1,1,1,12405.2,0,1,947,False,True,True,False,False,True,0,0,0.00010561161082686264,Low Risk
649,50,5,155393.32,1,1,1,87351.42,1,5,312,True,False,False,False,False,False,1,1,0.9974311973431398,High Risk
675,35,8,0.0,2,1,0,29062.25,0,2,329,False,True,True,False,True,False,0,0,0.0021090130050324257,Low Risk
638,41,7,0.0,2,1,0,43889.41,0,5,847,False,True,True,False,False,False,0,0,0.0007979412726604493,Low Risk
686,37,9,134560.62,1,1,0,27596.39,0,1,617,False,False,True,False,False,False,0,0,0.002539069418879536,Low Risk
678,41,1,143443.61,1,1,0,196622.28,1,4,407,False,False,False,False,True,False,1,1,0.9987034513167016,High Risk
450,25,9,74237.2,2,0,1,195463.35,0,3,547,False,True,True,False,False,True,0,0,0.00011263926655227364,Low Risk
705,55,8,0.0,2,1,1,14392.68,0,3,761,False,False,False,True,False,False,0,0,0.0004815662760053924,Low Risk
599,31,3,0.0,1,1,1,130086.47,1,4,936,False,True,False,True,False,False,1,1,0.9653718556378555,High Risk
758,26,4,155739.76,1,1,0,171552.02,0,5,757,False,False,True,False,False,True,0,0,0.0007332327492596039,Low Risk
554,55,0,108477.27,1,0,1,140003.0,1,3,641,True,False,False,True,False,False,1,1,0.9972991966511687,High Risk
787,40,6,0.0,2,1,1,84151.98,0,3,598,False,False,False,False,False,True,0,0,0.0006434699707688346,Low Risk
633,34,3,123034.43,2,1,1,38315.04,0,4,570,False,False,False,True,False,False,0,0,0.0003333889932572953,Low Risk
764,40,9,100480.53,1,1,0,124095.69,0,3,261,False,False,False,False,False,True,0,0,0.015171239583820805,Low Risk
710,45,9,108231.37,1,1,1,188574.08,0,5,965,True,False,True,True,False,False,0,0,0.00015737771198217173,Low Risk
544,44,2,108895.93,1,0,0,69228.2,1,3,408,True,False,True,False,False,False,1,1,0.9995673845998325,High Risk
624,35,2,0.0,2,1,0,87310.59,0,2,565,False,True,True,False,True,False,0,0,0.0014056529228862113,Low Risk
836,57,4,101247.06,1,1,0,37141.62,1,4,611,False,True,True,True,False,False,1,1,0.9878312955287557,High Risk
691,31,5,40915.55,1,1,0,126213.84,0,2,402,False,False,False,False,False,True,1,0,0.018492107045041988,Low Risk
515,40,0,109542.29,1,1,1,166370.81,0,5,312,False,False,True,True,False,False,0,0,0.0002171248905327698,Low Risk
461,25,6,0.0,2,1,1,15306.29,0,1,539,False,True,False,False,True,False,0,0,0.0008148348960096785,Low Risk
577,51,2,108867.0,1,0,0,140800.66,1,4,456,False,True,True,False,False,True,1,1,0.9961071845919883,High Risk
526,35,5,0.0,2,1,1,105618.14,0,3,557,False,True,True,False,True,False,0,0,0.00011722866873729634,Low Risk
631,32,10,0.0,2,0,1,196342.66,0,3,556,False,False,True,False,False,True,0,0,0.00020673137304394476,Low Risk
785,38,1,0.0,1,1,0,134964.85,1,3,526,False,False,False,False,False,False,1,1,0.9993742837763326,High Risk
576,39,1,0.0,2,1,1,68814.23,0,5,366,False,False,True,False,False,True,0,0,0.00025497527888453347,Low Risk
629,39,10,0.0,2,1,1,43174.49,1,3,733,False,False,False,False,False,False,1,1,0.9837158746668244,High Risk
754,39,7,157691.98,2,1,0,133600.89,1,1,902,False,True,True,False,False,True,1,1,0.9601976071012279,High Risk
616,46,2,0.0,2,1,0,137136.46,0,2,646,False,False,True,True,False,False,0,0,0.0014349419697770648,Low Risk
683,33,9,0.0,2,1,1,38784.42,0,2,644,False,False,False,False,False,True,0,0,0.000730772911691836,Low Risk
779,71,3,0.0,2,1,1,146895.36,1,1,858,False,False,True,False,True,False,1,1,0.9032252103469721,High Risk
768,37,9,108308.11,1,1,0,41788.25,1,1,346,True,False,True,True,False,False,1,1,0.998792300984512,High Risk
584,33,3,88311.48,2,1,1,177651.38,0,1,882,True,False,True,False,False,True,0,0,0.0002363845766699917,Low Risk
734,39,6,0.0,1,1,1,95135.27,0,1,593,False,True,True,True,False,False,0,0,0.00015793389002957884,Low Risk
669,38,8,0.0,2,1,0,84049.16,0,4,800,False,False,False,False,True,False,0,0,0.004988695329147477,Low Risk
534,53,7,0.0,2,1,1,80619.17,0,5,850,False,False,False,False,True,False,0,0,0.0004841305251507132,Low Risk
462,24,9,69881.09,2,0,1,64421.02,0,3,456,True,False,False,False,False,True,0,0,0.004678189383343147,Low Risk
634,45,2,0.0,4,1,0,101039.53,1,2,611,False,False,False,False,False,True,1,1,0.9954930527817271,High Risk
850,20,7,0.0,2,1,0,31288.77,0,1,396,False,False,True,False,False,False,0,0,0.002794316499200913,Low Risk
642,30,5,129753.69,1,1,0,582.53,0,1,515,True,False,False,False,False,True,0,0,0.050268628521812256,Low Risk
758,41,10,79857.64,1,1,1,78088.17,0,3,824,True,False,True,False,False,False,0,0,0.0004962907247417818,Low Risk
685,42,2,0.0,2,0,0,199992.48,0,2,810,False,True,False,False,False,True,0,0,0.005485653009061851,Low Risk
775,30,10,191091.74,2,1,1,96170.38,0,5,361,False,False,False,False,False,True,0,0,0.0002847346501674651,Low Risk
564,40,7,108407.34,1,1,1,83681.2,0,1,370,True,False,True,False,False,True,0,0,0.0013594872506593168,Low Risk
670,43,9,111677.88,1,1,0,178827.3,1,3,597,True,False,True,True,False,False,1,1,0.9973844871825386,High Risk
832,29,8,93833.86,1,0,1,10417.87,0,2,294,False,True,True,True,False,False,0,0,0.00024694976909603425,Low Risk
619,42,2,0.0,1,1,1,101348.88,1,2,464,False,False,False,False,False,False,1,1,0.9955667030580602,High Risk
607,45,7,123859.6,1,0,1,113051.57,0,1,859,False,False,True,False,False,False,0,0,0.0002416135125946712,Low Risk
721,51,0,169312.13,1,1,0,109078.35,1,2,405,False,True,True,False,True,False,1,1,0.9926090967272926,High Risk
582,39,5,0.0,2,1,1,129892.93,0,4,343,False,False,True,False,False,False,0,0,0.00027715192069647013,Low Risk
688,46,3,0.0,2,0,1,104902.68,0,2,752,False,True,False,False,True,False,0,0,0.000621911979449705,Low Risk
445,64,2,136770.67,1,0,1,43678.06,0,3,650,False,False,True,False,False,False,0,0,0.0004913670746389368,Low Risk
756,24,1,0.0,2,1,0,184182.25,0,5,896,False,False,False,False,False,False,0,0,0.003396856704539084,Low Risk
697,37,7,168066.87,1,1,0,35450.53,0,2,231,False,True,False,True,False,False,0,0,0.007795677546296605,Low Risk
711,38,3,0.0,2,1,0,68487.51,0,4,886,False,False,True,False,False,False,0,0,0.0011456808228037722,Low Risk
618,39,2,91068.56,1,1,0,26578.69,0,2,244,False,False,True,True,False,False,0,0,0.004563671614784516,Low Risk
726,53,1,113537.73,1,0,1,28367.21,0,4,276,False,False,False,True,False,False,0,0,0.0020959375697144284,Low Risk
639,38,9,130233.14,1,1,1,81861.1,0,4,345,False,True,True,False,True,False,0,0,0.00014561870569159915,Low Risk
639,46,10,110031.09,2,1,1,133995.59,0,5,661,True,False,False,False,False,True,0,0,0.001080799820237599,Low Risk
657,41,6,112119.48,1,1,0,17536.82,0,1,476,False,True,False,False,True,False,0,0,0.010470544659377412,Low Risk
717,35,5,103214.71,1,1,0,172172.7,0,4,880,True,False,False,True,False,False,0,0,0.011397698036867325,Low Risk
795,33,9,130862.43,1,1,1,114935.21,0,5,411,True,False,False,True,False,False,0,0,0.0018044410780924268,Low Risk
604,34,7,0.0,2,1,0,193021.49,0,2,457,False,False,False,False,False,True,0,0,0.010032754708200236,Low Risk
489,38,8,0.0,2,0,1,196990.79,0,1,821,False,False,True,False,False,False,0,0,0.000221840728465618,Low Risk
850,31,3,51293.47,1,0,0,35534.68,0,1,580,True,False,False,False,True,False,0,0,0.07470410090627236,Low Risk
796,44,8,165326.2,1,1,1,57205.55,0,2,582,False,False,True,False,False,False,0,0,0.000160998058189132,Low Risk
474,54,3,0.0,1,1,0,108409.17,1,2,427,False,False,True,False,True,False,1,1,0.9983985750128863,High Risk
507,42,6,0.0,2,1,0,34777.23,0,1,487,False,False,True,False,False,False,0,0,0.004256808241305205,Low Risk
503,30,10,136622.55,2,0,0,47310.24,0,3,303,True,False,True,False,True,False,0,0,0.010642839078192556,Low Risk
667,33,4,0.0,2,1,1,131834.75,0,5,835,False,False,True,False,False,False,0,0,8.790254200635443e-05,Low Risk
498,25,8,121702.73,1,1,1,132210.49,0,4,793,True,False,True,False,False,False,0,0,0.0004481542870960004,Low Risk
410,33,6,125789.69,1,0,0,66333.56,1,3,816,False,False,True,False,False,False,1,1,0.9964602747302074,High Risk
637,32,5,0.0,1,0,0,148769.08,0,2,491,False,False,True,True,False,False,0,0,0.005087170108032436,Low Risk
666,34,9,115897.12,1,1,1,25095.03,0,1,427,False,False,False,False,False,True,0,0,0.0014121598075349962,Low Risk
778,48,3,102290.56,2,1,0,182691.31,0,1,434,True,False,False,False,True,False,0,0,0.022843209062129048,Low Risk
642,30,8,80964.57,2,1,0,174738.2,0,4,270,False,False,True,False,True,False,0,0,0.0015596257758370093,Low Risk
784,48,7,0.0,2,1,1,182609.97,0,1,354,False,True,True,False,False,False,0,0,0.0001616440642722098,Low Risk
653,46,5,0.0,2,1,0,49707.85,0,1,231,False,False,False,False,True,False,0,0,0.022417159000710257,Low Risk
585,44,4,0.0,2,0,1,101728.46,0,4,762,False,True,False,False,False,False,0,0,0.0006873154092091654,Low Risk
652,40,1,0.0,2,1,0,126554.96,0,1,247,False,False,False,False,True,False,0,0,0.019048718106011466,Low Risk
633,33,4,137847.41,2,1,0,98349.13,0,1,836,False,True,True,False,False,False,0,0,0.0005180548120479611,Low Risk
785,31,2,121691.54,2,0,0,81778.72,0,4,922,False,True,False,False,True,False,0,0,0.002047893466868345,Low Risk
678,28,4,0.0,2,1,1,144423.17,1,5,772,False,False,False,False,True,False,1,1,0.9682124703023287,High Risk
543,31,4,138317.94,1,0,0,61843.73,0,4,759,False,False,False,False,True,False,0,0,0.010800534040087219,Low Risk
569,37,9,178755.84,1,1,0,199929.17,0,5,255,False,False,True,True,False,False,0,0,0.0014850146061002852,Low Risk
580,38,1,128218.47,1,1,0,125953.83,1,5,951,True,False,False,False,True,False,1,1,0.9992146920554539,High Risk
584,29,4,0.0,2,1,0,88866.92,0,3,781,False,True,False,False,False,False,0,0,0.004751318337517732,Low Risk
656,49,9,97092.87,1,1,0,74771.22,1,4,891,True,False,False,True,False,False,1,1,0.9992556377523352,High Risk
735,49,5,121973.28,1,1,0,148804.36,0,1,916,False,False,True,False,False,False,0,0,0.0013122289253449618,Low Risk
531,36,9,99240.51,1,1,0,123137.01,0,1,717,False,True,False,False,True,False,0,0,0.006211629040468939,Low Risk
485,25,3,134467.26,1,1,1,113266.09,0,2,734,False,False,False,False,True,False,0,0,0.0006886704047247371,Low Risk
654,38,8,0.0,2,1,0,88659.44,0,4,605,False,False,True,False,False,False,0,0,0.0018546047021733127,Low Risk
761,26,1,0.0,2,1,1,199409.19,0,5,497,False,False,False,False,True,False,0,0,0.0005030643159485531,Low Risk
693,35,5,124151.09,1,1,0,88705.14,1,5,854,False,False,False,False,False,False,1,1,0.997758791598879,High Risk
718,40,9,0.0,2,0,0,121537.91,0,4,299,False,True,True,True,False,False,0,0,0.0018830146698225305,Low Risk
670,22,2,114991.45,1,1,1,37392.56,0,1,997,False,False,True,False,False,False,0,0,0.00011812661092287539,Low Risk
707,58,3,102346.86,1,1,1,114672.64,0,5,887,False,False,False,False,True,False,0,0,0.0004455954656501001,Low Risk
714,25,2,0.0,1,1,1,132979.43,0,3,484,False,True,True,False,False,False,0,0,0.00023374389017389105,Low Risk
571,22,3,108117.1,1,0,1,53328.7,0,2,920,False,True,False,False,True,False,0,0,0.0005706572567664716,Low Risk
559,49,2,147069.78,1,1,0,120540.83,1,1,245,False,False,True,False,False,False,1,1,0.9979104703605203,High Risk
617,44,9,49157.09,2,1,0,53294.17,0,3,635,True,False,True,False,False,False,0,0,0.006263772479631345,Low Risk
799,52,4,161209.66,1,1,1,89081.41,0,4,373,False,False,False,False,False,True,0,0,0.000878011524604143,Low Risk
850,39,6,96863.13,1,1,1,121681.19,0,4,883,False,False,True,False,False,False,0,0,8.815189054622996e-05,Low Risk
724,33,9,119278.44,1,1,1,197148.24,0,2,306,True,False,False,True,False,False,0,0,0.0027878762602770945,Low Risk
554,37,3,0.0,2,1,0,166177.3,0,1,612,False,True,True,True,False,False,0,0,0.0010011724051581152,Low Risk
677,41,8,146720.98,2,1,1,4195.84,0,3,562,True,False,False,False,False,False,0,0,0.001842510972293932,Low Risk
675,40,8,79035.95,1,1,0,142783.98,1,5,481,False,True,False,True,False,False,1,1,0.9975883109477458,High Risk
699,43,2,136487.86,2,1,0,82815.93,0,4,237,False,True,True,False,True,False,0,0,0.0010825433320947543,Low Risk
695,52,8,103023.26,1,1,1,22485.64,0,2,282,True,False,True,True,False,False,0,0,0.0011490683144887467,Low Risk
528,36,7,0.0,2,1,0,60536.56,0,5,458,False,True,True,False,False,True,0,0,0.0015327491426983123,Low Risk
645,45,8,85325.93,1,0,0,22558.74,0,3,653,False,False,False,False,False,False,0,0,0.0220156324486427,Low Risk
521,40,9,134504.78,1,1,0,18082.06,0,5,257,True,False,False,False,True,False,0,0,0.06085352767647121,Low Risk
748,44,2,92911.52,1,0,1,85495.24,0,5,805,False,False,True,False,True,False,0,0,0.00017408987823118034,Low Risk
745,51,3,99183.9,1,1,1,28922.25,0,5,270,True,False,True,False,False,True,0,0,0.0012437586682238642,Low Risk
655,38,4,0.0,2,0,0,110527.71,0,1,437,False,False,True,True,False,False,0,0,0.0034734653929328696,Low Risk
699,32,4,110559.46,1,1,1,127429.56,0,2,713,False,False,False,False,False,True,0,0,0.0006449651098789122,Low Risk
676,40,8,114005.78,1,1,1,67998.45,0,3,324,False,False,True,False,True,False,0,0,0.00028398880752386976,Low Risk
498,31,10,0.0,2,1,0,13892.57,0,1,433,False,False,False,False,True,False,0,0,0.016792707636679265,Low Risk
482,45,7,156353.46,1,1,0,72643.95,1,4,647,True,False,True,False,True,False,1,1,0.9981706576438742,High Risk
529,67,8,103101.56,2,1,1,154002.02,1,5,572,False,False,True,False,True,False,1,1,0.8917597271560596,High Risk
516,31,3,0.0,2,1,0,124202.26,0,1,413,False,True,False,False,False,True,0,0,0.010114094655916363,Low Risk
611,30,2,104145.65,1,0,0,159629.64,0,2,741,False,False,True,False,False,True,0,0,0.0026877103450610616,Low Risk
562,31,9,117153.0,1,1,1,108675.01,0,4,759,True,False,False,False,True,False,0,0,0.0019070726913047165,Low Risk
617,34,9,0.0,2,1,0,118749.58,0,1,561,False,True,True,False,True,False,0,0,0.0013044877505854007,Low Risk
678,44,2,98009.13,2,0,1,31384.86,0,3,985,True,False,False,False,False,True,0,0,0.0015787626982924797,Low Risk
602,23,7,113758.48,2,0,0,84077.6,0,4,719,False,False,True,False,False,False,0,0,0.0013668759043217492,Low Risk
590,54,4,0.0,2,1,1,93820.49,1,4,723,False,False,False,False,True,False,1,1,0.9818618963344324,High Risk
537,84,8,92242.34,1,1,1,186235.98,0,3,768,True,False,True,False,False,True,0,0,0.0006625408960098017,Low Risk
770,70,9,110738.89,1,1,0,22666.77,1,3,467,False,False,False,False,True,False,1,1,0.9991782730008442,High Risk
711,52,5,0.0,1,1,1,159808.95,0,2,258,False,False,True,False,False,True,0,0,0.0005803343862281142,Low Risk
501,44,4,142051.07,2,0,1,74940.5,0,3,251,False,False,True,True,False,False,0,0,0.00024037951328377178,Low Risk
718,32,8,0.0,2,1,1,41399.33,0,5,685,False,True,True,True,False,False,0,0,4.986819405616811e-05,Low Risk
607,32,7,0.0,3,0,1,10674.62,0,4,701,False,True,False,False,False,False,0,0,0.0003997593108190744,Low Risk
652,38,1,103895.31,1,0,1,159649.44,0,3,607,False,True,False,False,False,True,0,0,0.0008408854385816066,Low Risk
646,48,8,169023.33,2,1,1,175657.55,0,4,593,True,False,True,False,True,False,0,0,0.00019366342207438234,Low Risk
549,37,1,130622.34,2,1,1,128499.94,0,3,623,True,False,False,False,False,True,0,0,0.001517183901042815,Low Risk
687,63,1,137715.66,1,1,1,37938.74,0,1,938,False,True,False,False,True,False,0,0,0.00039142880574514187,Low Risk
621,40,10,163823.37,1,0,0,89519.47,0,3,264,False,False,True,False,False,False,0,0,0.005610457954703262,Low Risk
577,26,1,180530.51,1,0,0,123454.62,0,3,873,False,False,False,False,False,False,0,0,0.007952638215864975,Low Risk
678,29,6,0.0,2,1,0,64443.75,0,3,775,False,True,True,True,False,False,0,0,0.0005894527886126225,Low Risk
735,41,7,179904.0,1,1,1,137180.95,0,1,505,False,False,True,False,False,True,0,0,0.0001487304267045647,Low Risk
670,42,1,115961.58,2,0,1,29483.87,0,4,795,False,False,False,False,False,False,0,0,0.0006129653781993376,Low Risk
807,47,1,95120.59,1,0,0,127875.1,0,3,468,False,False,True,False,True,False,0,0,0.003949510244392284,Low Risk
626,34,3,0.0,2,1,1,37870.29,0,1,604,False,False,False,False,False,True,0,0,0.0010195351782344827,Low Risk
668,59,5,120170.07,1,0,1,50454.8,0,3,442,True,False,False,False,False,False,0,0,0.009238732089574334,Low Risk
573,33,1,160777.9,1,1,1,149536.15,0,5,409,False,True,True,False,True,False,0,0,0.0001050892017756537,Low Risk
623,24,5,0.0,2,1,0,116160.04,0,1,776,False,False,False,True,False,False,0,0,0.004886800453735505,Low Risk
697,49,7,195238.29,4,0,1,131083.56,1,2,503,False,False,False,True,False,False,1,1,0.8980674386358146,High Risk
729,34,3,152303.8,1,1,0,12128.69,0,2,980,False,False,True,False,True,False,0,0,0.0009409912194087819,Low Risk
656,30,4,74323.2,1,1,1,22929.08,0,4,650,False,False,False,False,True,False,0,0,0.0009040607461176045,Low Risk
736,36,8,103914.17,1,1,1,110035.88,1,4,666,True,False,False,True,False,False,1,1,0.9925254802656446,High Risk
579,27,9,0.0,2,1,0,126838.7,0,5,903,False,False,False,True,False,False,0,0,0.0027134891478809995,Low Risk
692,34,7,0.0,2,1,0,195074.62,0,1,427,False,False,False,False,False,False,0,0,0.011923058872143876,Low Risk
586,32,1,149814.54,1,1,0,31830.06,0,3,507,True,False,True,True,False,False,0,0,0.006883519261804843,Low Risk
481,40,3,0.0,1,1,1,32319.93,0,2,415,False,False,True,True,False,False,0,0,0.0005221466619858995,Low Risk
850,32,4,156001.68,2,1,1,151677.31,0,1,882,False,False,True,True,False,False,0,0,2.5372100885274415e-05,Low Risk
509,29,0,107712.57,2,1,1,92898.17,0,2,831,True,False,False,False,False,True,0,0,0.0013597465556626752,Low Risk
797,29,1,0.0,2,1,1,132975.39,0,2,779,False,False,False,False,False,True,0,0,0.0004459391687278306,Low Risk
742,29,4,0.0,2,1,1,180066.59,0,4,646,False,False,False,True,False,False,0,0,0.0003308085374598494,Low Risk
634,52,1,0.0,2,1,1,176913.42,0,4,928,False,True,True,False,True,False,0,0,4.849567362798122e-05,Low Risk
850,31,1,108822.4,1,1,1,132173.31,0,2,747,True,False,False,False,False,False,0,0,0.002182552546999104,Low Risk
732,46,0,0.0,2,1,1,184350.78,0,3,461,False,False,True,False,False,False,0,0,0.00020362620940982468,Low Risk
490,31,3,145260.23,1,0,1,114066.77,0,4,471,False,True,True,False,False,True,0,0,0.00021292565778784634,Low Risk
644,40,8,93183.19,1,1,0,73882.49,0,3,617,False,False,True,True,False,False,0,0,0.00166583330546852,Low Risk
675,28,9,0.0,1,1,0,134110.93,0,2,817,False,False,True,False,False,False,0,0,0.002388948073857613,Low Risk
672,68,0,126061.51,2,1,1,184936.77,0,4,564,True,False,True,True,False,False,0,0,0.00024004099915123095,Low Risk
579,38,8,0.0,2,0,0,91763.67,0,5,835,False,False,True,False,True,False,0,0,0.001632841967488234,Low Risk
739,36,0,0.0,2,0,0,133465.57,0,2,323,False,False,False,True,False,False,0,0,0.01658693629097452,Low Risk
719,76,10,95052.29,1,1,0,176244.87,0,4,517,True,False,False,False,False,False,0,0,0.04360558573997192,Low Risk
704,31,5,132084.66,3,1,1,54474.48,1,4,246,False,False,True,False,False,False,1,1,0.8743615741251796,High Risk
466,26,9,105522.06,1,1,0,10842.46,0,4,887,False,False,True,False,False,True,0,0,0.0014860993066729777,Low Risk
648,37,7,0.0,2,1,0,194238.92,0,4,472,False,False,False,False,True,False,0,0,0.007626716088175053,Low Risk
755,30,4,123217.66,2,0,1,144183.1,0,3,786,False,False,True,True,False,False,0,0,5.5294521040130735e-05,Low Risk
699,41,1,200117.76,2,1,0,94142.35,0,2,706,True,False,False,False,False,True,0,0,0.010566254642463638,Low Risk
662,33,3,0.0,2,0,1,68064.83,0,2,603,False,True,True,True,False,False,0,0,0.0001357173432416412,Low Risk
566,32,10,147511.26,1,1,1,159891.03,0,2,801,False,True,True,True,False,False,0,0,4.5719456872523165e-05,Low Risk
627,44,6,153548.12,1,0,0,35300.08,1,2,740,False,False,True,False,False,False,1,1,0.9963172601933491,High Risk
795,56,5,0.0,1,1,0,35418.69,1,5,675,False,True,False,False,True,False,1,1,0.9985616631546474,High Risk
552,34,4,0.0,2,1,0,140286.69,0,4,878,False,True,False,True,False,False,0,0,0.00225579630596937,Low Risk
610,50,1,113957.01,2,1,0,196526.55,1,4,264,True,False,True,False,False,True,1,1,0.9981708401806506,High Risk
658,55,8,119327.93,1,0,1,119439.66,0,5,397,True,False,False,False,False,False,0,0,0.0069602246686253505,Low Risk
663,32,8,130627.66,1,1,0,47161.25,1,4,423,True,False,True,False,False,True,1,1,0.9986515900520306,High Risk
698,37,8,0.0,2,0,0,145004.39,0,4,422,False,False,True,False,False,False,0,0,0.0035678992140007323,Low Risk
765,34,5,86055.17,2,1,1,104220.5,0,3,921,True,False,True,False,False,True,0,0,0.00016892227196088527,Low Risk
556,26,4,0.0,1,1,0,195167.38,0,4,727,False,False,True,False,False,True,0,0,0.0022441394370934695,Low Risk
640,46,8,0.0,2,1,0,89043.19,0,1,429,False,True,False,True,False,False,0,0,0.006884574093529581,Low Risk
714,28,7,77776.39,1,1,0,177737.07,0,3,264,True,False,True,False,False,False,0,0,0.013594082952914753,Low Risk
706,18,2,176139.5,2,1,0,129654.22,0,3,405,False,False,True,False,True,False,0,0,0.0008386132300242231,Low Risk
664,57,1,0.0,2,1,1,56562.57,0,3,910,False,False,True,False,True,False,0,0,0.0001093239611119313,Low Risk
578,36,8,129745.1,1,1,1,143683.75,0,2,594,True,False,False,False,False,False,0,0,0.003351387433315929,Low Risk
682,48,1,138778.15,1,0,1,168840.23,0,5,229,False,False,True,False,False,True,0,0,0.00040768994393607154,Low Risk
637,39,9,137843.8,1,1,1,117622.8,1,1,730,True,False,False,False,False,True,1,1,0.9949215163555973,High Risk
594,28,0,142574.71,2,1,0,129084.82,0,5,689,True,False,True,True,False,False,0,0,0.001735365616900905,Low Risk
612,33,9,0.0,1,0,0,142797.5,1,3,758,False,False,False,False,False,True,1,1,0.9993424786264422,High Risk
705,56,2,143249.67,1,1,0,88428.41,1,3,613,True,False,False,False,True,False,1,1,0.9996343252895243,High Risk
784,38,10,122267.85,1,0,0,145759.93,0,5,510,False,True,True,False,True,False,0,0,0.0013925349106472383,Low Risk
671,27,5,0.0,2,0,0,120893.07,0,4,962,False,False,True,True,False,False,0,0,0.0008763952648977749,Low Risk
577,29,7,0.0,2,1,1,55473.15,0,5,488,False,False,True,True,False,False,0,0,0.00013062918378983624,Low Risk
773,51,8,116197.65,2,1,1,86701.4,0,3,345,True,False,True,True,False,False,0,0,0.000350200801412417,Low Risk
573,35,9,0.0,2,1,0,11743.89,0,4,253,False,False,True,False,False,False,0,0,0.004471643172245966,Low Risk
647,22,3,97975.82,2,0,1,62083.0,0,5,299,True,False,False,False,False,False,0,0,0.004582704705071872,Low Risk
732,54,0,134249.7,1,0,1,13404.4,0,4,304,False,True,True,False,True,False,0,0,0.0003300002075386183,Low Risk
639,31,3,98360.03,1,0,0,20973.8,0,4,607,False,False,False,False,True,False,0,0,0.017028107450675185,Low Risk
850,43,0,108508.82,3,1,0,184044.8,1,5,721,True,False,True,False,True,False,1,1,0.987274461278652,High Risk
614,41,3,123475.04,1,1,1,179227.52,0,4,539,False,False,False,False,True,False,0,0,0.000735240547158752,Low Risk
677,25,8,130866.19,1,1,0,42410.21,0,5,236,False,True,False,False,False,False,0,0,0.010254417164056067,Low Risk
850,44,3,140393.65,2,0,1,186285.52,0,5,414,True,False,True,False,False,True,0,0,0.00038621622574806276,Low Risk
719,39,5,0.0,2,1,0,145759.7,0,1,337,False,True,True,False,False,True,0,0,0.0018943307603131176,Low Risk
454,34,4,0.0,2,1,0,198817.72,0,2,731,False,False,True,False,True,False,0,0,0.0015346605287919564,Low Risk
652,37,7,0.0,2,1,0,68789.93,0,4,932,False,True,True,True,False,False,0,0,0.0004296448619146972,Low Risk
591,56,9,128882.49,1,1,1,196241.94,1,2,658,False,False,False,False,False,False,1,1,0.9858720047496147,High Risk
581,71,4,0.0,2,1,1,197562.08,0,2,759,False,False,True,False,False,False,0,0,0.00016746647127673727,Low Risk
570,43,9,0.0,2,0,1,11417.26,0,5,236,False,False,False,False,False,True,0,0,0.0025818890789972553,Low Risk
663,42,5,124626.07,1,1,1,78004.5,0,2,676,False,False,False,False,False,True,0,0,0.0007881389883457232,Low Risk
717,59,4,0.0,2,1,1,170528.63,0,1,359,False,False,False,False,False,False,0,0,0.001496868528251636,Low Risk
635,29,7,105405.97,1,1,1,149853.89,0,2,274,False,False,True,False,True,False,0,0,0.0002972856683995739,Low Risk
699,64,9,113109.52,1,1,0,27980.8,1,2,787,False,False,True,False,False,True,1,1,0.9939264089442427,High Risk
608,63,3,139529.93,2,1,1,175696.16,1,2,961,False,True,False,True,False,False,1,1,0.9002716494806767,High Risk
544,40,7,0.0,1,0,1,161076.92,0,5,265,False,False,False,True,False,False,0,0,0.002751290804066903,Low Risk
737,45,10,0.0,2,1,0,1364.54,0,5,531,False,False,True,True,False,False,0,0,0.001367769557903218,Low Risk
756,23,1,112568.31,1,1,1,113408.11,0,5,965,False,False,False,False,False,False,0,0,0.0003343632784192193,Low Risk
656,41,6,101179.23,2,1,1,35230.61,0,2,239,False,True,False,True,False,False,0,0,0.0005142725244890873,Low Risk
505,29,3,145541.56,2,1,1,58019.95,0,1,701,True,False,True,False,False,True,0,0,0.0003421984233227006,Low Risk
659,39,8,52106.33,2,1,1,107964.36,0,1,595,True,False,True,False,False,True,0,0,0.0004916066400037265,Low Risk
659,42,2,0.0,1,0,0,162734.31,1,1,674,False,True,False,False,False,True,1,1,0.9993092852545555,High Risk
546,58,3,106458.31,4,1,0,128881.87,1,5,369,True,False,False,False,False,True,1,1,0.9984771344342198,High Risk
603,35,6,128993.76,2,1,0,130483.56,0,4,733,False,False,True,False,False,False,0,0,0.000761117619197211,Low Risk
703,41,6,109941.51,1,1,0,116267.28,0,5,500,False,False,False,False,False,True,0,0,0.009042214498299776,Low Risk
581,44,7,189318.16,2,1,0,45026.23,1,5,846,False,True,False,False,False,True,1,1,0.9916074563175754,High Risk
803,45,7,0.0,2,1,1,128378.04,0,1,589,False,True,False,False,True,False,0,0,0.000435785396661508,Low Risk
767,33,1,144753.21,1,1,1,132480.75,0,1,541,True,False,False,True,False,False,0,0,0.0021036714533480593,Low Risk
716,39,1,70657.61,2,1,1,76476.05,0,3,421,False,False,True,True,False,False,0,0,0.00011743284759676545,Low Risk
619,58,5,152199.33,1,1,1,86022.09,0,3,520,False,False,True,False,False,True,0,0,0.00020813353213739678,Low Risk
590,29,10,99250.08,1,1,1,129629.41,0,5,931,False,True,False,True,False,False,0,0,0.00016772404430919684,Low Risk
588,40,5,0.0,2,0,0,100727.68,0,1,394,False,False,True,True,False,False,0,0,0.004170444237059557,Low Risk
599,50,3,121159.65,1,0,0,4033.39,1,2,435,False,False,True,False,False,True,1,1,0.998298397572628,High Risk
551,42,1,50194.59,1,1,1,23399.58,0,1,621,False,False,True,False,True,False,0,0,0.00038291952704932027,Low Risk
646,37,7,96558.66,1,0,0,163427.18,0,3,493,False,False,False,False,True,False,0,0,0.016911701685758965,Low Risk
550,29,9,145294.08,2,1,0,147484.13,0,3,872,True,False,True,False,False,True,0,0,0.0017471647874209141,Low Risk
517,59,8,154110.99,2,1,0,101240.08,1,1,872,True,False,False,False,False,False,1,1,0.9992440942848825,High Risk
690,42,5,0.0,2,0,1,120512.08,0,4,915,False,False,False,False,True,False,0,0,0.0005509039901463325,Low Risk
664,36,1,0.0,2,1,1,95372.64,0,4,507,False,False,True,False,True,False,0,0,0.00017039002346064825,Low Risk
649,51,4,0.0,1,1,1,150390.57,0,3,782,False,True,True,False,True,False,0,0,0.0001353878127084234,Low Risk
621,53,9,170491.84,1,1,0,35588.07,1,3,777,False,True,True,False,True,False,1,1,0.9860802300324311,High Risk
661,41,5,28082.95,1,1,0,69586.27,1,1,605,False,True,False,False,True,False,1,1,0.9989661416124508,High Risk
535,30,5,122924.75,1,0,0,62390.59,1,4,244,False,True,False,False,False,False,1,1,0.9994955158333995,High Risk
623,28,7,0.0,1,0,0,129526.57,0,4,223,False,False,True,False,False,True,0,0,0.009530661584901252,Low Risk
646,46,1,170826.55,2,1,0,45041.32,0,2,689,True,False,True,False,True,False,0,0,0.003159893039084527,Low Risk
485,29,7,182123.79,1,1,0,116828.51,1,4,583,False,False,True,True,False,False,1,1,0.9893743106541794,High Risk
480,42,1,152160.21,2,1,0,101778.9,0,3,323,False,False,False,False,False,False,0,0,0.010497864200557726,Low Risk
650,32,4,79450.09,1,1,1,118324.75,0,5,315,False,True,False,False,False,True,0,0,0.0008465392879734994,Low Risk
610,37,10,140363.95,2,1,1,129563.86,0,3,929,False,True,False,True,False,False,0,0,8.502555286099443e-05,Low Risk
545,36,8,73211.12,2,1,0,89587.34,1,3,472,False,True,True,False,True,False,1,1,0.9891531106553388,High Risk
790,32,3,0.0,1,1,0,91044.47,0,5,730,False,True,True,True,False,False,0,0,0.0009408647299415009,Low Risk
647,51,4,131156.76,1,1,0,29883.63,0,3,531,True,False,True,True,False,False,0,0,0.007330355225379106,Low Risk
711,28,8,0.0,2,1,1,64286.39,0,2,997,False,False,True,True,False,False,0,0,5.282712044669265e-05,Low Risk
641,40,4,101090.27,1,1,1,51703.09,0,5,447,False,True,False,True,False,False,0,0,0.0005367892431335945,Low Risk
636,36,1,0.0,3,1,1,74048.1,1,5,244,False,True,True,False,False,False,1,1,0.9005475057981188,High Risk
669,46,3,0.0,2,0,1,8487.75,0,2,665,False,False,True,False,False,True,0,0,0.0003148353961437576,Low Risk
672,53,7,0.0,1,1,1,136910.18,0,3,311,False,False,False,False,True,False,0,0,0.002350933822117761,Low Risk
613,24,7,140453.91,1,1,0,129001.3,0,2,245,False,False,False,False,False,False,0,0,0.017780138690416503,Low Risk
781,32,6,147107.91,1,1,1,40066.95,0,1,740,False,False,True,False,True,False,0,0,0.00011852770932724015,Low Risk
609,39,3,121778.71,1,1,1,138399.67,0,3,985,False,False,True,False,True,False,0,0,7.973129735746485e-05,Low Risk
850,31,6,131996.66,2,1,1,178747.43,0,4,655,False,False,True,False,False,True,0,0,4.172434648843105e-05,Low Risk
690,36,7,101583.11,2,1,0,123775.15,0,2,423,False,False,True,False,False,False,0,0,0.001671502505890022,Low Risk
618,40,1,133245.52,2,1,1,54495.82,0,1,299,True,False,False,False,False,True,0,0,0.0035549865560657594,Low Risk
733,44,6,168165.84,1,0,1,197193.49,0,2,225,False,False,False,False,False,True,0,0,0.001734154745469793,Low Risk
742,27,0,0.0,2,0,1,131534.96,0,1,905,False,False,True,True,False,False,0,0,0.00010504359074520371,Low Risk
697,27,8,141223.68,2,1,0,90591.15,0,1,900,False,False,True,False,True,False,0,0,0.0004979919683228638,Low Risk
704,48,8,167997.6,1,1,1,173498.45,0,2,970,False,True,True,False,False,True,0,0,3.84652664098776e-05,Low Risk
619,28,6,99152.73,2,1,0,48475.12,0,2,321,True,False,False,True,False,False,0,0,0.026754264554205733,Low Risk
706,38,1,0.0,2,1,0,122379.54,0,1,884,False,False,True,False,False,True,0,0,0.0011971858274363828,Low Risk
640,40,8,110340.68,1,1,1,157886.6,0,4,778,False,False,True,False,False,False,0,0,0.00011861091587806193,Low Risk
492,52,8,125396.24,1,1,0,10014.72,1,2,931,True,False,False,False,False,False,1,1,0.9996588207549526,High Risk
579,40,10,45408.85,2,1,0,18732.91,0,5,696,True,False,True,False,True,False,0,0,0.004292288148922756,Low Risk
525,35,7,165358.77,1,0,1,94738.54,0,2,694,False,False,True,False,False,False,0,0,0.0002636432939123622,Low Risk
479,47,1,0.0,1,1,0,95270.83,0,4,782,False,False,True,False,False,False,0,0,0.00383002307946071,Low Risk
618,44,5,157955.83,2,0,0,139297.71,0,5,668,True,False,True,True,False,False,0,0,0.0026864490706428636,Low Risk
644,28,7,155060.41,1,1,0,29179.52,0,5,715,False,False,True,False,False,False,0,0,0.0013743083748328734,Low Risk
582,39,1,132077.48,2,1,0,192255.15,0,3,348,False,False,False,True,False,False,0,0,0.005087184929234856,Low Risk
652,36,1,0.0,2,1,1,151314.98,0,1,946,False,False,True,False,True,False,0,0,8.769889599586406e-05,Low Risk
775,30,5,0.0,1,1,0,193880.6,1,5,807,False,False,False,False,False,False,1,1,0.9984230936909925,High Risk
474,30,9,0.0,2,0,0,63158.22,0,1,894,False,False,False,False,True,False,0,0,0.010887918112392439,Low Risk
814,36,6,0.0,2,1,1,98657.01,0,5,780,False,False,False,False,False,True,0,0,0.0003510235490007252,Low Risk
577,60,10,125389.7,2,1,1,178616.73,0,2,309,False,False,True,True,False,False,0,0,0.0001178554208656475,Low Risk
815,37,1,166115.42,1,1,0,67208.3,0,3,335,False,False,True,False,True,False,0,0,0.002286447026868405,Low Risk
654,29,4,132954.64,1,1,1,146715.07,0,3,810,False,False,True,False,False,True,0,0,9.296062207995442e-05,Low Risk
686,33,9,141918.09,2,0,1,184036.47,0,4,976,True,False,True,True,False,False,0,0,0.0001118347573003923,Low Risk
658,21,7,0.0,2,0,1,154279.87,0,4,653,False,True,True,False,False,True,0,0,0.00010269533278693102,Low Risk
686,39,3,129626.19,2,1,1,103220.56,0,5,813,True,False,True,False,True,False,0,0,0.00015936443803809665,Low Risk
681,63,7,0.0,2,1,1,55054.48,0,1,665,False,False,False,False,True,False,0,0,0.0009099414986328434,Low Risk
526,28,1,112070.44,1,0,1,126281.83,0,4,486,False,False,True,False,False,False,0,0,0.00041710922802967477,Low Risk
621,34,6,0.0,2,1,1,99128.13,0,3,248,False,False,True,False,False,False,0,0,0.0003480853759641471,Low Risk
350,60,3,0.0,1,0,0,113796.15,1,1,958,False,False,False,False,False,True,1,1,0.9995873961444252,High Risk
564,37,9,100252.18,1,1,1,146033.52,0,3,500,False,True,True,False,True,False,0,0,0.0001318215789180331,Low Risk
669,37,4,0.0,1,1,0,132540.33,0,5,968,False,False,True,False,True,False,0,0,0.0013416781316735174,Low Risk
479,34,5,117593.48,2,0,0,113308.29,0,4,513,False,False,True,False,True,False,0,0,0.0020086730859824047,Low Risk
661,31,3,136067.82,2,1,0,65567.91,0,3,796,False,False,False,True,False,False,0,0,0.002314331751562317,Low Risk
765,40,6,138033.55,1,1,1,67972.45,0,5,739,False,False,True,False,True,False,0,0,8.968866158616199e-05,Low Risk
622,31,1,89688.94,1,1,1,152305.47,0,2,588,False,False,False,True,False,False,0,0,0.0007267371798640538,Low Risk
611,36,10,103294.56,1,1,0,160548.12,0,4,296,True,False,False,False,True,False,0,0,0.04679026898336921,Low Risk
576,55,9,0.0,2,1,1,94450.97,0,5,610,False,False,True,False,False,False,0,0,0.00017557585415632854,Low Risk
493,31,3,0.0,1,1,1,176570.28,1,4,808,False,False,False,False,False,True,1,1,0.9873962692222359,High Risk
714,52,4,100755.66,1,1,1,186775.25,0,3,429,False,False,True,False,False,False,0,0,0.0002597324070898501,Low Risk
517,41,2,0.0,2,0,1,75937.47,0,4,540,False,False,True,False,False,True,0,0,0.0003464157131984693,Low Risk
708,42,8,192390.52,2,1,0,823.36,0,2,307,True,False,False,False,False,True,0,0,0.0247765381363622,Low Risk
690,49,8,116622.73,1,0,1,51011.29,0,3,789,False,True,True,False,False,False,0,0,0.00015858722050478445,Low Risk
754,38,2,0.0,2,1,0,180698.32,0,3,357,False,False,True,True,False,False,0,0,0.0016481996560892007,Low Risk
611,68,5,82547.11,2,1,1,146448.01,0,3,631,False,False,True,True,False,False,0,0,8.526223827437561e-05,Low Risk
612,36,2,130700.92,2,0,0,77592.8,0,5,351,True,False,False,False,False,False,0,0,0.04477366043553314,Low Risk
615,49,3,0.0,2,1,1,49872.33,0,5,678,False,False,True,True,False,False,0,0,0.00010789987967892148,Low Risk
560,50,3,0.0,2,1,0,84531.79,0,2,308,False,False,True,False,False,True,0,0,0.004422933017636322,Low Risk
537,38,1,96939.06,1,1,1,102606.92,0,3,942,False,True,False,False,True,False,0,0,0.0003549333575114597,Low Risk
783,44,3,81811.71,1,1,0,164213.53,1,5,611,False,True,False,False,False,False,1,1,0.9978545313225864,High Risk
523,28,2,121164.11,1,1,1,59938.81,0,3,496,False,False,False,True,False,False,0,0,0.0008925082740150088,Low Risk
603,44,9,0.0,1,1,0,138328.24,0,5,696,False,False,True,False,False,False,0,0,0.0028102117790909237,Low Risk
686,22,5,0.0,2,1,0,158974.45,0,2,968,False,True,True,False,False,True,0,0,0.0004784037979993778,Low Risk
520,31,3,108914.17,1,1,1,183572.39,1,3,560,True,False,False,False,False,True,1,1,0.9963718164973591,High Risk
629,44,6,125512.98,2,0,0,79082.76,0,5,690,False,True,False,False,True,False,0,0,0.0035885726297994447,Low Risk
580,32,9,142188.2,2,0,1,128028.6,0,3,332,False,True,True,False,False,False,0,0,0.00014272094762604305,Low Risk
602,29,5,103907.28,1,1,0,161229.84,0,2,861,False,True,True,False,False,True,0,0,0.0008042425693616064,Low Risk
574,39,2,122524.61,2,1,0,88463.63,0,1,686,False,False,False,False,False,True,0,0,0.005586148374540487,Low Risk
613,44,3,0.0,2,0,1,136491.72,0,5,462,False,False,True,True,False,False,0,0,0.00021423865932302814,Low Risk
709,36,8,0.0,2,1,1,69676.55,0,3,829,False,False,False,False,True,False,0,0,0.0004293514455016679,Low Risk
502,33,6,125241.17,2,1,1,158736.07,0,2,742,True,False,False,False,False,False,0,0,0.0014131307427895626,Low Risk
733,33,7,187257.94,1,0,1,190430.81,0,2,356,True,False,False,False,False,False,0,0,0.004776213744331864,Low Risk
812,29,6,0.0,2,0,0,168023.6,0,1,705,False,False,True,False,False,False,0,0,0.0021926482563617974,Low Risk
850,31,1,96399.31,2,1,0,106534.15,0,5,318,False,False,True,False,True,False,0,0,0.0012009219531584655,Low Risk
584,37,1,0.0,2,1,1,180363.56,0,2,684,False,False,False,False,False,True,0,0,0.0006689675610759955,Low Risk
849,41,10,84622.13,1,1,1,198072.16,0,2,901,True,False,True,False,True,False,0,0,0.00026570707937840853,Low Risk
715,40,7,0.0,1,1,1,141359.11,0,5,776,False,False,True,True,False,False,0,0,0.00011503510085744975,Low Risk
509,46,1,0.0,1,1,0,71244.59,1,2,264,False,False,False,False,False,False,1,1,0.999793807922216,High Risk
747,41,5,94521.17,2,1,0,194926.86,0,1,806,False,True,False,False,False,False,0,0,0.0023818449125993305,Low Risk
646,18,10,0.0,2,0,1,52795.15,0,5,938,False,False,True,True,False,False,0,0,7.452837506976816e-05,Low Risk
486,39,8,97819.36,1,0,1,120531.31,0,3,408,False,False,False,False,True,False,0,0,0.002290391097956576,Low Risk
542,25,7,0.0,2,0,1,82393.08,0,3,266,False,False,False,False,True,False,0,0,0.0022714850948414625,Low Risk
682,24,9,57929.81,2,0,0,53134.3,0,5,643,True,False,True,False,False,True,0,0,0.0056085509950299355,Low Risk
651,36,7,0.0,2,1,0,13898.31,0,1,545,False,False,True,True,False,False,0,0,0.0020063412654725238,Low Risk
516,50,7,139675.07,2,1,0,45591.23,0,3,794,True,False,True,True,False,False,0,0,0.002354784213103422,Low Risk
649,24,7,101195.23,1,0,0,133091.32,0,2,536,True,False,True,False,False,True,0,0,0.012883109793627102,Low Risk
660,24,5,85089.3,1,1,1,71638.0,0,3,809,True,False,True,False,True,False,0,0,0.00045308119622440313,Low Risk
605,34,2,0.0,1,0,0,35982.42,0,2,723,False,False,False,False,False,True,0,0,0.028595174898057723,Low Risk
474,37,3,0.0,2,0,0,57175.32,0,4,275,False,True,True,False,False,True,0,0,0.004417909059626026,Low Risk
804,33,10,138335.96,1,1,1,80483.76,0,4,442,True,False,False,False,False,True,0,0,0.0025284146660702984,Low Risk
680,33,10,183768.47,1,1,0,164119.35,0,3,291,False,False,True,False,True,False,0,0,0.0018771607143176336,Low Risk
565,32,4,90322.99,2,0,1,118740.37,0,1,416,True,False,False,False,False,False,0,0,0.005629596632965186,Low Risk
635,40,10,123497.58,1,1,0,131953.23,1,5,774,False,False,False,True,False,False,1,1,0.9968157458107484,High Risk
681,79,0,0.0,2,0,1,170968.99,0,5,333,False,False,False,False,False,False,0,0,0.002318481099022944,Low Risk
833,59,1,130854.59,1,1,1,30722.52,1,2,504,True,False,True,False,False,True,1,1,0.9864855025042601,High Risk
823,71,5,149105.08,1,0,1,162683.06,0,5,915,False,False,True,False,True,False,0,0,9.64075862985691e-05,Low Risk
634,44,9,149961.11,1,1,0,57121.51,0,2,673,False,False,True,True,False,False,0,0,0.0013098799241388992,Low Risk
698,44,10,116363.37,2,1,0,198059.16,0,4,829,True,False,True,False,False,True,0,0,0.001646110568545181,Low Risk
696,38,6,142316.14,1,1,1,8018.49,0,1,365,True,False,True,True,False,False,0,0,0.0008475698459441126,Low Risk
635,41,1,0.0,2,1,0,175611.5,0,2,796,False,True,True,True,False,False,0,0,0.0006110516428344461,Low Risk
698,39,9,133191.19,2,0,1,53289.49,0,2,428,True,False,True,False,False,False,0,0,0.00081618525672424,Low Risk
689,63,1,0.0,2,1,1,186526.12,0,1,371,False,True,False,True,False,False,0,0,0.0006426093163156208,Low Risk
646,69,10,115462.44,1,1,0,40421.87,0,2,701,False,True,True,True,False,False,0,0,0.0011252460828144026,Low Risk
722,35,2,163943.89,2,1,1,15068.18,0,1,883,False,False,False,True,False,False,0,0,0.0001878405391656236,Low Risk
628,46,1,46870.43,4,1,0,31272.14,1,1,826,False,False,False,False,False,False,1,1,0.9943211892362687,High Risk
744,29,1,43504.42,1,1,1,119327.75,0,1,607,False,False,True,False,True,False,0,0,0.00023960819371675438,Low Risk
576,33,3,0.0,2,0,1,190112.05,0,5,334,False,True,True,False,True,False,0,0,0.0001966005055161947,Low Risk
585,36,7,0.0,2,1,0,94283.09,0,4,377,False,False,True,False,False,True,0,0,0.0026518342407624673,Low Risk
479,51,1,107714.74,3,1,0,86128.21,1,2,451,True,False,True,False,False,False,1,1,0.9975575711275493,High Risk
601,43,2,0.0,1,1,0,49713.87,1,3,732,False,False,False,False,True,False,1,1,0.9992739971058168,High Risk
508,38,3,166328.65,2,0,1,22614.19,0,3,789,False,False,False,False,False,False,0,0,0.0006168238605522396,Low Risk
634,24,8,103097.85,1,1,1,157577.29,0,2,532,True,False,True,True,False,False,0,0,0.00048384592750558373,Low Risk
445,48,7,168286.58,1,1,0,16645.77,1,5,938,True,False,False,False,False,False,1,1,0.9994636710249272,High Risk
682,46,7,128029.72,1,1,1,62615.35,0,3,586,False,True,True,True,False,False,0,0,8.42068846445775e-05,Low Risk
646,25,5,182876.88,2,1,1,42537.59,1,1,989,False,True,True,True,False,False,1,1,0.5960758180114412,Medium Risk
722,48,10,138311.76,1,1,1,3472.63,1,2,310,True,False,False,False,False,False,1,1,0.998163200858303,High Risk
651,42,1,116646.76,1,1,0,44731.8,1,2,658,True,False,False,False,False,False,1,1,0.9997528699618133,High Risk
776,38,5,112281.7,1,0,1,89893.6,0,4,962,True,False,True,False,False,False,0,0,0.0004917090493167101,Low Risk
755,34,3,0.0,2,1,1,158816.03,0,1,671,False,False,True,False,True,False,0,0,0.00012171923361145951,Low Risk
575,46,1,0.0,2,1,1,65998.26,0,3,725,False,False,True,False,True,False,0,0,0.00015706262678138417,Low Risk
660,20,6,167685.56,1,1,0,57929.9,0,5,345,False,False,False,False,False,False,0,0,0.010756022188150537,Low Risk
593,46,7,98752.51,1,1,0,145560.38,0,3,442,False,False,False,False,False,True,0,0,0.01391143248378143,Low Risk
621,27,1,74298.43,1,1,1,52581.96,0,5,281,True,False,True,False,True,False,0,0,0.001284043295576737,Low Risk
704,24,10,122109.78,1,1,1,127654.37,0,3,306,False,True,True,False,True,False,0,0,0.00013327998124917825,Low Risk
739,40,5,149131.03,3,1,1,60036.99,1,4,335,True,False,True,True,False,False,1,1,0.9266849840302795,High Risk
644,40,10,139180.97,1,1,1,19959.67,0,3,898,False,False,False,False,True,False,0,0,0.00044876132314842257,Low Risk
637,46,2,143500.82,1,1,0,166996.46,1,2,372,True,False,False,False,False,False,1,1,0.9997949368782928,High Risk
603,39,9,76769.68,1,0,0,48224.72,0,4,452,False,False,False,False,False,False,0,0,0.028830554182902885,Low Risk
501,40,4,125832.2,1,1,1,100433.83,0,3,923,False,False,True,False,False,False,0,0,0.00012963707943118127,Low Risk
706,67,1,123276.69,2,1,1,86507.88,1,1,906,True,False,True,False,False,False,1,1,0.9617235468633176,High Risk
434,41,4,108128.52,1,0,1,56784.11,0,1,695,False,False,True,False,True,False,0,0,0.00041838607528492253,Low Risk
734,40,9,176914.8,1,1,1,12799.23,0,4,720,False,False,False,False,True,False,0,0,0.0004389855942216383,Low Risk
760,28,1,141038.57,2,0,0,16287.38,0,4,882,False,True,True,False,False,False,0,0,0.0005988976964898277,Low Risk
709,30,9,115479.48,2,1,1,134732.99,0,2,488,True,False,True,False,False,False,0,0,0.00038326485371850227,Low Risk
588,35,0,0.0,2,1,1,155485.24,0,3,496,False,False,False,False,True,False,0,0,0.0008798877091672179,Low Risk
512,31,7,0.0,2,0,0,49326.07,0,2,538,False,False,False,False,False,True,0,0,0.020443745982406242,Low Risk
669,47,9,61196.54,1,1,0,58170.24,0,5,269,False,False,False,False,False,True,0,0,0.020556621385972515,Low Risk
516,45,8,109044.3,1,0,1,115818.16,0,5,229,False,True,False,True,False,False,0,0,0.0012674222264280768,Low Risk
749,40,8,141782.57,2,0,0,86333.63,0,3,678,True,False,False,False,False,False,0,0,0.0216780972626274,Low Risk
673,69,3,78833.15,2,1,1,37196.15,0,1,795,True,False,False,False,False,True,0,0,0.002112734361665549,Low Risk
679,52,9,135870.01,2,0,0,54038.62,0,2,510,True,False,True,True,False,False,0,0,0.005714154646276177,Low Risk
539,39,3,0.0,2,1,0,36692.17,0,1,426,False,False,True,False,False,True,0,0,0.004045591507775191,Low Risk
726,34,0,185734.75,1,1,1,102036.82,0,1,691,False,False,False,False,False,True,0,0,0.0005539460291916296,Low Risk
610,41,6,0.0,3,0,0,56118.81,1,2,813,False,False,True,False,True,False,1,1,0.9903344117757539,High Risk
698,45,5,164450.94,1,1,0,141970.02,1,3,347,False,True,True,False,False,True,1,1,0.9920731576862787,High Risk
575,57,8,137936.94,1,1,1,84475.13,0,5,606,False,False,False,True,False,False,0,0,0.0005612125541442801,Low Risk
628,22,3,0.0,1,1,0,85426.28,0,4,483,False,True,False,False,False,False,0,0,0.013793885721633724,Low Risk
546,28,8,0.0,1,1,0,159254.29,0,2,715,False,False,True,True,False,False,0,0,0.002093669438509735,Low Risk
610,37,0,0.0,1,1,0,114514.64,0,5,728,False,False,True,False,True,False,0,0,0.0024972868597945633,Low Risk
831,32,2,146033.62,1,1,0,191260.74,0,5,360,False,False,False,False,False,True,0,0,0.007189344581341707,Low Risk
581,28,3,104367.5,1,1,1,29937.75,0,1,470,False,False,True,False,False,False,0,0,0.00039082473772661375,Low Risk
661,31,7,144162.3,2,1,1,14490.79,0,5,410,False,False,False,False,True,False,0,0,0.0004522450966568299,Low Risk
729,44,4,107726.93,2,1,0,153064.87,0,5,456,False,True,True,False,False,True,0,0,0.0006440458723585078,Low Risk
745,45,10,117231.63,3,1,1,122381.02,1,2,291,True,False,True,True,False,False,1,1,0.9413396332519947,High Risk
709,23,10,0.0,2,0,0,129590.18,0,2,246,False,True,True,False,False,True,0,0,0.002907992023323748,Low Risk
655,37,7,111852.84,2,1,0,10511.13,0,3,313,False,False,False,False,False,True,0,0,0.009618684353474563,Low Risk
686,39,3,111695.62,1,0,0,136643.84,0,4,408,False,False,False,False,False,False,0,0,0.021887588658119444,Low Risk
589,38,2,0.0,1,1,0,79915.28,0,2,985,False,False,True,False,False,True,0,0,0.0022346792581441565,Low Risk
623,40,4,0.0,3,1,0,31669.18,0,2,998,False,True,False,False,True,False,0,0,0.0016751072484765218,Low Risk
585,35,2,0.0,2,1,0,98621.04,1,2,622,False,False,False,False,False,False,1,1,0.9989793979549254,High Risk
499,35,10,0.0,2,1,0,10722.54,0,1,234,False,False,True,True,False,False,0,0,0.00414868483450945,Low Risk
605,51,9,104760.82,1,1,1,165574.54,1,1,675,False,False,False,False,True,False,1,1,0.9858442419321626,High Risk
554,38,3,138731.95,1,1,1,194138.36,0,5,922,False,False,False,False,False,False,0,0,0.00037541334739083366,Low Risk
603,51,8,186825.57,1,1,0,93739.71,1,2,645,False,False,True,False,True,False,1,1,0.992386331209467,High Risk
538,42,4,80380.24,1,1,0,119216.46,0,1,374,True,False,False,False,False,False,0,0,0.09167368892733543,Low Risk
692,47,3,0.0,2,1,0,150802.41,1,3,525,False,True,False,False,False,True,1,1,0.9980042882286454,High Risk
644,31,5,0.0,2,1,1,41872.17,0,4,782,False,False,True,True,False,False,0,0,8.100887782185323e-05,Low Risk
513,37,6,0.0,2,1,0,110142.34,0,1,743,False,False,False,False,False,True,0,0,0.008800406651926032,Low Risk
669,43,1,163159.85,1,0,1,15602.8,0,5,952,False,False,True,False,True,False,0,0,0.00011960712541405094,Low Risk
709,62,3,0.0,2,1,1,82195.15,0,4,557,False,True,True,False,False,True,0,0,0.00011630026571622991,Low Risk
712,28,4,145605.44,1,0,1,93883.53,0,3,465,True,False,True,False,True,False,0,0,0.0009763409520330626,Low Risk
351,57,4,163146.46,1,1,0,169621.69,1,4,453,True,False,False,False,False,True,1,1,0.9997573678548113,High Risk
728,33,8,129907.63,1,0,1,36083.96,0,2,913,False,False,True,True,False,False,0,0,0.00011267157737048521,Low Risk
580,36,3,74974.89,1,1,1,12099.67,0,3,649,True,False,False,False,False,True,0,0,0.004413288249821554,Low Risk
646,42,3,99836.47,1,0,1,22909.56,0,3,324,False,True,False,True,False,False,0,0,0.0014295673465119297,Low Risk
694,47,4,0.0,2,1,0,197528.62,0,2,782,False,False,True,False,False,True,0,0,0.0011801006648640912,Low Risk
712,27,8,113174.21,2,1,0,147261.58,0,4,622,True,False,True,True,False,False,0,0,0.001813938636811795,Low Risk
584,36,4,109646.83,1,1,1,70240.79,0,1,990,True,False,False,False,False,True,0,0,0.002031681712826501,Low Risk
535,27,6,0.0,2,0,1,49775.58,0,3,786,False,False,False,False,False,True,0,0,0.0009882031114850259,Low Risk
639,34,7,149940.04,2,0,0,156648.81,0,2,938,False,True,True,True,False,False,0,0,0.0003259451827220159,Low Risk
732,33,8,111379.55,1,1,1,45098.62,0,5,473,False,True,False,False,True,False,0,0,0.0005124053358221721,Low Risk
681,31,4,97338.19,2,0,0,48226.76,0,4,675,True,False,True,False,False,True,0,0,0.005431069908053239,Low Risk
632,41,3,126550.7,1,0,0,177644.52,1,3,324,True,False,True,False,True,False,1,1,0.9992996997031959,High Risk
769,29,4,145471.37,1,1,0,188382.77,0,3,378,False,False,True,False,True,False,0,0,0.0017481965647158425,Low Risk
825,35,6,118336.95,1,1,0,26342.33,1,3,883,True,False,False,False,True,False,1,1,0.9993222217489272,High Risk
841,28,4,0.0,2,1,1,179436.6,0,5,393,False,True,True,True,False,False,0,0,5.776245265937085e-05,Low Risk
627,33,4,83199.05,1,0,0,159334.93,0,4,611,True,False,False,False,False,False,0,0,0.05843285454508738,Low Risk
742,24,8,0.0,2,1,0,4070.28,0,4,255,False,True,True,False,False,False,0,0,0.0021966430487440967,Low Risk
571,23,10,151097.28,1,0,1,17163.75,0,2,841,False,False,False,True,False,False,0,0,0.0006278536559722385,Low Risk
763,32,9,160680.41,1,1,0,30886.35,0,3,600,True,False,True,False,False,False,0,0,0.006106158975247245,Low Risk
567,59,3,0.0,2,1,0,25843.7,1,2,947,False,False,True,False,False,True,1,1,0.9926081921086716,High Risk
636,34,8,0.0,2,1,0,38570.13,0,1,474,False,False,True,False,False,True,0,0,0.0029204117082603405,Low Risk
690,26,3,118097.87,1,1,0,61257.83,0,4,979,False,False,False,True,False,False,0,0,0.0030587559951314354,Low Risk
452,44,3,88915.85,1,1,0,69697.74,0,3,474,False,True,True,True,False,False,0,0,0.002019219892102537,Low Risk
793,56,8,119496.25,2,1,0,29880.99,0,2,458,False,False,True,False,False,True,0,0,0.0014926732308888316,Low Risk
605,41,5,91612.91,1,1,1,28427.84,0,5,529,False,False,True,False,False,True,0,0,0.00023586729312651295,Low Risk
752,53,8,114233.18,1,1,1,51587.04,0,4,347,False,False,False,False,True,False,0,0,0.001213236877593542,Low Risk
569,38,8,0.0,2,0,0,79618.79,0,1,225,False,True,True,False,False,False,0,0,0.0057544760475671365,Low Risk
710,54,6,171137.62,1,1,1,167023.95,1,4,451,False,False,True,True,False,False,1,1,0.8993525114143897,High Risk
411,54,9,0.0,1,0,1,76621.49,0,1,739,False,False,False,False,True,False,0,0,0.003118884986049951,Low Risk
818,36,4,0.0,2,1,1,8037.03,0,2,266,False,False,True,True,False,False,0,0,0.00022996487418695748,Low Risk
788,42,6,138650.49,2,1,0,64746.07,0,4,372,True,False,False,True,False,False,0,0,0.014709960318001139,Low Risk
530,52,1,106723.28,1,0,0,109960.4,1,3,284,False,False,True,False,True,False,1,1,0.998528819201863,High Risk
590,29,2,166930.76,2,1,0,122487.73,0,3,768,False,True,False,False,False,True,0,0,0.0017624630237159731,Low Risk
640,39,3,0.0,1,1,1,105997.25,0,1,540,False,True,True,False,False,True,0,0,0.0002722323210728461,Low Risk
734,34,6,133598.4,1,1,1,13107.24,0,4,693,False,False,True,False,False,False,0,0,0.00014611999120064587,Low Risk
581,46,1,0.0,2,1,0,104272.04,0,5,790,False,True,False,False,True,False,0,0,0.0037526811115528194,Low Risk
759,39,6,0.0,2,1,1,140497.67,0,4,500,False,False,False,False,False,True,0,0,0.0006508465260956275,Low Risk
645,41,7,0.0,1,0,1,28667.56,0,1,892,False,False,True,False,False,True,0,0,0.0003987866314228326,Low Risk
478,38,4,171913.87,1,1,0,51820.87,1,5,551,False,False,False,False,False,False,1,1,0.998900555167179,High Risk
527,39,4,0.0,2,1,0,167183.07,1,2,567,False,False,True,False,False,True,1,1,0.9946260375260122,High Risk
609,61,1,0.0,1,1,0,22447.85,1,5,400,False,True,True,False,True,False,1,1,0.997160579979775,High Risk
670,31,1,142631.54,2,1,1,175894.24,0,1,804,True,False,True,False,False,True,0,0,0.00019149860452040708,Low Risk
710,29,3,119670.18,1,1,0,188022.44,0,4,913,False,True,False,False,False,False,0,0,0.0026446261513364488,Low Risk
702,39,8,0.0,2,1,0,99654.13,0,4,876,False,True,True,False,False,False,0,0,0.0006593792138670318,Low Risk
599,42,6,0.0,2,1,0,113868.4,0,4,837,False,True,True,False,False,True,0,0,0.000713497913247286,Low Risk
640,46,5,107978.4,2,1,0,155876.06,0,3,279,True,False,False,False,True,False,0,0,0.029803203220481182,Low Risk
594,41,2,122545.65,2,1,1,42050.24,0,2,866,True,False,True,False,False,False,0,0,0.0003049141836459134,Low Risk
571,33,1,0.0,2,1,0,102750.7,0,2,722,False,False,False,True,False,False,0,0,0.006154542000413574,Low Risk
652,58,3,116353.2,2,0,1,193502.9,0,4,949,True,False,False,False,True,False,0,0,0.0010999993985416404,Low Risk
606,40,1,144757.97,2,1,1,166656.18,0,3,743,True,False,True,False,False,True,0,0,0.00021032786934183298,Low Risk
681,44,4,91115.76,2,0,0,24208.84,1,2,356,True,False,False,False,False,True,1,1,0.9998214927924369,High Risk
807,34,1,0.0,1,0,0,114448.13,0,3,306,False,False,False,True,False,False,0,0,0.028494778567570964,Low Risk
774,41,5,126670.37,1,1,0,102426.06,0,4,795,False,False,False,False,False,True,0,0,0.0049999755521351495,Low Risk
680,31,9,0.0,2,1,0,36145.53,0,1,844,False,False,True,False,False,False,0,0,0.0015487249701398712,Low Risk
658,44,2,168396.34,1,1,1,14178.73,0,2,648,False,False,True,False,False,True,0,0,0.00017201784420596656,Low Risk
718,45,3,105266.32,2,1,1,193724.51,0,5,372,False,True,True,False,False,True,0,0,6.266981910999441e-05,Low Risk
704,39,5,0.0,1,1,0,6416.92,0,1,929,False,False,True,True,False,False,0,0,0.001932700328554426,Low Risk
627,21,7,98993.02,1,1,1,169156.64,0,4,456,False,False,False,False,False,False,0,0,0.0009579487157804394,Low Risk
664,41,7,123428.69,1,1,1,164924.11,0,2,315,False,True,True,False,True,False,0,0,0.0001632926488511214,Low Risk
535,38,8,85982.07,1,1,0,9238.35,0,3,774,False,False,True,False,False,False,0,0,0.0025950266194439157,Low Risk
604,33,3,0.0,1,1,0,42171.13,1,1,756,False,False,True,False,True,False,1,1,0.9967527561617625,High Risk
661,47,5,0.0,1,0,1,107243.31,1,4,308,False,False,True,False,False,False,1,1,0.9878032650027184,High Risk
583,40,4,107041.3,1,1,1,5635.63,0,1,304,True,False,True,True,False,False,0,0,0.0013697843468408603,Low Risk
504,34,0,54980.81,1,1,1,136909.88,0,1,475,False,True,True,False,True,False,0,0,0.000253441963246297,Low Risk
652,50,8,125437.64,1,1,1,17160.94,1,1,765,True,False,True,False,False,False,1,1,0.9843837110481418,High Risk
550,22,6,154377.3,1,1,1,51721.52,0,2,491,False,False,True,True,False,False,0,0,0.0001562597798412059,Low Risk
790,20,8,0.0,2,1,0,168152.76,0,5,425,False,True,True,True,False,False,0,0,0.0006134770866836185,Low Risk
583,33,7,122531.86,1,1,0,13549.24,0,1,313,False,False,True,False,False,True,0,0,0.004825846723770635,Low Risk
796,67,5,0.0,2,0,1,54871.02,0,3,726,False,True,True,True,False,False,0,0,0.00010579253487800039,Low Risk
763,40,3,0.0,2,1,0,134281.11,0,3,525,False,False,True,True,False,False,0,0,0.0013049720001555134,Low Risk
585,40,3,162261.01,2,1,0,137028.51,0,3,846,True,False,False,False,True,False,0,0,0.008817641520539475,Low Risk
666,36,8,0.0,1,0,1,158666.99,0,3,507,False,False,False,True,False,False,0,0,0.0017154263629780393,Low Risk
629,36,1,161757.87,2,1,1,146371.72,0,2,642,False,True,True,False,False,False,0,0,5.093228475144005e-05,Low Risk
831,32,9,80262.66,1,1,0,194867.78,0,4,590,True,False,True,True,False,False,0,0,0.003578717427039282,Low Risk
693,31,2,0.0,2,1,1,107759.31,0,1,863,False,False,True,False,True,False,0,0,0.00010112569663916181,Low Risk
752,29,4,129514.99,1,1,1,102930.46,0,2,449,True,False,True,False,True,False,0,0,0.0006854963343516137,Low Risk
625,58,10,53772.73,1,1,1,192072.1,1,5,428,False,False,False,False,False,True,1,1,0.9901388926482317,High Risk
747,25,4,0.0,2,0,1,42039.67,0,1,914,False,False,False,True,False,False,0,0,0.0005398908038024675,Low Risk
625,49,6,173434.9,1,1,0,165580.93,1,3,835,False,False,True,False,False,True,1,1,0.9875714213959541,High Risk
750,40,5,168286.81,3,1,0,20451.99,1,4,523,True,False,True,True,False,False,1,1,0.9901387414721147,High Risk
579,42,3,137560.38,2,1,1,85424.34,0,2,909,True,False,False,False,True,False,0,0,0.0009488409279414183,Low Risk
566,65,4,120100.41,1,1,0,107563.16,1,2,842,True,False,True,False,True,False,1,1,0.9981647991786315,High Risk
618,40,8,0.0,2,1,0,80204.38,0,3,897,False,True,False,False,False,False,0,0,0.0037928766400993235,Low Risk
678,40,8,128644.46,1,0,0,167673.37,0,2,751,True,False,False,True,False,False,0,0,0.025646233636343236,Low Risk
685,31,10,135213.71,1,1,1,125777.28,0,4,444,False,True,True,True,False,False,0,0,7.32986679703951e-05,Low Risk
562,29,9,120307.58,1,1,1,6795.61,0,1,500,False,True,False,False,False,False,0,0,0.0010143620020088187,Low Risk
587,33,6,132603.36,1,1,0,55775.72,0,1,479,True,False,True,False,False,True,0,0,0.011246518708139848,Low Risk
736,36,6,0.0,1,1,0,70496.66,0,2,978,False,False,False,True,False,False,0,0,0.0061935953434962285,Low Risk
779,26,4,174318.13,2,0,1,38296.21,0,2,625,False,True,False,False,True,False,0,0,0.0002907012949742223,Low Risk
531,42,6,75302.85,2,0,0,57034.35,0,1,505,False,True,False,False,True,False,0,0,0.010657370039508967,Low Risk
626,35,3,0.0,1,0,0,80190.36,0,5,680,False,False,False,False,False,True,0,0,0.02128731552330149,Low Risk
680,31,3,127331.46,3,1,1,176433.6,0,4,807,True,False,False,False,False,True,0,0,0.0003620900222338139,Low Risk
583,40,4,0.0,2,1,0,114093.73,0,2,423,False,True,False,False,False,False,0,0,0.01037670315250859,Low Risk
699,25,8,0.0,2,1,1,52404.47,0,5,248,False,True,False,False,False,True,0,0,0.0006919110152501435,Low Risk
528,31,6,102016.72,2,0,0,80181.12,0,3,264,False,False,True,True,False,False,0,0,0.002810238603907499,Low Risk
750,33,2,152302.72,1,1,0,71333.44,0,3,971,False,False,True,False,True,False,0,0,0.0007645493213153348,Low Risk
702,38,9,0.0,2,1,1,158527.45,0,2,629,False,True,False,False,False,True,0,0,0.0003800754380764204,Low Risk
565,34,7,0.0,1,0,0,74593.84,0,5,564,False,False,True,False,False,True,0,0,0.0057990052565591275,Low Risk
595,46,5,142360.62,2,1,0,48421.4,1,5,973,True,False,True,False,False,False,1,1,0.9940543578576944,High Risk
769,29,8,0.0,2,1,1,172290.61,0,2,411,False,False,True,False,False,False,0,0,0.0001873387423764845,Low Risk
583,32,7,94753.55,2,1,1,18149.03,0,5,356,True,False,False,False,False,True,0,0,0.0026570211421923506,Low Risk
554,43,5,99906.89,1,0,0,24983.39,0,3,356,True,False,True,True,False,False,0,0,0.020212253845775525,Low Risk
753,48,4,0.0,2,0,1,146821.42,0,2,933,False,False,True,False,False,False,0,0,0.00014954892555908277,Low Risk
648,43,1,107963.38,1,0,0,186438.86,1,2,463,True,False,False,False,True,False,1,1,0.9998401748463959,High Risk
512,39,3,0.0,1,1,0,134878.19,0,3,397,False,True,True,False,False,True,0,0,0.003846245882795838,Low Risk
648,34,3,0.0,1,1,0,54726.43,0,1,525,False,False,False,False,True,False,0,0,0.02407576803986014,Low Risk
583,27,7,0.0,2,1,0,51285.49,0,1,250,False,False,True,False,True,False,0,0,0.0042994289480250535,Low Risk
594,31,0,79340.95,1,1,0,78255.86,0,5,400,False,False,False,False,True,False,0,0,0.015340586314614267,Low Risk
556,34,8,163757.06,1,1,1,104000.06,0,3,719,False,False,True,False,True,False,0,0,0.0001094193065308472,Low Risk
608,33,4,0.0,1,0,1,130474.03,0,1,381,False,False,True,False,True,False,0,0,0.0008437868242809673,Low Risk
449,37,6,0.0,2,1,0,82176.48,0,5,599,False,False,False,False,False,False,0,0,0.010815718985571208,Low Risk
597,35,0,127510.99,1,1,1,155356.34,0,4,868,False,True,True,False,False,True,0,0,5.8576052844104705e-05,Low Risk
549,41,9,95020.8,3,1,1,131710.59,1,5,793,True,False,True,False,False,False,1,1,0.9126689568426164,High Risk
766,43,6,112088.04,2,1,1,36706.56,0,5,306,True,False,True,False,False,False,0,0,0.0005518065837979672,Low Risk
711,35,8,0.0,1,1,1,67508.01,0,4,780,False,False,False,False,False,False,0,0,0.0010238749592767046,Low Risk
770,55,9,63127.41,2,1,0,185211.28,1,4,968,False,True,True,False,False,True,1,1,0.9618192827388314,High Risk
476,69,1,105303.73,1,0,1,134260.34,0,5,563,False,True,False,False,False,False,0,0,0.0014423080267845496,Low Risk
651,23,10,0.0,2,1,1,170099.23,0,5,431,False,False,True,False,False,True,0,0,0.00013025781318851275,Low Risk
700,44,9,0.0,2,1,0,142287.65,0,4,533,False,True,True,False,False,False,0,0,0.0011777219198677654,Low Risk
679,60,6,0.0,2,1,1,77331.77,0,4,421,False,False,True,False,False,False,0,0,0.00026938761650134054,Low Risk
724,69,5,117866.92,1,1,1,62280.91,0,3,876,False,False,False,False,True,False,0,0,0.0005713813528983587,Low Risk
770,37,9,0.0,2,0,0,22710.72,0,2,281,False,False,False,True,False,False,0,0,0.018937417208596964,Low Risk
617,36,7,115617.24,1,1,1,71519.4,0,4,801,False,True,False,False,False,False,0,0,0.0004036810663156971,Low Risk
774,43,1,116360.07,1,1,0,17004.14,0,5,239,False,True,False,False,False,True,0,0,0.011139759223029566,Low Risk
633,59,2,103996.74,1,1,1,103159.11,0,4,678,False,False,True,False,True,False,0,0,0.00017331221416071847,Low Risk
677,42,5,99580.13,1,1,0,21007.96,0,1,627,False,False,True,True,False,False,0,0,0.0021338365139387874,Low Risk
719,61,5,0.0,2,0,1,29132.43,0,4,293,False,False,True,False,False,False,0,0,0.0005988977674888306,Low Risk
614,38,4,72594.0,1,1,1,76042.48,0,2,689,False,False,False,False,False,True,0,0,0.0010487277056209616,Low Risk
617,38,7,0.0,1,1,1,27239.28,0,1,743,False,True,True,False,False,False,0,0,0.00024279280023291019,Low Risk
592,36,2,104702.65,2,1,0,107948.72,0,3,757,True,False,True,False,True,False,0,0,0.0030600656539527507,Low Risk
609,26,10,126392.18,1,0,1,43651.49,0,1,494,False,False,True,True,False,False,0,0,0.0002898571330657189,Low Risk
660,42,5,0.0,2,1,0,115509.59,0,5,491,False,True,True,False,False,True,0,0,0.001174883388172084,Low Risk
629,59,9,113657.83,1,1,1,116848.79,1,2,968,False,False,True,False,False,True,1,1,0.8977861095230565,High Risk
547,55,4,111362.76,3,1,0,16922.28,1,1,579,True,False,True,False,False,False,1,1,0.9972072110427522,High Risk
718,37,7,0.0,2,1,1,55100.09,0,5,239,False,False,False,False,True,False,0,0,0.001139151073106095,Low Risk
523,61,8,66250.71,1,1,1,21859.06,0,4,380,False,False,True,False,False,True,0,0,0.00047664736306968734,Low Risk
650,47,9,0.0,1,1,0,187943.6,0,4,600,False,False,False,False,False,False,0,0,0.01492915557772383,Low Risk
729,34,9,53299.96,2,1,1,42855.97,0,3,929,False,True,False,False,True,False,0,0,0.00017412043850503165,Low Risk
743,42,7,77002.2,2,1,1,80428.42,0,2,993,False,False,True,False,True,False,0,0,4.931949408269672e-05,Low Risk
548,28,8,116755.5,2,1,1,158585.17,1,1,519,False,False,False,True,False,False,1,1,0.9697483180685993,High Risk
737,33,4,0.0,2,1,0,115115.32,0,2,270,False,False,False,False,False,True,0,0,0.014624057472009648,Low Risk
850,42,8,0.0,1,1,0,19632.64,1,5,366,False,False,False,False,False,False,1,1,0.9994887587810344,High Risk
604,40,5,155455.43,1,0,1,113581.85,0,4,742,False,True,True,True,False,False,0,0,8.055383453098231e-05,Low Risk
649,41,2,125785.23,1,1,1,70523.92,0,4,880,False,False,False,False,True,False,0,0,0.00046418364372073547,Low Risk
687,24,3,110495.27,1,1,0,158615.41,0,3,261,False,False,False,False,True,False,0,0,0.013965897388054354,Low Risk
720,21,2,123200.78,1,1,1,180712.28,0,2,291,False,True,True,False,True,False,0,0,0.00014467480624519026,Low Risk
674,45,7,144889.18,1,1,1,102591.9,1,2,624,False,False,True,False,False,True,1,1,0.928812799983558,High Risk
835,20,4,124365.42,1,0,0,180197.74,1,3,812,True,False,True,True,False,False,1,1,0.9965628795639511,High Risk
486,27,7,0.0,2,1,0,28823.04,0,4,766,False,True,True,False,False,True,0,0,0.0009887934689784723,Low Risk
575,54,9,68332.96,1,1,1,144390.75,0,5,435,False,False,False,False,False,False,0,0,0.0014616663127845237,Low Risk
814,29,1,131968.57,2,1,1,147693.92,0,2,545,True,False,True,False,True,False,0,0,0.0002524972768785795,Low Risk
750,32,5,0.0,2,1,0,95611.47,0,1,872,False,False,False,False,False,True,0,0,0.005198554637409876,Low Risk
541,32,4,0.0,1,1,1,114951.42,0,4,459,False,False,False,False,False,True,0,0,0.0018892636264748986,Low Risk
605,36,9,0.0,2,0,1,35521.63,0,2,825,False,True,False,False,False,False,0,0,0.0007090305334418597,Low Risk
564,40,4,0.0,1,1,0,85455.62,1,2,344,False,False,True,True,False,False,1,1,0.9978638365292704,High Risk
532,40,5,0.0,2,0,1,177099.71,0,4,712,False,False,False,False,False,False,0,0,0.0010400398093789376,Low Risk
721,37,4,98459.6,1,0,0,90821.66,0,3,559,True,False,True,True,False,False,0,0,0.009704207741027272,Low Risk
585,43,2,0.0,2,1,0,89402.54,0,4,705,False,False,False,True,False,False,0,0,0.005707120370155812,Low Risk
482,35,2,133111.73,1,0,1,79957.95,0,3,956,False,False,False,False,True,False,0,0,0.0007993267796193272,Low Risk
535,29,2,112367.34,1,1,0,185630.76,0,2,989,False,False,False,False,True,False,0,0,0.0046708602119494855,Low Risk
452,33,7,153663.27,1,1,0,111868.23,0,4,294,True,False,True,False,False,True,0,0,0.011518318192917286,Low Risk
711,37,8,113899.92,1,0,0,80215.2,0,3,436,False,False,False,False,False,True,0,0,0.019262842657574702,Low Risk
634,56,3,116251.24,1,0,1,42429.88,1,4,964,True,False,False,True,False,False,1,1,0.9947213959688593,High Risk
705,25,9,0.0,2,0,1,112331.19,0,1,917,False,False,True,False,True,False,0,0,0.00012525346947489874,Low Risk
596,30,1,0.0,2,1,0,8125.39,0,1,951,False,True,False,False,False,False,0,0,0.005018408463571378,Low Risk
575,40,5,0.0,2,1,1,122488.59,0,3,251,False,False,True,False,True,False,0,0,0.00030773334912517915,Low Risk
550,25,0,0.0,2,1,1,184221.11,0,5,499,False,False,True,False,True,False,0,0,0.00014357356601077864,Low Risk
677,24,0,148298.59,2,0,0,182913.95,0,5,339,False,False,False,False,False,True,0,0,0.007313296965417922,Low Risk
602,63,7,0.0,2,1,1,56323.21,0,4,649,False,False,False,False,True,False,0,0,0.0007969729457767534,Low Risk
803,32,9,192122.84,1,1,1,54277.45,1,1,521,False,False,False,False,False,True,1,1,0.9817016163387723,High Risk
598,43,5,0.0,3,1,1,100722.72,1,1,858,False,False,False,False,False,True,1,1,0.9621488787047553,High Risk
660,30,1,84440.1,2,1,1,60485.98,0,2,761,True,False,True,False,False,True,0,0,0.00032292236909522764,Low Risk
535,38,0,135919.33,1,1,0,80425.65,0,2,915,False,False,False,False,False,False,0,0,0.007795129264344272,Low Risk
612,63,2,131629.17,2,1,0,122109.58,1,4,642,False,True,False,False,False,True,1,1,0.996099130417561,High Risk
673,37,0,0.0,2,0,0,82351.06,0,1,602,False,True,False,False,True,False,0,0,0.010845988866201256,Low Risk
666,30,3,110153.27,1,0,1,74849.46,0,2,990,True,False,True,True,False,False,0,0,0.0004121198625350764,Low Risk
566,30,5,0.0,1,1,0,54926.51,1,4,817,False,False,True,False,False,False,1,1,0.9959638772045004,High Risk
544,39,4,142406.43,2,1,0,146637.45,0,1,581,True,False,True,False,True,False,0,0,0.0040810268554180565,Low Risk
566,63,2,120787.18,2,1,1,52198.84,0,4,803,False,True,True,False,False,True,0,0,5.233102617140831e-05,Low Risk
556,38,8,0.0,2,0,0,417.41,1,3,632,False,True,True,True,False,False,1,1,0.993179864512735,High Risk
508,26,7,205962.0,1,1,0,156424.4,0,1,954,False,False,True,False,False,False,0,0,0.0008698905642344827,Low Risk
718,41,1,0.0,2,0,1,27509.52,1,4,982,False,False,False,False,True,False,1,1,0.9805749971449151,High Risk
512,35,5,124580.69,1,1,1,18785.48,0,2,428,False,True,False,False,False,True,0,0,0.001038024024370571,Low Risk
831,44,3,111100.98,1,1,1,28144.07,1,4,560,True,False,True,True,False,False,1,1,0.975352942880676,High Risk
515,35,10,176273.95,1,0,1,121277.78,0,1,231,False,True,True,True,False,False,0,0,0.0002421244830643813,Low Risk
695,40,7,139022.24,1,0,1,193383.13,0,2,227,True,False,True,False,False,False,0,0,0.00179549609382772,Low Risk
758,61,2,0.0,2,1,1,43982.41,0,5,299,False,True,True,True,False,False,0,0,0.0001310202129748866,Low Risk
691,38,9,163965.69,2,0,1,103511.26,0,3,801,True,False,True,True,False,False,0,0,0.00018408326452757195,Low Risk
596,30,6,121345.88,4,1,0,41921.75,1,2,317,False,True,True,False,False,True,1,1,0.9659309554475618,High Risk
651,53,7,0.0,2,1,1,130132.41,0,1,284,False,False,True,False,False,False,0,0,0.00039382563841671646,Low Risk
637,38,3,104339.56,1,0,0,119882.86,0,5,361,False,False,False,False,True,False,0,0,0.020666324924776075,Low Risk
677,38,4,0.0,2,1,0,187800.63,0,4,664,False,False,True,True,False,False,0,0,0.0008947625836031303,Low Risk
633,29,7,0.0,1,1,1,130224.73,0,4,660,False,False,True,False,False,False,0,0,0.0002564603450475666,Low Risk
549,50,9,94748.76,2,0,1,13608.18,0,1,291,False,False,True,True,False,False,0,0,0.0003454379367325653,Low Risk
626,29,4,105767.28,2,0,0,41104.82,0,1,838,False,False,False,False,True,False,0,0,0.006659976459200608,Low Risk
690,31,2,137260.45,2,1,0,55387.28,0,5,516,True,False,True,False,False,True,0,0,0.00340255046937881,Low Risk
565,32,9,0.0,2,1,0,5388.3,0,5,887,False,False,True,False,False,False,0,0,0.001252315742412204,Low Risk
748,58,9,122330.7,2,0,1,124429.19,0,1,641,False,True,True,False,False,False,0,0,0.00010269974220379101,Low Risk
698,37,5,98400.61,2,0,0,25017.28,0,1,403,False,False,True,False,True,False,0,0,0.0032646871604378506,Low Risk
793,32,1,96408.98,1,1,1,138191.81,0,5,338,True,False,False,False,False,False,0,0,0.004119557908200379,Low Risk
628,31,0,88421.81,1,0,0,72350.47,0,2,800,False,False,True,False,False,True,0,0,0.003154090724921152,Low Risk
756,27,8,0.0,2,1,1,157932.75,0,3,281,False,False,True,False,False,False,0,0,0.00022635160702662172,Low Risk
478,50,2,0.0,1,0,1,93332.64,1,4,339,False,False,False,True,False,False,1,1,0.9968735397932673,High Risk
560,31,5,125341.69,1,1,0,79547.39,0,4,797,False,True,False,False,True,False,0,0,0.003925760868949028,Low Risk
678,41,9,0.0,1,0,0,13160.03,0,5,911,False,False,False,False,False,False,0,0,0.01639782783219872,Low Risk
763,32,10,95153.77,1,0,1,81310.1,0,2,816,False,True,False,True,False,False,0,0,0.0004070113185955969,Low Risk
668,32,1,134446.04,1,0,1,111241.37,0,4,503,False,True,True,False,True,False,0,0,0.0001699322085862372,Low Risk
590,34,0,65812.35,2,0,1,160346.3,0,3,967,False,True,True,False,True,False,0,0,5.6485593628668823e-05,Low Risk
586,28,5,0.0,3,1,0,170487.4,1,2,471,False,False,False,False,True,False,1,1,0.9976679685726197,High Risk
621,26,2,75237.54,1,0,1,44220.4,0,4,459,False,False,True,False,False,True,0,0,0.0004633922973531838,Low Risk
726,24,6,0.0,2,1,1,54724.03,0,4,477,False,False,False,True,False,False,0,0,0.000559831306010813,Low Risk
401,48,8,128140.17,1,1,0,175753.55,1,2,382,True,False,True,True,False,False,1,1,0.9988262874493073,High Risk
733,35,8,102918.38,1,1,1,45959.86,0,5,899,False,True,True,False,True,False,0,0,5.132592276200682e-05,Low Risk
576,50,8,0.0,2,1,1,57802.62,0,4,905,False,False,False,False,True,False,0,0,0.00045609220233379117,Low Risk
636,48,3,120568.41,1,1,0,190160.04,1,2,981,True,False,False,False,False,True,1,1,0.9993031175186823,High Risk
530,44,6,0.0,2,0,0,55893.37,0,5,333,False,True,True,False,False,True,0,0,0.003412473662517867,Low Risk
650,48,7,138232.24,1,1,0,57594.78,0,4,783,True,False,False,False,False,False,0,0,0.02591878177610952,Low Risk
657,37,6,95845.6,1,1,0,122218.23,0,5,517,False,False,False,True,False,False,0,0,0.007068346268632389,Low Risk
677,56,0,119963.45,1,0,0,158325.87,1,2,522,False,False,False,False,False,True,1,1,0.9994176914882783,High Risk
726,27,7,123826.07,1,0,1,78970.58,0,2,535,False,True,False,True,False,False,0,0,0.0006365107869554695,Low Risk
717,36,2,148061.89,1,1,0,179128.69,1,5,969,False,False,True,False,True,False,1,1,0.9794385139869242,High Risk
568,31,1,61592.14,2,1,1,61796.64,0,5,927,True,False,False,False,False,True,0,0,0.0010884091035306294,Low Risk
629,31,6,132876.55,1,1,1,130862.11,0,3,342,False,True,True,False,True,False,0,0,0.00014391794000118225,Low Risk
639,22,4,0.0,2,1,0,28188.96,0,2,416,False,False,True,True,False,False,0,0,0.002192429773374859,Low Risk
702,32,8,71667.74,1,1,1,126082.18,0,2,225,False,True,True,True,False,False,0,0,0.00018297888739628355,Low Risk
793,41,9,0.0,2,1,0,152153.74,0,4,987,False,True,True,True,False,False,0,0,0.0002735747014368216,Low Risk
586,34,9,74309.81,1,1,0,15034.93,0,5,248,True,False,True,True,False,False,0,0,0.012653285798436826,Low Risk
644,39,9,0.0,1,1,0,3740.93,0,5,631,False,False,False,False,False,False,0,0,0.0178269979664602,Low Risk
743,39,6,0.0,2,1,0,44265.28,0,5,240,False,False,True,False,False,True,0,0,0.002962054569346317,Low Risk
669,45,1,123949.75,1,0,0,110881.56,0,2,298,True,False,True,False,False,False,0,0,0.026633789470821567,Low Risk
780,47,7,86006.21,1,1,1,37973.13,0,1,348,False,True,True,False,False,False,0,0,0.00028300260196683545,Low Risk
683,40,8,0.0,1,1,0,75848.22,0,4,221,False,True,True,False,True,False,0,0,0.0040087185112389154,Low Risk
648,39,3,126935.98,2,0,1,57995.74,0,1,693,True,False,False,False,True,False,0,0,0.00252847507603577,Low Risk
748,27,2,90971.85,1,1,1,131662.47,0,3,744,True,False,False,True,False,False,0,0,0.0015288757344078619,Low Risk
637,27,1,0.0,2,1,0,91291.2,0,4,304,False,False,True,True,False,False,0,0,0.0021772868516160785,Low Risk
656,48,9,0.0,2,1,1,85240.61,1,5,272,False,False,False,False,True,False,1,1,0.9897350685384075,High Risk
473,39,9,117103.26,2,1,1,85937.52,1,2,324,False,False,False,False,False,False,1,1,0.9890074983861392,High Risk
593,35,9,114193.24,1,1,0,71154.1,0,5,660,False,False,True,False,False,False,0,0,0.0018609651375148144,Low Risk
649,31,2,0.0,2,1,0,15200.61,0,5,993,False,False,False,False,False,False,0,0,0.004714368788873156,Low Risk
762,29,6,141389.06,1,1,0,54122.89,0,2,635,False,False,True,False,False,False,0,0,0.0018561437912135883,Low Risk
698,29,5,95167.55,1,1,1,152723.23,0,1,415,False,False,True,False,False,False,0,0,0.00029826896705652,Low Risk
643,35,6,0.0,2,1,1,41549.64,0,1,704,False,True,False,False,True,False,0,0,0.0004841807882236749,Low Risk
807,42,1,0.0,1,1,0,16500.66,1,2,406,False,True,False,False,False,False,1,1,0.9994351396350807,High Risk
674,36,2,154525.7,1,0,1,27468.72,0,4,945,False,False,True,False,True,False,0,0,0.0001254061702724923,Low Risk
615,34,1,83503.11,2,1,1,73124.53,1,3,805,False,False,True,False,False,False,1,1,0.8865945593270375,High Risk
421,34,2,0.0,2,1,1,96615.23,0,1,393,False,False,True,True,False,False,0,0,0.00027582512620940664,Low Risk
611,49,2,88915.37,3,0,0,161435.02,1,1,561,False,False,False,False,True,False,1,1,0.9979845060253528,High Risk
567,42,2,0.0,2,1,1,167984.61,0,5,959,False,False,True,False,False,True,0,0,6.9613374636381e-05,Low Risk
643,34,8,117451.47,1,1,0,65374.86,0,2,531,False,True,False,False,False,False,0,0,0.008672862500296872,Low Risk
850,35,7,110349.82,1,0,0,126355.8,0,2,445,False,True,True,False,True,False,0,0,0.002121187222372922,Low Risk
641,25,10,0.0,2,1,1,180808.39,0,4,586,False,True,True,False,False,False,0,0,7.866411420859975e-05,Low Risk
574,36,4,77967.5,1,1,0,167066.95,1,1,929,False,True,True,False,False,False,1,1,0.9894378237056335,High Risk
501,37,4,0.0,2,0,0,12470.3,0,4,453,False,False,True,True,False,False,0,0,0.003821301058334554,Low Risk
617,35,2,104508.1,1,1,1,147636.46,0,5,757,False,False,False,False,True,False,0,0,0.0005085988680143812,Low Risk
814,48,9,136596.85,1,1,1,185791.9,0,3,935,False,False,True,True,False,False,0,0,4.268524034011289e-05,Low Risk
490,40,1,0.0,1,1,1,49594.19,1,2,229,False,False,False,False,False,False,1,1,0.9978142905148932,High Risk
850,71,10,69608.14,1,1,0,97893.4,1,2,786,False,True,True,False,False,True,1,1,0.9897236681020084,High Risk
611,26,2,107508.93,2,1,1,120801.65,0,4,720,False,False,False,False,False,False,0,0,0.00035532834235049975,Low Risk
593,45,4,138825.19,1,0,0,10828.78,0,5,475,False,False,True,False,True,False,0,0,0.004124117938079212,Low Risk
670,25,6,0.0,2,1,1,78358.94,0,3,723,False,True,True,False,False,False,0,0,8.365360115299134e-05,Low Risk
739,37,8,0.0,2,1,0,191557.1,1,2,829,False,False,False,True,False,False,1,1,0.9962738319053225,High Risk
650,32,2,84906.45,1,1,0,163216.48,0,1,902,False,False,True,True,False,False,0,0,0.0010358777462007175,Low Risk
497,41,5,80542.81,1,0,0,88729.22,1,2,334,True,False,True,False,True,False,1,1,0.9996212530388857,High Risk
693,45,2,116546.59,2,0,0,23140.28,1,5,235,True,False,True,False,False,False,1,1,0.9991670769912689,High Risk
703,28,2,81173.83,2,0,1,162812.16,0,2,388,False,False,True,False,True,False,0,0,0.00021342072246888414,Low Risk
567,29,5,129750.68,1,1,0,109257.59,0,3,886,True,False,True,True,False,False,0,0,0.003018761785599844,Low Risk
803,34,4,142929.16,2,1,1,114869.56,0,2,325,True,False,True,True,False,False,0,0,0.0002977093365381717,Low Risk
670,33,6,88294.6,1,1,0,66979.06,0,4,222,False,False,True,False,True,False,0,0,0.004115469977562522,Low Risk
634,74,5,108891.7,1,1,0,10078.02,0,5,246,True,False,True,False,False,False,0,0,0.022273953050019345,Low Risk
655,26,7,106198.5,1,0,1,32020.42,0,3,961,False,False,False,False,False,False,0,0,0.0008404948415058917,Low Risk
790,47,10,148636.21,1,0,1,16119.96,1,4,538,False,False,False,False,False,False,1,1,0.9912189949083966,High Risk
678,36,1,117864.85,2,1,0,27619.06,0,3,643,True,False,True,False,False,True,0,0,0.003959858683250182,Low Risk
797,32,1,151922.94,1,1,0,8877.06,0,2,848,True,False,True,True,False,False,0,0,0.0031587062588895056,Low Risk
595,32,8,131081.66,2,1,1,69428.79,0,1,972,True,False,True,True,False,False,0,0,0.00013477072039736084,Low Risk
850,45,5,103909.86,1,1,0,60083.11,1,5,312,True,False,False,False,False,False,1,1,0.9997838108092508,High Risk
480,25,3,174330.35,2,0,0,181647.13,0,1,425,True,False,False,False,False,False,0,0,0.03883704766560187,Low Risk
709,37,9,0.0,2,1,0,16733.59,0,5,775,False,False,False,True,False,False,0,0,0.003930281540557554,Low Risk
811,42,10,0.0,2,1,1,3797.79,0,5,750,False,False,True,False,False,True,0,0,9.381382072251987e-05,Low Risk
494,28,9,114731.76,2,0,1,79479.74,0,1,261,False,False,True,False,True,False,0,0,0.00034597109423704887,Low Risk
512,32,2,123403.85,2,1,0,80120.19,0,2,798,True,False,False,False,True,False,0,0,0.014962518221106455,Low Risk
526,52,8,93590.47,1,0,1,21228.71,1,1,589,False,False,True,False,False,True,1,1,0.9791371694628547,High Risk
618,46,6,150213.71,1,1,0,120668.46,1,2,955,False,False,False,False,True,False,1,1,0.9973874070747134,High Risk
735,36,5,0.0,2,1,0,105152.17,0,3,259,False,True,True,False,True,False,0,0,0.001849079481316069,Low Risk
656,26,4,139584.57,1,1,0,36308.93,0,4,641,False,True,True,False,False,True,0,0,0.0010259527475050452,Low Risk
538,31,1,0.0,2,1,0,1375.46,0,1,360,False,False,True,False,True,False,0,0,0.004612642696501176,Low Risk
617,28,0,0.0,2,1,1,7597.83,1,3,922,False,False,False,False,False,True,1,1,0.9772826874777688,High Risk
663,58,5,216109.88,1,0,1,74176.71,1,2,251,False,True,False,False,False,True,1,1,0.9910058948155767,High Risk
700,43,0,0.0,2,1,0,59475.35,0,4,997,False,True,False,False,False,True,0,0,0.002707362566106117,Low Risk
601,34,5,0.0,2,1,0,27022.57,0,3,498,False,False,False,False,True,False,0,0,0.01185301134055017,Low Risk
559,27,1,0.0,1,0,1,1050.33,0,5,658,False,True,False,False,False,False,0,0,0.0017848355866853173,Low Risk
573,44,4,0.0,1,1,1,94862.93,0,4,920,False,True,False,False,True,False,0,0,0.0005308929787240506,Low Risk
774,36,9,114997.42,1,1,0,75304.09,0,2,244,False,False,False,False,False,False,0,0,0.019413469626994986,Low Risk
716,41,9,0.0,1,1,1,113267.48,0,1,237,False,False,True,False,False,True,0,0,0.0006258197224498256,Low Risk
686,26,1,57422.62,1,1,1,79189.4,0,1,612,True,False,True,False,False,True,0,0,0.0009552924535268939,Low Risk
672,50,1,0.0,1,1,0,12106.82,1,5,247,False,False,False,True,False,False,1,1,0.9995709284043632,High Risk
730,33,9,0.0,2,0,0,176576.62,0,1,621,False,True,False,False,False,True,0,0,0.007120888297690096,Low Risk
528,36,1,156948.41,1,1,1,149912.28,1,2,711,False,False,False,True,False,False,1,1,0.976119067451984,High Risk
468,22,2,0.0,2,1,0,28123.99,0,5,241,False,False,True,False,True,False,0,0,0.0039048407817667903,Low Risk
693,43,6,128760.32,1,1,0,36342.79,0,2,488,False,False,True,False,True,False,0,0,0.002697904256708705,Low Risk
663,46,3,0.0,2,0,1,176276.1,0,1,275,False,False,True,False,False,False,0,0,0.0005923769062771515,Low Risk
749,35,3,0.0,3,1,1,132649.85,0,3,574,False,False,False,False,False,True,0,0,0.00032640448220374663,Low Risk
540,28,6,84121.04,1,0,1,80698.54,0,3,939,False,True,False,False,False,True,0,0,0.000579878816647044,Low Risk
724,48,6,110463.25,2,1,1,80552.11,1,1,356,True,False,False,False,True,False,1,1,0.9958009331515743,High Risk
753,35,5,82453.96,2,0,0,18254.75,0,3,917,True,False,False,False,False,False,0,0,0.021437719830314863,Low Risk
574,26,8,97460.1,1,1,1,43093.67,0,5,241,False,False,True,False,True,False,0,0,0.00032821436285414784,Low Risk
685,33,6,174912.72,1,1,1,43932.54,0,1,948,False,False,True,False,True,False,0,0,7.873066790063203e-05,Low Risk
661,30,7,0.0,2,1,0,72196.57,0,3,220,False,False,False,False,False,False,0,0,0.01905789070294989,Low Risk
678,32,4,139626.01,1,1,1,118235.52,1,3,287,True,False,True,False,True,False,1,1,0.9867365596420203,High Risk
749,26,6,0.0,2,0,1,34948.77,0,4,240,False,False,False,True,False,False,0,0,0.0014601026430328388,Low Risk
676,32,5,0.0,2,1,1,75465.41,0,5,862,False,False,False,False,False,False,0,0,0.0004283632340000959,Low Risk
769,31,7,148913.72,2,1,0,53817.23,0,5,763,True,False,False,False,False,True,0,0,0.008004196795874746,Low Risk
682,38,1,116520.28,1,1,1,49833.5,1,1,463,True,False,False,True,False,False,1,1,0.9969131585014565,High Risk
732,33,8,0.0,1,1,0,119882.7,0,2,741,False,True,True,False,False,False,0,0,0.0017710701609120376,Low Risk
656,41,2,0.0,2,1,0,158973.77,0,1,902,False,False,True,False,True,False,0,0,0.001106687031723646,Low Risk
607,47,4,148826.32,1,1,1,79450.61,0,5,837,True,False,True,True,False,False,0,0,0.0002543512134873982,Low Risk
712,29,8,140170.61,1,1,1,38170.04,0,2,590,False,False,False,False,True,False,0,0,0.0007329302518738424,Low Risk
649,36,2,0.0,2,0,1,75035.48,0,3,984,False,False,False,False,False,True,0,0,0.0006355279290471255,Low Risk
757,29,8,130306.49,1,1,0,77469.38,0,1,889,False,False,True,True,False,False,0,0,0.0007884048281061177,Low Risk
511,41,8,153895.65,1,1,1,39087.42,0,4,240,True,False,False,True,False,False,0,0,0.004318572615267714,Low Risk
483,44,5,136836.49,1,1,0,192359.9,1,1,853,False,False,False,False,False,True,1,1,0.9982618028813866,High Risk
694,30,10,144684.03,1,1,1,31805.49,0,5,412,False,False,True,False,False,False,0,0,0.0001991533814229243,Low Risk
708,52,10,105355.81,1,1,0,123.07,1,3,755,False,False,True,False,True,False,1,1,0.9934127609222773,High Risk
691,34,8,133936.04,2,1,0,91359.79,0,1,861,False,False,True,False,False,True,0,0,0.0006106163305909816,Low Risk
746,49,7,0.0,2,0,1,10096.25,0,3,479,False,True,True,False,False,False,0,0,0.00026276906852333045,Low Risk
683,29,0,157829.12,1,0,0,129891.66,0,1,984,False,False,False,False,True,False,0,0,0.0064035627306093966,Low Risk
762,69,9,183744.98,1,1,1,196993.69,0,3,323,False,True,False,False,False,False,0,0,0.0006099090529382145,Low Risk
680,34,7,0.0,2,1,0,98949.85,0,5,912,False,True,False,False,True,False,0,0,0.0022375211809666736,Low Risk
554,48,7,0.0,2,1,1,63708.07,0,4,659,False,False,False,False,False,True,0,0,0.0007655101416672312,Low Risk
619,41,3,147974.16,2,1,0,170518.83,0,3,699,True,False,True,False,True,False,0,0,0.0023935365541624615,Low Risk
450,46,5,177619.71,1,1,0,54227.06,0,1,238,False,True,False,True,False,False,0,0,0.011486859927362031,Low Risk
770,36,2,89800.14,1,1,1,105922.69,0,1,676,False,False,True,False,False,True,0,0,0.00017909371890773392,Low Risk
643,59,3,170331.37,1,1,1,32171.79,0,5,838,True,False,True,False,True,False,0,0,0.0003455967476472681,Low Risk
474,34,9,176311.36,1,1,0,160213.27,0,3,724,True,False,False,False,False,True,0,0,0.020207395742312534,Low Risk
708,37,8,153366.13,1,1,1,26912.34,0,2,682,True,False,True,False,False,False,0,0,0.0005809447570948517,Low Risk
787,33,1,126588.81,2,0,1,62163.53,0,1,251,False,False,True,True,False,False,0,0,0.0002142550788428784,Low Risk
611,38,7,0.0,1,1,1,63202.0,0,2,447,False,False,True,False,False,False,0,0,0.0005707058430246497,Low Risk
690,40,9,77641.99,1,0,0,189051.59,1,4,832,False,False,False,False,True,False,1,1,0.9985497244855148,High Risk
758,61,8,125397.21,1,1,0,182184.09,1,1,538,True,False,False,False,False,False,1,1,0.9997221730544363,High Risk
627,44,6,0.0,1,1,1,114469.55,0,5,258,False,True,True,False,False,True,0,0,0.0003236423775896687,Low Risk
496,30,0,90963.49,1,0,1,27802.0,0,3,333,False,False,True,False,False,False,0,0,0.0008785723352467123,Low Risk
606,32,5,83161.65,1,1,1,116885.59,0,4,391,False,False,True,False,True,False,0,0,0.0002617207850593397,Low Risk
774,42,3,137781.65,1,0,0,199316.19,0,1,879,False,False,False,False,False,True,0,0,0.007264332979002819,Low Risk
850,37,2,0.0,2,1,0,119969.99,0,2,272,False,True,True,False,False,False,0,0,0.0020966898329555918,Low Risk
750,37,3,0.0,2,1,0,16870.2,0,2,809,False,False,True,False,False,True,0,0,0.0014273314126277835,Low Risk
551,37,3,0.0,2,1,1,50578.4,0,1,936,False,False,True,False,True,False,0,0,0.00012155593846029596,Low Risk
771,56,2,0.0,1,1,1,25222.6,1,4,503,False,True,False,True,False,False,1,1,0.9870100775661457,High Risk
742,21,1,114292.48,1,1,0,31520.4,0,2,254,True,False,False,True,False,False,0,0,0.049622156852954534,Low Risk
606,39,8,136000.45,2,1,0,31708.53,0,4,819,True,False,True,False,False,True,0,0,0.0023804721272708356,Low Risk
594,49,4,0.0,2,1,1,23631.55,0,3,801,False,False,False,False,True,False,0,0,0.0006684510431503863,Low Risk
536,46,1,65733.41,1,1,0,61094.53,0,2,942,False,False,True,False,False,True,0,0,0.002086549255154643,Low Risk
690,48,2,0.0,2,1,1,3149.1,0,3,712,False,True,False,True,False,False,0,0,0.00036582198625759177,Low Risk
513,45,0,164649.52,3,1,0,49915.52,1,4,590,False,False,False,True,False,False,1,1,0.9940245048262729,High Risk
613,40,9,95624.36,2,1,1,60706.33,0,5,573,False,False,False,False,False,True,0,0,0.0004401911090425856,Low Risk
846,61,0,0.0,2,1,1,96202.44,0,1,292,False,True,True,False,True,False,0,0,0.0002028554746321508,Low Risk
640,48,1,111599.32,1,0,1,135995.58,0,3,910,True,False,True,False,True,False,0,0,0.0006068078405137148,Low Risk
431,44,2,138843.7,1,1,0,37688.31,1,5,777,True,False,False,False,True,False,1,1,0.9995969386889116,High Risk
688,41,2,112871.19,2,0,1,65520.74,0,2,335,True,False,True,False,True,False,0,0,0.0009951928648360942,Low Risk
580,35,8,0.0,2,0,1,10357.03,0,3,717,False,False,False,True,False,False,0,0,0.0008728448017230456,Low Risk
599,37,2,0.0,2,1,1,143739.29,0,4,516,False,True,False,True,False,False,0,0,0.00037805399384128053,Low Risk
538,33,5,0.0,2,1,0,126962.41,0,3,290,False,False,False,False,False,False,0,0,0.01838004845076276,Low Risk
655,38,6,0.0,1,1,1,188639.28,0,3,333,False,False,False,False,False,True,0,0,0.0019712775491582107,Low Risk
583,39,8,102945.01,1,0,0,52861.89,0,3,802,True,False,True,True,False,False,0,0,0.007383815025037763,Low Risk
550,35,9,129847.75,2,1,0,197325.4,0,2,921,True,False,True,False,False,True,0,0,0.0017683492609333051,Low Risk
580,76,2,130334.84,2,1,1,51672.08,0,5,756,True,False,True,False,False,False,0,0,0.0003556641131782547,Low Risk
607,34,9,132439.99,1,1,0,177747.72,0,3,768,False,True,True,False,True,False,0,0,0.000686981308045879,Low Risk
850,30,10,153972.89,2,1,0,62811.03,0,1,945,False,False,True,False,False,False,0,0,0.0004474878310249923,Low Risk
707,34,9,162691.16,2,1,0,94912.78,0,3,932,True,False,True,False,False,True,0,0,0.0013561136611634082,Low Risk
415,46,9,134950.19,3,0,0,178587.36,1,2,621,False,False,True,False,False,False,1,1,0.9889266333144247,High Risk
843,38,8,134887.53,1,1,1,10804.04,0,1,923,False,False,False,False,False,False,0,0,0.0005049488660302758,Low Risk
556,38,2,115463.16,1,1,0,150679.65,0,3,350,False,True,True,False,False,True,0,0,0.002193688880118212,Low Risk
840,36,6,0.0,2,1,0,141364.27,0,2,429,False,True,False,True,False,False,0,0,0.004256640124649834,Low Risk
634,35,6,116269.01,1,1,0,129964.94,0,1,989,True,False,True,False,False,True,0,0,0.003875689738637155,Low Risk
850,35,9,102050.47,1,1,1,3769.71,0,5,242,False,False,True,False,False,True,0,0,0.0002678649627751508,Low Risk
838,40,6,61671.19,1,0,1,150659.35,1,3,228,False,True,False,True,False,False,1,1,0.9900890717776546,High Risk
724,34,3,132352.69,1,1,0,80320.3,0,4,798,False,False,False,False,False,False,0,0,0.006106375179077045,Low Risk
773,51,4,0.0,2,0,0,123587.83,1,4,562,False,True,True,False,False,True,1,1,0.9930383927966495,High Risk
632,38,1,120599.21,1,1,0,92816.86,0,3,666,False,True,True,False,False,False,0,0,0.0014201601872762637,Low Risk
735,73,9,0.0,1,1,1,114283.33,0,1,393,False,False,True,False,False,True,0,0,0.00057021602096099,Low Risk
626,44,10,81553.93,1,1,0,20063.63,1,1,780,False,False,False,False,False,True,1,1,0.9989509355013478,High Risk
455,27,5,155879.09,2,0,0,70774.97,0,3,967,False,False,False,False,False,True,0,0,0.00405144350165963,Low Risk
579,33,1,65667.79,2,0,0,164608.98,0,2,877,False,False,False,True,False,False,0,0,0.004734809374102994,Low Risk
479,37,6,118433.94,1,0,1,160060.9,0,2,956,False,True,True,True,False,False,0,0,7.896849476793985e-05,Low Risk
786,34,9,0.0,2,1,0,144517.19,0,1,723,False,False,True,True,False,False,0,0,0.0008904671738252077,Low Risk
600,43,8,133379.41,1,1,0,177378.66,1,2,448,True,False,True,False,False,False,1,1,0.9988399798424688,High Risk
479,24,6,107637.97,2,0,1,169505.83,0,5,456,True,False,True,False,True,False,0,0,0.0005515397551166854,Low Risk
584,32,8,40172.91,1,1,1,137439.34,0,5,995,True,False,True,False,False,True,0,0,0.00033976071145030507,Low Risk
721,41,6,135071.12,1,1,1,64477.25,0,3,330,False,False,True,False,False,True,0,0,0.00026000798884300306,Low Risk
522,41,7,0.0,2,0,1,176780.39,0,2,303,False,False,False,True,False,False,0,0,0.0016819676246881726,Low Risk
677,29,3,86616.35,1,0,0,91903.9,1,5,589,False,False,False,False,False,False,1,1,0.9993064165229013,High Risk
620,41,9,0.0,2,0,0,88852.47,0,3,848,False,False,False,False,False,False,0,0,0.010276401121109799,Low Risk
554,33,3,117413.95,1,1,1,12766.74,0,5,574,False,False,True,False,True,False,0,0,0.00019663112198100958,Low Risk
850,29,6,0.0,2,1,1,10672.54,0,1,508,False,False,True,True,False,False,0,0,0.0001403775285692274,Low Risk
724,40,10,0.0,1,1,0,127847.25,1,5,699,False,False,True,True,False,False,1,1,0.9921733445085099,High Risk
763,31,4,0.0,2,0,0,50404.72,0,3,668,False,False,False,False,True,False,0,0,0.010874201105655037,Low Risk
591,42,9,161651.37,2,1,1,131753.97,0,2,646,False,False,True,False,False,True,0,0,6.842674473443009e-05,Low Risk
573,32,9,125321.84,2,1,1,130234.63,0,3,428,False,False,False,False,True,False,0,0,0.0004920069873634391,Low Risk
665,32,1,132178.67,1,0,0,11865.76,0,1,274,True,False,True,True,False,False,0,0,0.020971153934725942,Low Risk
626,37,6,108269.37,1,1,0,5597.94,0,2,457,False,True,False,False,False,False,0,0,0.012617478104115667,Low Risk
746,58,3,0.0,3,1,1,80344.96,1,3,488,False,False,True,False,False,True,1,1,0.8999113928028584,High Risk
673,34,1,127122.79,3,0,1,76703.1,0,5,520,True,False,False,False,False,False,0,0,0.001397790914390617,Low Risk
465,33,5,0.0,2,0,1,78698.09,0,5,1000,False,False,True,True,False,False,0,0,9.472540729934953e-05,Low Risk
670,40,2,147171.2,1,0,1,69850.04,0,2,748,True,False,False,True,False,False,0,0,0.0027935313465069314,Low Risk
767,20,3,119714.25,2,0,1,150135.38,0,4,535,True,False,True,False,False,False,0,0,0.000433599019361647,Low Risk
834,57,8,112281.6,3,1,0,140225.14,1,3,597,True,False,False,True,False,False,1,1,0.9977933531666662,High Risk
682,35,2,117438.92,2,1,1,16910.98,0,5,348,True,False,False,False,True,False,0,0,0.0022630252408472992,Low Risk
588,35,7,0.0,2,1,1,108739.15,0,1,221,False,True,False,False,False,True,0,0,0.0011481552708417872,Low Risk
824,45,3,129209.48,1,0,0,60151.77,0,2,907,False,False,True,False,False,False,0,0,0.0020647189167947106,Low Risk
782,34,6,147422.44,1,0,1,42143.61,0,5,960,False,True,True,True,False,False,0,0,4.457054546720966e-05,Low Risk
772,35,9,0.0,1,0,1,25448.31,0,2,615,False,False,False,False,False,True,0,0,0.0023194872869099843,Low Risk
529,31,5,0.0,2,1,0,26817.23,0,3,383,False,False,False,False,False,False,0,0,0.018849703403674742,Low Risk
581,30,1,0.0,2,1,0,199464.08,0,4,606,False,False,True,False,True,False,0,0,0.0014154788926309461,Low Risk
780,51,4,126725.25,1,1,0,195259.31,1,3,744,True,False,True,False,False,False,1,1,0.9975372410192157,High Risk
465,25,2,78247.31,2,1,1,10472.31,0,2,945,False,False,True,True,False,False,0,0,6.436622287060527e-05,Low Risk
640,30,6,107499.7,1,1,1,187632.22,0,5,663,False,False,False,False,False,False,0,0,0.0005855725715432114,Low Risk
506,35,6,110046.93,2,1,0,26318.73,0,1,606,False,True,True,True,False,False,0,0,0.0007798787484516108,Low Risk
684,38,4,0.0,3,1,0,75609.84,0,2,379,False,False,True,False,False,False,0,0,0.0017883423068221045,Low Risk
636,49,6,113599.74,2,1,0,158887.09,1,2,752,True,False,True,False,True,False,1,1,0.9958523210605406,High Risk
594,21,2,87096.82,2,1,0,168186.11,0,1,923,True,False,False,False,False,True,0,0,0.011254769179574816,Low Risk
629,45,7,129818.39,3,1,0,9217.55,1,3,257,True,False,False,False,True,False,1,1,0.9993791433026364,High Risk
683,47,1,0.0,2,1,0,148989.15,0,5,745,False,False,True,False,True,False,0,0,0.0010994698999054816,Low Risk
638,42,7,165679.92,1,0,0,32916.29,0,3,717,False,False,False,True,False,False,0,0,0.008323183067489566,Low Risk
762,32,10,191775.65,1,1,0,179657.83,0,2,914,False,False,True,False,False,False,0,0,0.000638313811521065,Low Risk
595,37,2,157084.99,1,1,0,134767.13,0,5,974,False,True,True,True,False,False,0,0,0.00033573560989652796,Low Risk
550,34,8,122359.5,1,0,0,116495.55,0,2,702,False,False,True,True,False,False,0,0,0.002158820726716514,Low Risk
673,37,10,0.0,2,1,1,37411.35,0,4,450,False,False,False,False,True,False,0,0,0.0008755399770471976,Low Risk
637,36,2,152606.82,1,1,1,71692.8,0,4,985,False,False,True,False,False,True,0,0,7.173777056002254e-05,Low Risk
725,33,7,115182.84,2,1,1,177279.41,0,2,470,True,False,False,False,True,False,0,0,0.0014753455429273455,Low Risk
637,33,2,145731.83,1,0,1,109219.43,0,4,721,False,False,True,False,False,True,0,0,0.00018027041350477736,Low Risk
667,55,9,154393.43,1,1,1,137674.96,1,3,887,True,False,True,False,False,True,1,1,0.9611524783089386,High Risk
668,37,10,152958.29,2,1,1,159585.61,0,2,743,True,False,True,False,False,True,0,0,0.0001764173373861839,Low Risk
528,26,10,102073.67,2,0,0,166799.93,0,4,370,False,False,False,False,False,True,0,0,0.0102305752861536,Low Risk
680,36,3,116275.12,1,1,1,63795.8,0,4,883,False,False,True,True,False,False,0,0,7.283267130984077e-05,Low Risk
714,45,0,124693.48,1,0,1,187194.15,0,2,952,False,True,True,False,True,False,0,0,8.211077945388941e-05,Low Risk
747,49,6,202904.64,1,1,1,17298.72,1,1,765,False,False,True,False,False,True,1,1,0.9026950561804964,High Risk
706,53,7,0.0,2,0,1,117939.17,0,2,840,False,True,True,False,False,False,0,0,0.00012633036802919552,Low Risk
611,33,7,0.0,2,1,1,3729.89,0,1,976,False,True,False,False,False,False,0,0,0.00038162071094917897,Low Risk
738,35,8,127290.61,1,1,0,16081.62,0,2,620,False,True,True,False,False,True,0,0,0.0012705936462342974,Low Risk
596,41,5,0.0,2,0,1,141053.85,0,4,906,False,True,True,False,False,True,0,0,8.414913326469255e-05,Low Risk
558,41,2,124227.14,1,1,1,111184.67,0,3,476,True,False,True,False,False,True,0,0,0.0008976738433295113,Low Risk
606,32,6,0.0,2,0,1,36540.63,0,3,511,False,False,True,False,True,False,0,0,0.0003280987461817197,Low Risk
849,49,9,132934.89,1,1,0,171056.65,1,4,285,True,False,False,True,False,False,1,1,0.9995589412431171,High Risk
537,59,9,0.0,2,0,0,103799.77,1,4,948,False,False,True,True,False,False,1,1,0.9909730729100966,High Risk
589,36,9,140355.56,2,1,0,136329.96,0,2,236,True,False,False,False,True,False,0,0,0.02919568851608418,Low Risk
716,40,3,0.0,2,0,1,167636.15,0,2,910,False,False,False,False,False,False,0,0,0.0007113073219381786,Low Risk
769,39,9,0.0,1,1,1,47722.79,0,3,851,False,True,True,False,True,False,0,0,0.00010730420120221858,Low Risk
585,56,4,138227.19,2,1,1,55287.84,0,4,708,False,False,True,True,False,False,0,0,5.9548649330617974e-05,Low Risk
742,55,5,155196.17,1,0,1,121207.66,1,5,862,True,False,True,False,False,False,1,1,0.9762006383154929,High Risk
607,36,8,143421.74,1,1,0,97879.02,0,1,641,True,False,True,False,False,True,0,0,0.007003950578134614,Low Risk
733,36,5,0.0,2,1,1,109127.54,0,5,513,False,False,True,False,False,True,0,0,0.0001348734244086762,Low Risk
469,38,9,113599.42,1,0,0,11950.29,0,3,880,True,False,True,False,False,False,0,0,0.011577986782113574,Low Risk
601,41,1,0.0,2,0,1,160607.06,0,4,856,False,False,False,False,False,True,0,0,0.0006961036533455542,Low Risk
613,40,1,147856.82,3,0,0,107961.11,1,2,249,True,False,True,False,False,True,1,1,0.9980644992171351,High Risk
698,31,1,156111.24,1,0,0,134790.74,0,1,941,False,False,True,True,False,False,0,0,0.0011088672080406762,Low Risk
623,45,0,0.0,1,1,0,196533.72,1,2,679,False,False,True,False,False,True,1,1,0.996379118331208,High Risk
684,24,9,79263.9,1,0,1,196574.48,0,4,484,False,True,False,False,False,True,0,0,0.0007849553985628698,Low Risk
522,25,1,111432.13,1,1,1,168683.57,0,4,963,True,False,True,True,False,False,0,0,0.0002190999064279295,Low Risk
564,53,2,45472.28,1,1,1,41055.71,1,5,286,False,False,False,False,True,False,1,1,0.9952629210303329,High Risk
660,41,3,0.0,2,1,1,108665.89,0,4,265,False,False,True,False,False,False,0,0,0.0003176636497945973,Low Risk
560,35,1,0.0,2,1,0,3701.63,0,5,901,False,False,False,False,False,False,0,0,0.006685081265942722,Low Risk
620,25,1,137712.01,1,1,1,76197.05,0,5,631,True,False,False,True,False,False,0,0,0.0016592717981675851,Low Risk
623,33,8,96759.42,1,1,1,174777.98,0,2,357,True,False,True,False,False,True,0,0,0.0009799353923587723,Low Risk
743,59,5,108585.35,1,1,1,192127.22,1,5,431,True,False,True,False,False,True,1,1,0.9820668765198791,High Risk
692,28,5,61581.97,1,1,1,70179.91,0,3,963,False,False,True,False,False,True,0,0,0.00010819709032116923,Low Risk
681,25,5,0.0,1,0,1,90860.97,0,4,875,False,False,True,False,False,False,0,0,0.0002853308117902286,Low Risk
524,29,9,144287.6,2,1,0,32063.3,0,3,311,True,False,True,False,True,False,0,0,0.0062983457520134865,Low Risk
590,47,0,117879.32,1,1,1,8214.46,0,5,874,False,False,True,False,True,False,0,0,0.00012446246684800696,Low Risk
606,40,5,0.0,2,1,1,70899.27,0,2,664,False,False,True,False,False,False,0,0,0.0001985389399996933,Low Risk
540,48,0,148116.48,1,0,0,116973.48,0,3,274,False,False,True,True,False,False,0,0,0.004899820071007511,Low Risk
687,39,2,0.0,3,0,0,188150.6,1,2,616,False,True,False,True,False,False,1,1,0.9960134687020887,High Risk
600,27,6,0.0,2,1,1,172031.22,0,2,292,False,True,False,False,False,True,0,0,0.0007663982992644427,Low Risk
526,30,8,0.0,1,1,0,36251.0,0,3,268,False,True,True,False,False,False,0,0,0.005910073077835584,Low Risk
747,37,1,0.0,2,0,1,180551.76,0,1,988,False,True,True,False,True,False,0,0,7.093151523636539e-05,Low Risk
529,46,8,0.0,1,0,0,126511.94,1,3,508,False,False,True,True,False,False,1,1,0.9979395244009863,High Risk
679,39,4,0.0,1,0,0,172939.3,1,5,966,False,False,False,True,False,False,1,1,0.9983941821640012,High Risk
456,63,1,165350.61,2,0,0,140758.07,1,1,343,False,False,False,False,False,True,1,1,0.9993308429727538,High Risk
418,39,2,0.0,2,0,0,9041.71,0,2,242,False,False,False,False,False,False,0,0,0.0554748355555603,Low Risk
645,37,1,0.0,2,1,1,68987.55,0,3,973,False,False,False,True,False,False,0,0,0.00030574288112485555,Low Risk
694,33,4,124067.32,1,1,1,77906.87,0,5,769,True,False,True,False,False,False,0,0,0.0004174238988532481,Low Risk
850,49,8,0.0,1,0,0,25867.67,1,2,240,False,True,True,False,True,False,1,1,0.9983569577995148,High Risk
758,43,10,0.0,2,1,1,55313.44,0,2,995,False,True,False,True,False,False,0,0,0.00016545575273382805,Low Risk
487,24,7,133628.09,2,1,1,98570.01,0,4,223,False,False,True,True,False,False,0,0,0.00011961393618350335,Low Risk
538,42,1,98548.62,2,0,1,94047.75,0,5,929,True,False,False,False,False,False,0,0,0.0017892738686341447,Low Risk
809,38,3,0.0,2,1,1,80061.31,0,3,533,False,False,True,False,False,False,0,0,0.00018019762790961517,Low Risk
561,49,8,0.0,2,1,1,12513.07,0,1,517,False,False,False,False,False,True,0,0,0.0014121950172791523,Low Risk
629,28,8,108601.0,1,1,1,119647.7,0,1,756,True,False,True,True,False,False,0,0,0.00037674792934791853,Low Risk
526,43,3,0.0,2,1,0,31705.19,0,5,989,False,True,False,False,True,False,0,0,0.003046101374015579,Low Risk
754,27,7,117578.35,2,0,1,87908.01,0,2,662,True,False,True,False,False,False,0,0,0.0004677576803085545,Low Risk
694,30,2,0.0,3,0,1,15039.41,0,4,392,False,False,True,False,False,False,0,0,0.0002241907996726389,Low Risk
520,63,5,162278.32,1,1,1,34765.33,0,5,998,False,True,False,False,False,True,0,0,0.00026610538034527257,Low Risk
784,28,2,109960.06,2,1,1,170829.87,0,2,797,True,False,True,False,False,False,0,0,0.00020455031160093073,Low Risk
850,28,2,101100.22,2,1,1,35337.31,0,1,711,True,False,True,False,True,False,0,0,0.00027576793015597406,Low Risk
575,43,3,0.0,1,1,0,83594.51,0,5,600,False,True,True,False,False,False,0,0,0.0027009860207040416,Low Risk
566,42,3,108010.78,1,1,1,157486.1,0,3,509,False,False,True,True,False,False,0,0,0.0001662133062796894,Low Risk
789,43,8,119654.44,2,0,1,148412.24,1,5,570,True,False,True,False,True,False,1,1,0.9652837376569997,High Risk
666,44,2,122314.5,1,0,0,68574.88,1,5,837,True,False,False,True,False,False,1,1,0.999525303873262,High Risk
767,35,6,132253.22,1,1,0,115566.57,1,4,704,True,False,False,False,False,True,1,1,0.9993938363628395,High Risk
702,45,0,80793.58,1,1,1,27474.81,0,2,994,False,False,True,False,False,False,0,0,0.00015344762183422528,Low Risk
459,48,4,133994.52,1,1,1,19287.06,1,5,661,True,False,True,False,False,False,1,1,0.9857341305779768,High Risk
718,44,1,133866.22,1,0,1,139049.24,0,3,445,False,False,False,True,False,False,0,0,0.0011397397178898364,Low Risk
662,37,5,94901.09,1,1,1,48233.75,0,1,579,False,True,True,False,False,False,0,0,0.00019139028398257145,Low Risk
649,41,3,130931.83,1,1,1,144808.37,0,1,457,False,False,False,False,True,False,0,0,0.0010989824305263028,Low Risk
514,45,3,109032.23,1,0,1,155407.21,1,2,764,True,False,False,False,False,False,1,1,0.9977984296430539,High Risk
535,30,6,103804.97,1,1,1,125710.53,0,3,553,False,False,True,False,True,False,0,0,0.0001980885432383508,Low Risk
750,38,1,0.0,2,1,0,47764.99,0,4,740,False,False,False,True,False,False,0,0,0.004639728398105927,Low Risk
696,34,9,150856.79,1,0,1,8236.78,0,3,572,False,False,True,True,False,False,0,0,0.0001931349356907823,Low Risk
635,37,9,146748.07,1,0,1,11407.58,0,1,219,True,False,False,False,False,True,0,0,0.01146604622917916,Low Risk
617,46,3,106521.49,1,0,1,86587.37,0,4,693,False,True,False,False,False,False,0,0,0.0009324338470993278,Low Risk
650,27,6,0.0,2,1,0,1002.39,0,1,789,False,False,False,False,True,False,0,0,0.0076110206943180774,Low Risk
577,31,4,61211.18,1,1,1,145250.43,0,2,233,True,False,False,True,False,False,0,0,0.006041773121057091,Low Risk
755,28,7,124540.28,1,0,1,188850.89,0,3,691,False,False,False,True,False,False,0,0,0.0005291860837375337,Low Risk
637,32,3,0.0,2,1,1,197827.06,0,5,704,False,False,True,False,False,True,0,0,8.89394211623248e-05,Low Risk
656,69,6,163975.09,1,1,1,36108.5,0,3,836,False,True,True,False,False,True,0,0,7.769991565714313e-05,Low Risk
850,41,8,132838.07,1,1,1,175347.28,0,4,751,False,True,True,False,False,False,0,0,5.313514559727701e-05,Low Risk
654,43,9,84673.17,2,0,1,82081.35,0,5,531,True,False,True,False,False,True,0,0,0.0005848657381845896,Low Risk
574,33,3,129834.67,1,1,0,193131.42,0,5,470,True,False,True,False,False,True,0,0,0.006638583543234475,Low Risk
743,48,5,118207.69,2,0,0,186489.14,1,2,947,False,True,False,False,False,True,1,1,0.9947856851975443,High Risk
632,38,6,86569.76,2,1,0,98090.91,0,5,435,True,False,False,False,False,True,0,0,0.02302589833105554,Low Risk
515,60,9,113715.36,1,1,0,18424.24,1,1,850,True,False,True,True,False,False,1,1,0.9981130234164722,High Risk
608,28,4,96679.71,1,1,1,49133.45,0,3,988,True,False,True,False,True,False,0,0,0.00035662401231014633,Low Risk
637,34,9,0.0,2,0,0,26057.08,0,5,365,False,True,False,True,False,False,0,0,0.009226071270918672,Low Risk
629,31,6,0.0,2,1,0,93881.75,0,5,363,False,False,True,False,False,True,0,0,0.002318890600902834,Low Risk
665,25,7,90920.75,1,0,1,112256.57,0,2,611,False,False,True,True,False,False,0,0,0.00021448168095167792,Low Risk
469,48,5,0.0,1,1,0,160529.71,1,1,847,False,False,False,False,True,False,1,1,0.999187051978822,High Risk
754,19,9,0.0,1,1,0,189641.11,0,3,933,False,True,False,False,False,True,0,0,0.003480407755481174,Low Risk
673,37,2,0.0,1,1,1,13624.02,0,2,307,False,False,True,True,False,False,0,0,0.0005191707386754808,Low Risk
731,43,9,79120.27,1,0,0,548.52,1,5,978,True,False,False,False,False,False,1,1,0.9996627335395177,High Risk
668,42,8,187534.79,1,1,1,32900.41,1,2,835,False,False,True,False,True,False,1,1,0.8843283675935301,High Risk
677,26,3,102395.79,1,1,0,119368.99,0,3,754,True,False,False,True,False,False,0,0,0.01778582412767818,Low Risk
595,41,9,150463.11,2,0,1,81548.38,0,3,406,True,False,False,False,True,False,0,0,0.0030597278527865067,Low Risk
498,35,2,121968.11,2,0,1,188343.05,0,1,563,True,False,True,True,False,False,0,0,0.00049197099157352,Low Risk
748,34,5,84009.47,1,1,1,137001.1,0,4,440,False,False,True,False,False,True,0,0,0.0002014530725986231,Low Risk
606,53,1,109330.06,1,1,1,75860.01,0,5,582,False,True,False,False,False,False,0,0,0.0007154908840095455,Low Risk
739,30,6,0.0,1,0,0,122604.44,0,2,388,False,False,False,False,False,True,0,0,0.03459049660353534,Low Risk
771,33,5,0.0,2,1,0,8673.43,0,5,288,False,True,False,False,False,True,0,0,0.008196752826277574,Low Risk
595,31,4,0.0,2,1,0,189995.86,0,2,511,False,False,True,False,True,False,0,0,0.0019373071188325476,Low Risk
701,41,10,0.0,2,1,1,146257.77,0,4,629,False,False,True,False,True,False,0,0,0.00010536968124462193,Low Risk
572,36,8,68348.18,2,0,1,50400.32,0,1,984,False,False,False,False,False,True,0,0,0.0005688564722643437,Low Risk
523,30,1,83181.29,1,1,1,138176.78,0,4,246,False,False,True,False,False,True,0,0,0.00039794862737664723,Low Risk
764,24,7,0.0,2,1,0,186105.99,0,1,410,False,False,False,False,False,True,0,0,0.009246542080603576,Low Risk
767,36,3,0.0,1,0,0,65147.27,0,2,470,False,False,True,False,False,False,0,0,0.008826001310409236,Low Risk
720,44,4,0.0,2,1,0,163471.01,0,1,311,False,False,True,False,True,False,0,0,0.0030384648699314874,Low Risk
765,32,9,178095.55,1,0,0,47247.56,0,3,656,False,True,False,True,False,False,0,0,0.004204943844091726,Low Risk
615,30,7,0.0,2,1,1,156346.84,0,4,548,False,False,True,False,False,False,0,0,0.00015608656162330344,Low Risk
582,33,2,122394.0,1,1,1,22113.93,0,3,273,True,False,True,True,False,False,0,0,0.0010758744157223924,Low Risk
447,41,3,0.0,4,1,1,197490.39,1,2,408,False,False,True,False,False,True,1,1,0.8539844263452081,High Risk
592,37,9,0.0,3,1,1,10656.89,0,1,413,False,True,True,False,False,False,0,0,0.00011821335161036074,Low Risk
833,32,6,0.0,1,1,1,44323.22,1,4,775,False,True,True,True,False,False,1,1,0.8719826090777281,High Risk
771,45,0,139825.56,1,0,0,170984.97,1,5,727,False,True,True,True,False,False,1,1,0.984868298662292,High Risk
594,24,0,97378.54,1,1,1,71405.17,0,2,431,False,True,False,False,False,False,0,0,0.001106919044492791,Low Risk
537,42,1,190569.23,1,0,1,127154.8,0,2,341,False,True,True,False,False,False,0,0,0.00030556504862975755,Low Risk
567,44,9,0.0,2,1,0,87677.15,0,1,240,False,True,True,False,False,False,0,0,0.003485471041114285,Low Risk
663,46,2,141726.88,1,1,1,58257.23,0,1,320,True,False,False,True,False,False,0,0,0.004613740186726799,Low Risk
558,31,7,0.0,2,1,0,166720.28,0,1,689,False,True,False,False,False,True,0,0,0.004956129884900278,Low Risk
739,25,5,113113.12,1,1,0,129181.27,0,5,796,True,False,False,False,False,False,0,0,0.017957555816684123,Low Risk
525,47,6,118560.0,1,1,0,82522.61,1,4,375,False,True,False,False,True,False,1,1,0.9988527219358782,High Risk
498,34,5,0.0,2,1,1,91711.66,0,1,949,False,False,True,True,False,False,0,0,8.502427616571035e-05,Low Risk
562,30,3,111099.79,2,0,0,140650.19,0,1,370,False,False,True,True,False,False,0,0,0.0023061941546990965,Low Risk
615,30,9,0.0,1,1,0,87347.82,0,3,437,False,False,False,False,False,True,0,0,0.021565240566708277,Low Risk
590,27,8,123599.49,2,1,0,1676.92,0,1,971,True,False,False,False,False,True,0,0,0.011512152044485016,Low Risk
635,47,2,125724.95,2,1,0,63236.97,0,5,773,False,False,False,False,True,False,0,0,0.003286088691462243,Low Risk
661,35,8,124098.54,1,1,0,86678.48,0,2,393,True,False,True,False,False,True,0,0,0.010656801639249432,Low Risk
554,30,6,135370.12,1,1,1,179689.05,1,4,664,False,True,True,False,True,False,1,1,0.8558443334407247,High Risk
624,28,2,0.0,2,0,1,104353.26,0,4,673,False,True,False,True,False,False,0,0,0.00045204177675764467,Low Risk
569,43,7,0.0,2,1,1,77703.19,0,2,271,False,False,False,False,False,True,0,0,0.0017353041395105383,Low Risk
511,66,4,0.0,1,1,0,1643.11,1,5,549,False,True,False,False,False,True,1,1,0.9993443147932559,High Risk
685,35,9,0.0,1,1,0,167033.83,0,5,980,False,False,True,False,True,False,0,0,0.0010955751097584492,Low Risk
755,37,0,113865.23,2,1,1,117396.25,0,3,589,True,False,False,True,False,False,0,0,0.0010411341998066966,Low Risk
549,29,3,0.0,2,1,0,146090.38,0,4,901,False,False,True,False,False,False,0,0,0.0010940045683105043,Low Risk
639,77,6,80926.02,2,1,1,55829.25,0,5,291,False,False,True,True,False,False,0,0,0.0001668285820521024,Low Risk
597,66,3,0.0,1,1,1,70532.53,0,2,414,False,True,False,False,False,False,0,0,0.002372313363502211,Low Risk
740,57,3,113386.36,2,1,1,65121.63,1,1,970,True,False,False,False,False,True,1,1,0.9885712171870641,High Risk
659,44,9,23503.31,1,0,1,169862.01,1,4,275,False,False,False,True,False,False,1,1,0.994713363584069,High Risk
802,33,8,0.0,2,1,0,143706.18,0,1,956,False,False,True,False,False,True,0,0,0.0007707318087694445,Low Risk
726,50,9,94504.35,1,0,1,5078.9,0,1,860,True,False,True,True,False,False,0,0,0.000696140930185558,Low Risk
797,55,10,0.0,4,1,1,49418.87,1,1,248,False,False,False,True,False,False,1,1,0.9629520420303426,High Risk
702,40,7,145536.9,1,0,1,135334.24,0,3,715,False,False,True,False,False,False,0,0,0.00019599760215373058,Low Risk
593,38,4,88736.44,2,1,0,67020.03,0,5,910,False,True,False,False,True,False,0,0,0.0018540661870137928,Low Risk
686,35,4,0.0,1,1,0,8816.37,0,2,656,False,False,True,True,False,False,0,0,0.002971757929964627,Low Risk
688,46,0,74458.25,1,0,1,6866.31,0,1,752,True,False,False,False,False,False,0,0,0.008078854195347642,Low Risk
714,34,5,141173.03,1,0,1,98896.06,0,5,536,False,False,True,False,False,True,0,0,0.0002135947369890861,Low Risk
522,25,5,94049.92,2,1,0,103269.0,0,3,913,True,False,False,False,False,True,0,0,0.01143559925575978,Low Risk
623,48,1,108076.33,1,1,0,118855.26,1,3,223,True,False,False,False,True,False,1,1,0.9998523307081232,High Risk
529,42,1,157498.9,1,1,1,82276.62,0,5,639,False,False,True,False,False,True,0,0,0.00014604795146289012,Low Risk
682,42,0,0.0,1,1,1,160828.98,0,5,262,False,False,True,False,False,True,0,0,0.00046258980249865245,Low Risk
701,35,9,0.0,2,0,0,170996.86,0,3,303,False,True,False,False,False,False,0,0,0.01332389087599121,Low Risk
679,45,3,146758.24,1,1,0,48466.89,0,4,873,False,False,True,False,True,False,0,0,0.0010633054602696332,Low Risk
777,30,4,137851.31,1,1,0,5008.23,1,5,349,False,False,False,False,False,False,1,1,0.9991105958887884,High Risk
592,37,3,96651.03,1,1,1,3232.82,0,2,710,False,False,True,True,False,False,0,0,0.00016792963502021728,Low Risk
521,32,2,136555.01,2,1,1,129353.21,0,1,577,False,False,False,False,False,False,0,0,0.0005985465185619012,Low Risk
545,38,1,88293.13,2,1,1,24302.95,0,3,331,False,False,True,True,False,False,0,0,0.00017428558099680762,Low Risk
666,50,7,109062.28,1,1,1,140136.1,1,5,542,True,False,False,True,False,False,1,1,0.9942371496463281,High Risk
676,35,5,106836.67,2,1,0,84199.78,0,3,871,False,False,True,False,False,False,0,0,0.0007273696770268972,Low Risk
579,31,6,0.0,2,1,0,26149.25,0,4,604,False,False,True,False,True,False,0,0,0.0018889576106656703,Low Risk
617,26,2,165947.99,2,0,1,168834.38,0,5,319,False,False,False,True,False,False,0,0,0.00048504904918599565,Low Risk
786,32,2,104336.43,2,0,0,59559.81,0,3,240,True,False,False,True,False,False,0,0,0.03887461546927479,Low Risk
701,38,3,125385.49,2,0,1,52044.66,0,2,805,True,False,True,False,False,False,0,0,0.00045411790658019674,Low Risk
765,46,8,119492.88,2,0,1,166896.01,1,5,453,True,False,False,True,False,False,1,1,0.9922264163867632,High Risk
794,24,10,146126.75,1,1,1,88992.05,0,1,431,False,False,True,True,False,False,0,0,0.00012944979313387172,Low Risk
661,39,5,0.0,2,0,0,181461.46,0,5,514,False,False,True,True,False,False,0,0,0.0018163922369312006,Low Risk
698,57,9,111359.55,2,1,0,105715.01,0,5,567,False,False,False,True,False,False,0,0,0.003262504202848029,Low Risk
681,47,9,97023.21,1,1,1,2168.13,0,5,499,False,False,True,False,False,True,0,0,0.000228679543304408,Low Risk
563,36,4,143680.47,2,1,1,63531.19,0,1,735,False,True,False,True,False,False,0,0,0.00018886122910135442,Low Risk
639,66,0,0.0,2,0,1,42240.54,0,3,877,False,False,True,False,False,True,0,0,0.00022663413408500796,Low Risk
614,40,3,113348.5,1,1,1,77789.01,0,5,407,False,True,False,False,True,False,0,0,0.0007064705998142385,Low Risk
711,51,7,0.0,3,1,0,38409.79,1,2,631,False,False,True,False,False,True,1,1,0.98886699458349,High Risk
427,40,8,0.0,2,1,1,82870.75,0,5,778,False,True,True,False,False,True,0,0,7.9454591382414e-05,Low Risk
619,30,7,70729.17,1,1,1,160948.87,0,1,962,False,False,False,False,False,False,0,0,0.0006041744478169233,Low Risk
713,38,9,72286.84,2,1,1,26136.89,0,1,570,False,False,True,False,False,True,0,0,0.00013854419976744385,Low Risk
645,33,8,149564.61,1,0,0,149913.84,0,1,256,True,False,True,False,True,False,0,0,0.01823230938076302,Low Risk
605,41,5,103154.66,1,0,0,143203.78,0,1,380,False,True,True,True,False,False,0,0,0.0029350833911588065,Low Risk
709,45,4,122917.71,1,1,1,11.58,1,5,254,True,False,True,True,False,False,1,1,0.9867449323668831,High Risk
526,49,2,0.0,1,1,0,114539.67,1,2,948,False,True,True,False,False,False,1,1,0.9938998874000697,High Risk
619,35,4,90413.12,1,1,1,20555.21,0,3,389,False,False,False,False,False,False,0,0,0.0019485799804666818,Low Risk
626,39,10,132287.92,3,1,1,51467.92,1,5,880,True,False,True,False,True,False,1,1,0.8641302308217339,High Risk
524,29,7,0.0,2,1,1,105448.74,0,3,717,False,False,True,False,True,False,0,0,0.000126996808705914,Low Risk
612,62,8,140745.33,1,1,0,193437.89,1,5,455,True,False,False,True,False,False,1,1,0.9995193868951331,High Risk
775,32,2,108698.96,2,1,1,161069.73,0,4,236,False,False,False,False,True,False,0,0,0.0005702153129692003,Low Risk
481,39,1,111233.09,1,1,1,123995.15,0,3,955,False,True,True,False,True,False,0,0,7.058391357323667e-05,Low Risk
820,33,2,132150.26,2,1,0,23067.97,0,2,796,False,False,True,True,False,False,0,0,0.0005011389145351563,Low Risk
503,42,8,104430.08,1,1,1,147557.71,0,5,759,False,False,True,True,False,False,0,0,9.106007215373668e-05,Low Risk
700,82,2,0.0,2,0,1,182055.36,0,2,603,False,False,False,True,False,False,0,0,0.0010926363847484858,Low Risk
763,67,1,149436.73,2,0,1,106282.74,0,3,340,False,False,True,True,False,False,0,0,0.0001631168887465559,Low Risk
652,40,7,100471.34,1,1,1,124550.88,0,3,840,False,True,False,True,False,False,0,0,0.0002486159588598998,Low Risk
623,39,1,160903.2,1,0,0,78774.36,0,5,633,False,False,False,False,True,False,0,0,0.01086391755735093,Low Risk
765,43,4,148962.76,1,0,1,173878.87,1,3,873,True,False,True,True,False,False,1,1,0.9623848336362687,High Risk
573,26,8,86270.93,2,1,1,90177.3,0,5,430,False,False,True,True,False,False,0,0,8.578533908078935e-05,Low Risk
558,40,6,0.0,2,1,0,173844.89,0,2,271,False,False,True,False,True,False,0,0,0.003397588352858932,Low Risk
509,25,3,108738.71,2,1,0,106920.57,0,3,595,False,True,False,False,False,False,0,0,0.004111694597946052,Low Risk
688,54,9,0.0,1,1,0,191212.63,1,5,746,False,False,False,True,False,False,1,1,0.9982362529724979,High Risk
709,24,3,110949.41,1,1,1,168515.61,0,5,234,False,False,False,False,False,False,0,0,0.001232273687105249,Low Risk
703,73,5,137761.55,1,1,1,159677.46,0,5,416,False,True,True,True,False,False,0,0,9.27010089273106e-05,Low Risk
565,52,5,97720.35,2,1,0,175070.94,1,2,324,True,False,True,False,True,False,1,1,0.998432296574792,High Risk
647,35,3,166518.63,2,1,0,147930.46,0,4,507,True,False,False,False,True,False,0,0,0.013024930015081497,Low Risk
640,33,6,84719.13,2,1,1,113048.79,0,3,853,False,False,False,False,False,True,0,0,0.00028265756313794005,Low Risk
692,30,7,0.0,2,1,1,18826.34,0,3,973,False,False,False,False,False,False,0,0,0.00043464445826666245,Low Risk
584,39,2,112687.69,1,1,1,127749.61,0,4,857,False,False,False,False,True,False,0,0,0.0004925448287834054,Low Risk
665,51,9,110610.41,2,0,1,1112.76,1,2,843,True,False,False,True,False,False,1,1,0.9926199525682782,High Risk
809,38,2,154763.21,2,1,1,174800.31,0,5,733,False,False,False,False,False,False,0,0,0.0001915260071355086,Low Risk
657,44,6,76495.04,1,1,0,79071.89,0,4,721,False,False,True,False,False,True,0,0,0.001908665449032225,Low Risk
630,31,2,112373.49,2,1,1,131167.98,0,3,888,True,False,False,False,False,True,0,0,0.0008568396089246453,Low Risk
710,40,5,0.0,2,0,0,162878.96,0,2,219,False,False,True,False,False,False,0,0,0.0062903815124504955,Low Risk
537,45,7,158621.04,1,1,0,120892.96,1,4,819,False,False,False,False,False,True,1,1,0.9977707824040023,High Risk
550,45,8,111257.59,1,0,0,97623.42,1,1,448,True,False,False,False,False,True,1,1,0.9998871561045581,High Risk
836,41,7,150302.84,1,1,1,156036.19,0,2,648,False,True,False,False,False,False,0,0,0.0003571727002837034,Low Risk
627,27,1,62092.9,1,1,1,105887.04,0,4,470,False,False,True,False,False,False,0,0,0.0003080590328544579,Low Risk
644,37,6,117271.8,2,1,0,104217.96,1,5,949,False,False,True,False,True,False,1,1,0.9723422248917631,High Risk
587,39,6,101851.8,2,1,0,7103.71,0,2,659,True,False,False,False,False,False,0,0,0.02683302195532807,Low Risk
630,36,8,126598.99,2,1,1,134407.93,0,2,970,False,False,False,False,True,False,0,0,0.0001856645943685111,Low Risk
763,35,7,115651.6,2,1,1,104706.29,0,4,231,False,False,False,False,False,False,0,0,0.0007210682491672955,Low Risk
732,41,8,0.0,2,1,1,170886.17,0,3,568,False,False,True,False,True,False,0,0,0.00012152003673694153,Low Risk
503,25,7,0.0,1,0,1,192841.13,0,1,417,False,True,True,False,False,True,0,0,0.0004743770739926749,Low Risk
595,46,10,0.0,1,1,0,73489.15,1,4,273,False,False,True,False,False,True,1,1,0.9982514229246998,High Risk
663,67,9,0.0,3,1,1,72318.77,0,3,747,False,False,True,False,True,False,0,0,6.906008018477629e-05,Low Risk
841,74,9,108131.53,1,0,1,60830.38,0,5,698,False,False,True,False,False,True,0,0,0.00021337360586364202,Low Risk
531,64,2,175754.87,2,1,1,60721.4,0,1,887,True,False,False,False,False,False,0,0,0.0014214691581707622,Low Risk
534,33,3,151233.62,1,0,0,199336.63,0,5,472,False,True,False,False,True,False,0,0,0.008021419770617124,Low Risk
776,37,1,93124.04,2,1,1,196079.32,0,1,232,True,False,False,False,False,False,0,0,0.0034310421221236042,Low Risk
700,38,8,134811.3,1,1,0,1299.75,0,1,903,False,False,True,False,False,False,0,0,0.0015718089252631546,Low Risk
572,23,2,126873.52,1,0,1,67040.12,0,4,628,False,True,True,True,False,False,0,0,0.0001221269672819392,Low Risk
514,30,7,0.0,1,0,1,125010.24,0,4,583,False,True,True,False,False,False,0,0,0.0003637426998260027,Low Risk
626,43,4,137638.69,1,1,0,130442.08,1,2,560,False,False,True,True,False,False,1,1,0.9926850667503909,High Risk
590,47,3,0.0,2,1,0,171774.5,0,1,398,False,False,True,False,False,False,0,0,0.003725200960316865,Low Risk
682,47,10,134032.01,1,1,0,144290.97,0,3,725,False,True,False,False,False,False,0,0,0.004408705816617243,Low Risk
456,32,9,147506.25,1,1,1,135399.21,0,3,454,False,True,True,False,False,False,0,0,0.00015457784216176568,Low Risk
533,38,1,135289.33,2,0,1,152956.33,0,1,867,False,True,True,True,False,False,0,0,4.868504807363462e-05,Low Risk
625,32,7,106957.28,1,1,1,134794.02,0,2,470,False,True,True,False,False,True,0,0,0.00014426915757182653,Low Risk
528,34,1,125566.9,1,1,1,176763.27,0,5,777,False,False,True,False,True,False,0,0,9.915935536519628e-05,Low Risk
624,51,5,174397.21,2,1,1,172372.63,0,2,955,False,True,True,False,True,False,0,0,2.2037336163480955e-05,Low Risk
584,59,1,0.0,1,0,1,130260.11,1,1,462,False,True,False,False,True,False,1,1,0.9958371705684088,High Risk
615,39,4,133707.09,1,1,1,108152.75,0,5,358,False,False,True,False,True,False,0,0,0.00021345987475201729,Low Risk
555,21,1,0.0,2,0,0,103901.35,0,1,599,False,True,True,False,False,False,0,0,0.0027320779166612624,Low Risk
500,50,5,0.0,4,1,1,83866.35,1,1,416,False,True,False,False,False,False,1,1,0.9638898235896509,High Risk
838,43,9,123105.88,2,1,0,145765.83,0,3,376,False,True,True,False,False,True,0,0,0.0006715638523204398,Low Risk
507,41,3,58820.32,2,1,1,138536.09,0,3,895,False,False,True,False,True,False,0,0,7.503030525115518e-05,Low Risk
591,24,6,147360.0,1,1,1,25310.82,0,3,602,False,False,True,False,False,True,0,0,0.0001658714728337526,Low Risk
662,44,8,0.0,2,1,1,175314.87,0,2,241,False,False,True,False,False,False,0,0,0.0003257412751090855,Low Risk
743,43,2,161807.18,2,0,1,93228.86,1,5,973,False,True,True,True,False,False,1,1,0.6491021054799264,Medium Risk
604,53,2,121389.78,1,1,1,48201.64,1,1,428,False,False,False,False,True,False,1,1,0.9932088348696626,High Risk
777,37,1,0.0,1,1,1,126837.72,0,2,472,False,False,True,False,False,True,0,0,0.0003653712922098354,Low Risk
695,42,5,0.0,1,0,1,72172.13,1,5,583,False,False,False,False,True,False,1,1,0.9942510016402267,High Risk
666,39,10,0.0,2,1,0,102999.33,0,5,888,False,False,True,False,False,True,0,0,0.0008079603301921571,Low Risk
831,34,2,0.0,2,0,0,165840.94,0,3,469,False,False,False,True,False,False,0,0,0.009296520926350752,Low Risk
470,31,4,55732.92,2,1,1,103792.53,0,5,397,False,True,True,True,False,False,0,0,8.245645264717653e-05,Low Risk
608,33,9,89968.69,1,1,0,68777.26,0,3,614,False,False,True,True,False,False,0,0,0.0016866096381480003,Low Risk
812,38,3,127117.8,2,1,1,174822.74,0,1,730,False,True,True,False,True,False,0,0,3.4273280166246555e-05,Low Risk
705,92,1,126076.24,2,1,1,34436.83,0,5,772,False,False,True,False,False,True,0,0,8.440672580725767e-05,Low Risk
427,39,9,0.0,2,1,0,28368.37,0,2,489,False,True,False,False,False,False,0,0,0.0121835491660761,Low Risk
586,28,2,0.0,2,1,1,92067.35,0,5,635,False,True,False,False,True,False,0,0,0.00038261164707032927,Low Risk
535,47,0,160729.1,1,0,1,145986.35,0,5,284,False,False,True,False,False,False,0,0,0.00048459379975720953,Low Risk
753,35,4,0.0,2,1,1,106303.4,0,2,759,False,False,True,True,False,False,0,0,8.036732424961109e-05,Low Risk
617,25,1,102585.88,2,1,1,115387.4,0,5,779,False,False,True,False,False,True,0,0,5.525390866698652e-05,Low Risk
514,32,8,0.0,2,1,0,95857.18,0,4,423,False,False,True,False,True,False,0,0,0.0024403798491470447,Low Risk
725,39,1,50880.98,2,1,1,184023.54,0,4,644,True,False,True,True,False,False,0,0,0.0002255797140637581,Low Risk
644,26,8,96659.64,2,1,1,138775.69,0,1,384,False,True,True,True,False,False,0,0,6.629168327869974e-05,Low Risk
586,42,6,0.0,2,1,1,123410.23,0,4,378,False,True,True,False,False,False,0,0,0.00016772761521659157,Low Risk
605,52,1,63349.75,1,1,0,108887.44,0,2,437,False,False,True,False,False,False,0,0,0.00546280884992281,Low Risk
558,27,1,152283.39,1,1,0,183271.15,0,1,783,False,False,True,True,False,False,0,0,0.000979630807170938,Low Risk
657,38,7,0.0,2,1,0,185827.74,0,1,870,False,False,True,True,False,False,0,0,0.0007744568409386234,Low Risk
677,18,8,134796.87,2,1,1,114858.9,0,4,904,False,True,True,True,False,False,0,0,1.5171839999727112e-05,Low Risk
502,30,4,0.0,2,1,1,66263.87,0,4,396,False,False,True,False,False,False,0,0,0.0003006928665523795,Low Risk
595,64,2,105736.32,1,1,1,89935.73,1,3,808,True,False,False,True,False,False,1,1,0.9945456207262298,High Risk
613,36,9,131307.11,1,0,0,83343.73,0,4,336,False,False,True,False,True,False,0,0,0.0044346242975000704,Low Risk
705,37,3,109974.22,1,1,1,36320.87,1,3,637,True,False,False,False,False,True,1,1,0.9962222687436068,High Risk
686,34,6,146178.13,2,1,1,88837.11,0,2,946,False,False,True,False,False,True,0,0,4.0286901820355893e-05,Low Risk
548,32,5,175214.71,1,1,1,155165.61,0,5,574,True,False,True,False,False,False,0,0,0.00046908206151784285,Low Risk
619,41,8,142015.76,2,1,0,114323.66,0,5,222,True,False,False,False,False,False,0,0,0.02925038386713043,Low Risk
606,35,0,135984.15,2,1,0,186778.89,0,1,337,False,False,False,False,False,True,0,0,0.007921113337660622,Low Risk
614,51,4,40685.92,1,1,1,46775.28,0,4,954,False,False,True,False,True,False,0,0,0.0001486668874107506,Low Risk
666,59,8,152614.51,2,1,1,188782.3,0,1,656,True,False,False,False,False,False,0,0,0.0014114747584926496,Low Risk
731,21,8,132312.06,1,1,0,106663.46,1,2,269,True,False,False,True,False,False,1,1,0.9996739130259634,High Risk
680,33,1,123082.08,1,1,0,134960.98,0,5,302,False,False,True,True,False,False,0,0,0.001952266457598695,Low Risk
710,30,10,0.0,2,1,0,19500.1,0,5,420,False,True,False,False,True,False,0,0,0.005905969525475858,Low Risk
593,62,3,118233.81,1,0,1,24765.53,1,3,376,True,False,False,False,False,False,1,1,0.9990886430801523,High Risk
807,36,4,0.0,2,0,1,147007.33,0,5,461,False,False,False,True,False,False,0,0,0.0007250108577760838,Low Risk
640,29,5,197200.04,2,1,0,141453.62,0,1,540,False,True,True,False,True,False,0,0,0.00048633074189820844,Low Risk
743,36,4,0.0,2,1,1,190911.02,0,3,739,False,False,True,True,False,False,0,0,6.573568060167458e-05,Low Risk
788,41,6,0.0,1,1,1,25571.37,0,2,718,False,False,False,False,False,True,0,0,0.001255903758520552,Low Risk
735,43,9,127806.91,1,1,1,73069.59,0,2,895,False,False,True,True,False,False,0,0,7.021226881209358e-05,Low Risk
497,44,2,121250.04,1,0,1,79691.4,0,3,595,False,True,True,False,False,False,0,0,0.0002835943541914342,Low Risk
516,40,9,0.0,2,0,1,33266.29,0,2,693,False,False,False,False,True,False,0,0,0.0013676922450636597,Low Risk
629,44,5,0.0,4,0,0,117572.59,1,2,296,False,False,True,False,True,False,1,1,0.9918784771346913,High Risk
555,44,3,105770.7,3,1,0,60533.96,1,4,902,False,False,False,False,False,False,1,1,0.9941911784014555,High Risk
639,54,2,0.0,2,1,1,53843.71,0,2,522,False,True,False,False,False,False,0,0,0.000896221978978887,Low Risk
650,71,0,0.0,1,1,1,175380.77,0,5,928,False,True,True,True,False,False,0,0,7.723440712572338e-05,Low Risk
744,29,1,0.0,1,0,0,82422.97,0,4,294,False,False,True,True,False,False,0,0,0.006443356474376945,Low Risk
565,40,2,0.0,2,1,1,129956.13,0,3,520,False,False,False,False,False,True,0,0,0.0009527256455284057,Low Risk
619,28,3,0.0,2,1,0,53394.12,0,3,658,False,False,False,False,True,False,0,0,0.00806673700053339,Low Risk
574,34,1,112572.39,1,0,0,165626.6,0,3,788,False,False,True,True,False,False,0,0,0.0017285586236994075,Low Risk
720,34,6,110717.38,1,1,1,9398.45,0,1,301,False,False,False,True,False,False,0,0,0.001368789828864236,Low Risk
648,39,6,130694.89,2,1,1,153955.38,1,2,912,False,False,False,False,False,False,1,1,0.9532670043991404,High Risk
612,62,0,167026.61,2,1,1,192892.05,0,1,739,False,True,False,False,True,False,0,0,0.00020084110548002022,Low Risk
776,33,8,115130.34,1,0,0,129525.5,1,4,658,True,False,True,True,False,False,1,1,0.9978197594870618,High Risk
686,47,6,0.0,1,1,0,32080.69,1,3,510,False,True,False,False,True,False,1,1,0.9991675515504657,High Risk
654,40,5,105683.63,1,1,0,173617.09,0,5,250,False,True,True,False,False,False,0,0,0.002213188619168773,Low Risk
676,43,2,0.0,1,1,1,55119.53,0,1,679,False,False,False,False,True,False,0,0,0.0016542774984552098,Low Risk
667,33,9,124573.33,2,0,0,683.37,0,3,899,True,False,True,False,True,False,0,0,0.0034467355103433655,Low Risk
518,45,9,105525.65,2,1,1,73418.29,0,3,610,False,False,False,False,False,False,0,0,0.0006115641233327107,Low Risk
700,36,4,0.0,2,1,0,130789.15,0,2,663,False,False,False,True,False,False,0,0,0.005396221678605436,Low Risk
710,32,3,0.0,1,1,0,94790.34,0,1,373,False,False,False,False,False,True,0,0,0.027908465135666374,Low Risk
528,40,4,0.0,2,1,0,25399.7,0,3,345,False,True,True,True,False,False,0,0,0.0019222769172408036,Low Risk
748,60,3,0.0,2,1,1,78194.37,0,1,505,False,True,True,False,False,False,0,0,0.00018206433490177134,Low Risk
663,42,7,115930.87,1,1,0,19862.78,0,4,809,True,False,True,False,False,False,0,0,0.006054818314987409,Low Risk
743,43,5,0.0,2,0,0,113079.19,1,5,402,False,False,True,False,False,True,1,1,0.996361409617295,High Risk
753,38,6,142263.45,1,0,1,33730.43,0,4,351,False,False,False,False,False,False,0,0,0.001973465467758659,Low Risk
542,34,8,108653.93,1,0,1,144725.14,0,1,522,False,True,True,False,False,True,0,0,0.00025047513555746803,Low Risk
643,45,4,45144.43,1,1,0,60917.24,1,5,450,False,False,False,False,False,False,1,1,0.9994213582244854,High Risk
734,47,10,91522.04,2,1,1,138835.91,0,4,993,True,False,False,False,False,True,0,0,0.0006130075429834188,Low Risk
522,30,3,0.0,2,1,0,145490.85,0,4,654,False,True,True,False,False,True,0,0,0.0009992978960497952,Low Risk
662,34,2,117731.79,2,0,1,55120.79,0,1,792,False,False,True,True,False,False,0,0,9.533698833342643e-05,Low Risk
603,31,8,0.0,2,1,1,169915.02,0,3,245,False,False,True,True,False,False,0,0,0.00018785862758862148,Low Risk
550,48,6,0.0,2,1,1,191870.28,0,2,730,False,False,False,False,True,False,0,0,0.000602408735063135,Low Risk
706,29,2,0.0,2,1,1,18255.51,0,1,868,False,True,True,False,False,True,0,0,7.723245631385066e-05,Low Risk
628,45,6,53667.44,1,1,0,115022.94,0,5,588,True,False,False,False,True,False,0,0,0.03887864739851912,Low Risk
430,35,1,118894.22,1,0,0,2923.61,0,5,873,False,False,True,False,False,True,0,0,0.002728726459415726,Low Risk
516,46,6,62212.29,1,0,1,171681.86,1,2,937,False,False,False,True,False,False,1,1,0.9853643341661185,High Risk
653,51,3,0.0,1,1,0,170426.65,1,3,435,False,False,True,False,False,True,1,1,0.9975312846560426,High Risk
504,56,9,104217.3,1,0,0,55857.48,1,4,359,True,False,True,True,False,False,1,1,0.9993766199637609,High Risk
816,38,5,130878.75,3,1,0,71905.77,1,4,961,True,False,False,True,False,False,1,1,0.9951518236406784,High Risk
850,32,3,137714.25,1,0,1,159403.68,0,2,814,True,False,True,False,False,False,0,0,0.0005321292099009358,Low Risk
850,43,3,0.0,2,0,0,2465.8,0,4,452,False,False,False,True,False,False,0,0,0.012529462850372815,Low Risk
709,37,8,0.0,3,1,0,71738.56,0,5,277,False,True,False,False,True,False,0,0,0.0038119584189192264,Low Risk
602,38,2,71667.97,2,0,0,137111.89,0,3,280,True,False,True,False,False,False,0,0,0.01614949023008387,Low Risk
445,62,1,64119.38,1,1,1,76569.64,1,5,561,False,True,True,False,True,False,1,1,0.9473301289261532,High Risk
507,31,9,111589.67,1,1,0,150037.19,0,2,473,True,False,True,False,True,False,0,0,0.009589799644036097,Low Risk
818,43,10,105301.5,1,1,1,78941.59,0,4,412,True,False,True,False,False,False,0,0,0.0008170256714805574,Low Risk
744,42,1,112419.92,1,1,1,83022.92,0,3,367,False,False,True,False,False,True,0,0,0.00027594081282326,Low Risk
526,36,5,91132.18,1,0,0,58111.71,0,1,485,False,True,False,False,False,False,0,0,0.02353198408231478,Low Risk
675,54,2,0.0,1,1,0,149583.67,1,5,752,False,False,True,False,False,True,1,1,0.9949548342884106,High Risk
676,61,8,0.0,2,1,1,118522.73,0,5,762,False,False,False,False,False,False,0,0,0.0005552367445629322,Low Risk
579,64,6,145215.43,1,1,1,164083.72,0,5,792,True,False,False,False,False,True,0,0,0.0017199509715125113,Low Risk
806,37,2,137794.18,2,0,1,75232.02,0,2,691,False,True,False,False,False,True,0,0,0.0003198368605935194,Low Risk
701,21,9,0.0,2,1,1,26327.42,0,3,434,False,True,False,False,True,False,0,0,0.0005615087305358113,Low Risk
569,35,10,124525.52,1,1,1,193793.78,0,5,693,False,False,True,False,True,False,0,0,9.404603034661511e-05,Low Risk
476,34,10,0.0,2,1,0,26260.98,0,3,119,False,False,False,False,False,True,0,0,0.026862886479619184,Low Risk
591,38,2,142289.28,1,0,1,119638.85,0,5,392,False,False,False,False,True,False,0,0,0.001523188875811035,Low Risk
746,37,2,0.0,2,1,0,143194.05,0,4,415,False,False,True,False,False,False,0,0,0.0022991339353747977,Low Risk
838,34,8,0.0,2,1,0,27472.07,0,2,257,False,False,False,False,False,False,0,0,0.017255488639546762,Low Risk
816,67,6,151858.98,1,1,1,72814.31,0,5,459,False,True,True,True,False,False,0,0,7.793040792763477e-05,Low Risk
718,49,10,82321.88,1,0,1,11144.4,0,3,843,False,True,False,False,False,True,0,0,0.0007044646326336818,Low Risk
774,43,1,110646.54,1,0,0,108804.28,0,4,597,False,True,False,True,False,False,0,0,0.006399040022324347,Low Risk
590,44,3,139432.37,1,1,0,62222.81,0,4,816,False,True,False,False,True,False,0,0,0.0039818417328993435,Low Risk
720,46,3,97042.6,1,1,1,133516.51,1,2,809,True,False,True,True,False,False,1,1,0.9674558318409586,High Risk
639,38,5,130170.82,1,1,1,149599.62,0,4,577,True,False,True,True,False,False,0,0,0.0003817438123220256,Low Risk
563,24,7,0.0,2,0,0,16319.56,0,5,769,False,True,True,False,False,True,0,0,0.0013401483091853756,Low Risk
567,40,8,28649.64,1,1,1,95140.62,0,2,488,False,True,True,False,False,True,0,0,0.00024974100192224003,Low Risk
621,35,7,87619.29,1,1,0,143.34,0,2,270,False,False,True,False,False,False,0,0,0.006551400485366103,Low Risk
798,22,8,0.0,2,1,0,107615.43,0,5,280,False,False,True,True,False,False,0,0,0.0014343144794610298,Low Risk
804,33,7,76548.6,1,0,1,98453.45,0,2,994,False,True,True,True,False,False,0,0,6.533567743260288e-05,Low Risk
631,51,8,100654.8,1,1,0,171587.9,0,4,678,False,False,True,False,False,True,0,0,0.0016023531763714176,Low Risk
756,30,2,145127.85,1,0,0,7554.68,0,2,774,False,True,True,False,False,True,0,0,0.001493336202097139,Low Risk
736,43,4,202443.47,1,1,0,72375.03,0,4,494,False,False,True,True,False,False,0,0,0.0010874083539787487,Low Risk
772,42,3,75075.31,2,1,0,92888.52,1,2,339,True,False,True,True,False,False,1,1,0.9978573021423229,High Risk
732,36,5,0.0,2,1,0,161428.25,0,5,279,False,False,True,False,False,True,0,0,0.0021888102751029363,Low Risk
710,35,1,106518.52,1,1,1,127951.81,0,4,939,False,True,True,False,True,False,0,0,4.9429810616118674e-05,Low Risk
453,40,1,111524.49,1,1,1,120373.84,1,4,867,True,False,False,False,True,False,1,1,0.9945476455434684,High Risk
819,35,1,0.0,2,0,1,3385.04,0,1,521,False,False,True,True,False,False,0,0,0.00026525146145923696,Low Risk
584,38,1,115341.55,1,0,1,173632.92,0,2,665,False,False,True,False,False,False,0,0,0.0003159030379209744,Low Risk
625,39,5,0.0,2,1,0,32615.21,0,2,269,False,False,False,False,False,True,0,0,0.020362753344150167,Low Risk
558,45,4,0.0,1,1,0,131807.14,0,4,248,False,True,True,True,False,False,0,0,0.0033646807855418417,Low Risk
680,58,8,0.0,2,1,1,65708.5,0,5,743,False,True,False,True,False,False,0,0,0.0002536565221676525,Low Risk
744,38,9,0.0,2,0,0,20940.76,0,5,629,False,False,False,False,True,False,0,0,0.010425460594057774,Low Risk
725,46,6,0.0,2,1,0,161767.38,0,2,393,False,False,True,True,False,False,0,0,0.001801513121365792,Low Risk
564,62,5,114931.35,3,0,1,18260.98,1,3,771,True,False,False,True,False,False,1,1,0.9887457066049818,High Risk
527,32,7,0.0,2,1,1,44099.75,0,3,718,False,False,False,True,False,False,0,0,0.0005303066555255834,Low Risk
636,39,3,118336.14,1,1,0,184691.77,0,3,349,False,False,False,True,False,False,0,0,0.009865872171178012,Low Risk
684,27,9,122550.05,2,0,1,137835.82,0,2,807,False,False,False,True,False,False,0,0,0.0002762239386496509,Low Risk
650,37,9,0.0,2,1,0,17974.08,0,2,994,False,False,True,False,False,True,0,0,0.0010411217635593632,Low Risk
698,51,6,144237.91,4,1,0,157143.61,1,4,915,False,False,False,True,False,False,1,1,0.9683938868914336,High Risk
592,34,9,0.0,2,1,1,20460.2,0,4,813,False,False,False,False,False,False,0,0,0.0006069389605656665,Low Risk
679,36,1,97234.58,1,1,0,188997.08,0,1,597,False,False,True,False,False,False,0,0,0.002586380497265837,Low Risk
494,35,9,112727.06,2,1,0,183752.91,0,2,697,False,False,False,False,False,False,0,0,0.004858646272204113,Low Risk
717,28,9,82498.14,2,0,0,40437.67,0,5,270,True,False,False,True,False,False,0,0,0.03428417778397707,Low Risk
751,31,8,0.0,2,0,0,17550.49,0,3,341,False,False,True,False,False,True,0,0,0.004541774804640438,Low Risk
680,42,0,0.0,1,1,0,136377.21,0,3,821,False,True,True,False,False,False,0,0,0.001736637471104334,Low Risk
635,53,8,117005.55,1,0,1,123646.57,1,3,882,True,False,True,False,False,True,1,1,0.9813243871782799,High Risk
576,29,5,108541.04,1,1,1,126469.09,0,5,843,False,False,False,False,False,False,0,0,0.0005137920545369336,Low Risk
673,43,8,127132.96,1,0,1,6009.27,1,2,831,False,True,True,False,False,True,1,1,0.9222782238927957,High Risk
818,49,2,0.0,1,0,1,192298.84,1,4,544,False,False,False,True,False,False,1,1,0.9913829864863346,High Risk
642,26,1,138023.79,2,0,1,117060.2,0,3,794,False,False,True,True,False,False,0,0,6.270097181620899e-05,Low Risk
666,30,7,109805.3,1,0,1,163625.56,0,4,957,False,False,True,False,False,False,0,0,0.0001253705844080529,Low Risk
842,29,8,0.0,2,1,1,123437.05,0,2,466,False,False,True,False,False,False,0,0,0.00017024871491665158,Low Risk
539,22,0,100885.93,2,1,1,38772.65,0,5,725,False,False,False,True,False,False,0,0,0.0002757180883631532,Low Risk
600,46,10,95502.21,1,0,0,19842.18,0,2,363,False,False,True,False,False,False,0,0,0.008764117427101857,Low Risk
725,36,1,118851.05,1,1,1,102747.02,0,3,787,False,False,False,False,False,True,0,0,0.0005414147316746849,Low Risk
670,20,4,0.0,2,1,0,119759.24,0,2,920,False,True,False,False,True,False,0,0,0.002628111467256538,Low Risk
723,48,7,0.0,2,1,1,150694.58,0,1,501,False,False,True,False,True,False,0,0,0.0001841267988256071,Low Risk
480,40,6,148790.61,1,0,1,79329.7,0,2,883,False,False,True,False,False,True,0,0,0.0001990649581765087,Low Risk
559,43,1,0.0,2,1,1,196645.87,0,2,701,False,False,False,False,False,False,0,0,0.0007809835238351966,Low Risk
522,34,3,0.0,2,1,1,3894.34,0,1,732,False,False,False,False,True,False,0,0,0.0009408524804718396,Low Risk
724,41,5,0.0,1,0,1,115753.94,0,5,540,False,True,True,False,False,False,0,0,0.00031563279488873924,Low Risk
600,53,7,106261.63,1,1,0,93629.66,1,4,591,True,False,True,False,True,False,1,1,0.9985307048962022,High Risk
602,30,9,113672.18,2,0,0,102135.92,0,4,653,False,True,True,False,False,True,0,0,0.0008377044310438046,Low Risk
715,23,7,139224.92,2,1,0,65057.71,0,1,385,False,False,True,False,False,False,0,0,0.001617773461809963,Low Risk
516,47,6,109387.33,1,0,0,121365.45,0,5,670,False,False,False,False,True,False,0,0,0.013419731010847615,Low Risk
422,41,6,153238.88,1,1,0,11663.09,0,5,741,False,False,True,True,False,False,0,0,0.001283088421413293,Low Risk
736,26,4,135889.13,1,1,1,165692.03,0,4,253,False,True,False,False,True,False,0,0,0.0005893308149577007,Low Risk
744,44,3,0.0,2,1,1,189016.14,0,4,862,False,False,False,False,True,False,0,0,0.0003174937660849659,Low Risk
717,33,1,99106.73,1,0,0,194467.23,0,2,294,False,True,True,True,False,False,0,0,0.002540554766267117,Low Risk
601,46,2,99786.07,1,1,1,32683.88,1,1,284,False,False,True,False,False,True,1,1,0.9788369351030292,High Risk
770,45,4,110765.68,1,1,0,26163.74,1,1,550,True,False,True,True,False,False,1,1,0.998474857020987,High Risk
670,41,10,0.0,3,1,0,81602.02,0,4,378,False,False,False,False,False,False,0,0,0.006650181652821315,Low Risk
671,31,7,41299.03,1,0,1,102681.32,0,3,281,False,False,False,False,False,False,0,0,0.0036500741939859325,Low Risk
732,35,3,0.0,2,1,0,90876.95,0,3,518,False,False,False,False,False,True,0,0,0.009212444652517396,Low Risk
714,54,4,137986.58,2,0,1,51308.54,1,2,809,True,False,True,False,True,False,1,1,0.9699423609839467,High Risk
729,67,2,94203.8,1,0,1,102391.06,0,2,948,False,False,True,False,True,False,0,0,0.00019943851574690276,Low Risk
694,40,9,0.0,2,1,0,40463.03,0,2,400,False,False,True,False,True,False,0,0,0.0028175534881455817,Low Risk
606,32,1,106301.85,2,0,1,59061.25,0,3,469,True,False,False,True,False,False,0,0,0.002843124091285368,Low Risk
729,38,7,0.0,2,0,0,45779.9,0,2,606,False,False,False,False,False,False,0,0,0.016851030191523755,Low Risk
652,41,8,115144.68,1,1,0,188905.43,0,4,900,False,True,True,False,False,True,0,0,0.0005492465343068692,Low Risk
648,51,2,116574.84,1,1,0,4121.04,1,1,244,True,False,False,False,True,False,1,1,0.9998904610714747,High Risk
777,35,7,122917.69,1,1,1,76169.68,0,2,624,True,False,True,False,False,False,0,0,0.0006258891728257706,Low Risk
849,41,9,115465.28,1,1,0,103174.5,0,3,623,False,False,False,True,False,False,0,0,0.005025743111355559,Low Risk
405,39,10,0.0,1,1,0,160810.85,1,2,455,False,False,True,False,False,False,1,1,0.9982312279433605,High Risk
569,43,7,0.0,2,1,0,52534.81,0,1,367,False,False,True,False,True,False,0,0,0.003923463611883634,Low Risk
683,32,9,0.0,2,1,1,24991.92,1,3,862,False,False,False,False,False,True,0,1,0.9746065736813203,High Risk
468,28,3,0.0,2,1,0,170661.02,0,2,306,False,True,True,True,False,False,0,0,0.001689186318641257,Low Risk
554,43,10,0.0,2,1,0,149629.13,1,4,870,False,False,False,True,False,False,1,1,0.9965561622741567,High Risk
540,35,7,127801.88,1,0,1,84239.46,0,5,830,True,False,True,True,False,False,0,0,0.0004407687086117949,Low Risk
547,32,2,0.0,2,1,0,132002.83,0,4,495,False,False,False,False,False,False,0,0,0.011745872551075703,Low Risk
615,24,8,108528.07,2,0,0,179488.41,1,2,312,True,False,True,False,False,False,1,1,0.9988703641322711,High Risk
663,33,8,96769.04,1,1,1,36864.05,0,4,852,False,True,False,True,False,False,0,0,0.000250860150230558,Low Risk
643,30,5,94443.77,1,1,1,165614.4,0,2,606,False,False,True,True,False,False,0,0,0.00012857371572051269,Low Risk
675,35,8,155621.08,1,0,1,35177.31,0,1,977,False,True,False,False,True,False,0,0,0.0004086495249102675,Low Risk
701,43,2,160416.56,1,0,1,37266.43,0,1,998,False,False,False,False,False,True,0,0,0.0006993940407511176,Low Risk
521,61,0,125193.96,1,1,1,109356.53,0,4,312,True,False,False,True,False,False,0,0,0.0048415197204745505,Low Risk
569,30,6,106629.49,1,0,1,44114.88,0,4,644,True,False,True,True,False,False,0,0,0.0007759530202988753,Low Risk
702,35,8,14262.8,2,1,0,54689.16,0,3,372,False,True,False,False,False,True,0,0,0.007464964312714334,Low Risk
503,32,9,100262.88,2,1,1,157921.25,0,1,685,False,True,True,False,False,False,0,0,6.839989725942809e-05,Low Risk
821,45,0,135827.33,2,1,1,131778.58,0,5,945,True,False,True,False,True,False,0,0,0.00010493223233458854,Low Risk
764,38,4,113607.47,1,1,0,91094.46,0,1,771,False,True,True,True,False,False,0,0,0.0007439161059854455,Low Risk
538,38,8,88758.95,2,0,0,28226.15,1,1,911,False,False,False,False,False,False,1,1,0.9986550104592286,High Risk
800,39,4,95252.72,1,1,0,13906.34,0,1,912,True,False,True,True,False,False,0,0,0.00399949362261509,Low Risk
577,46,1,0.0,1,1,1,158750.53,0,4,800,False,False,False,False,False,True,0,0,0.001006802805029127,Low Risk
597,46,4,0.0,2,1,0,58667.16,1,5,666,False,True,False,False,False,True,1,1,0.997673005996008,High Risk
543,41,6,143350.41,1,1,1,192070.16,1,4,592,True,False,True,False,False,False,1,1,0.9795529062386785,High Risk
634,37,3,111432.77,2,1,1,167032.49,0,4,558,True,False,True,True,False,False,0,0,0.00021790775071873296,Low Risk
613,27,5,125167.74,1,1,0,199104.52,0,3,819,False,False,False,False,False,True,0,0,0.004783153615422261,Low Risk
584,49,8,172713.44,1,1,0,113860.81,0,2,475,False,False,True,False,False,False,0,0,0.0026528768026355598,Low Risk
590,40,8,0.0,2,1,0,62933.03,0,4,741,False,False,True,True,False,False,0,0,0.0010615161666816969,Low Risk
668,38,10,86977.96,1,0,1,37094.75,0,1,628,False,False,True,False,False,False,0,0,0.0004399646715414856,Low Risk
680,44,0,129974.79,2,1,1,33391.38,0,5,741,True,False,True,False,True,False,0,0,0.0002292821398516143,Low Risk
749,37,7,0.0,2,1,0,20306.79,0,3,345,False,False,True,True,False,False,0,0,0.0021606256468070335,Low Risk
465,33,6,0.0,2,1,1,95500.98,0,4,927,False,True,False,False,True,False,0,0,0.0002714877247794679,Low Risk
688,24,3,0.0,2,1,1,102195.16,0,5,739,False,True,False,False,False,False,0,0,0.00031269352351694335,Low Risk
549,54,5,92877.33,1,1,0,2619.64,1,1,447,True,False,True,False,False,False,1,1,0.9994944063050611,High Risk
850,70,1,96947.58,3,1,0,62282.99,1,5,365,True,False,False,True,False,False,1,1,0.9988760696477161,High Risk
815,39,6,0.0,1,1,1,85167.88,0,4,818,False,True,False,False,False,False,0,0,0.0005457946264028187,Low Risk
727,39,5,80615.46,2,0,0,180962.32,0,3,892,True,False,True,True,False,False,0,0,0.002380516635959243,Low Risk
569,35,2,109196.66,3,1,0,109393.19,1,1,529,True,False,True,False,False,False,1,1,0.9965176862482009,High Risk
678,49,1,0.0,2,1,1,102472.9,0,1,502,False,True,False,True,False,False,0,0,0.0005473331634705929,Low Risk
559,48,2,0.0,2,0,1,137961.41,0,3,640,False,False,False,True,False,False,0,0,0.000959851699230896,Low Risk
809,43,2,0.0,2,1,1,132908.07,0,1,706,False,False,True,False,True,False,0,0,0.00012146474303315318,Low Risk
667,39,7,167557.12,1,1,1,41183.02,0,1,385,False,True,True,False,False,False,0,0,0.00019063626276375368,Low Risk
590,34,6,0.0,2,1,0,171021.44,0,4,360,False,True,False,False,True,False,0,0,0.006727744583535227,Low Risk
743,45,7,157332.26,1,1,0,125424.42,0,2,775,False,True,True,False,False,True,0,0,0.0007099450848304505,Low Risk
657,48,5,143595.87,1,0,0,101314.65,1,4,944,True,False,False,False,True,False,1,1,0.9995116059252365,High Risk
687,35,8,100988.39,2,1,0,22247.27,0,2,594,False,True,True,False,False,True,0,0,0.000808072335628603,Low Risk
807,40,1,134590.21,1,1,1,46253.65,0,3,779,True,False,False,True,False,False,0,0,0.0014177493909677036,Low Risk
601,26,8,78892.23,1,1,1,23703.52,0,1,876,False,False,False,False,False,True,0,0,0.0007622838767470984,Low Risk
773,33,9,0.0,2,1,1,1118.31,0,3,289,False,False,True,False,False,True,0,0,0.0002663876947501465,Low Risk
597,41,4,153198.23,1,1,1,92090.36,0,1,342,False,False,True,False,False,False,0,0,0.00036395978011517403,Low Risk
701,30,3,156660.72,2,1,0,45742.42,0,3,257,False,False,True,True,False,False,0,0,0.0011973088235988974,Low Risk
537,39,2,0.0,2,1,1,137651.6,0,2,413,False,False,True,False,False,True,0,0,0.00027203433717999144,Low Risk
614,36,1,44054.84,1,1,1,73329.08,0,4,869,False,True,False,False,False,True,0,0,0.00047951285166321865,Low Risk
611,28,3,96381.68,2,1,0,181419.29,0,3,855,False,True,False,True,False,False,0,0,0.0013252952353835512,Low Risk
755,45,7,135643.0,1,0,0,143619.52,1,3,265,True,False,False,False,True,False,1,1,0.9998439643880906,High Risk
705,48,0,0.0,2,0,0,149772.61,0,1,587,False,False,False,False,False,True,0,0,0.016393760157796904,Low Risk
540,37,3,129965.18,1,0,0,19374.08,0,5,502,True,False,True,False,False,True,0,0,0.015418833344408515,Low Risk
740,37,9,0.0,2,1,1,73225.31,0,3,658,False,False,False,False,True,False,0,0,0.0005607302543425308,Low Risk
638,55,2,155828.22,1,0,1,108987.25,1,2,381,False,True,False,False,False,True,1,1,0.9913533209589792,High Risk
676,30,5,0.0,2,0,0,179066.58,0,3,705,False,True,False,False,False,False,0,0,0.006563718747783522,Low Risk
680,48,8,115115.38,1,1,0,139558.6,1,2,813,True,False,False,False,False,True,1,1,0.9994908981662698,High Risk
685,40,7,74896.92,1,1,0,198694.2,0,5,692,False,True,True,False,True,False,0,0,0.0008288055363407924,Low Risk
738,67,1,130652.52,1,0,1,22762.23,0,4,707,False,False,False,False,False,False,0,0,0.0014782137847525222,Low Risk
777,58,4,0.0,1,1,1,62449.07,1,3,852,False,False,False,True,False,False,1,1,0.9838940863184962,High Risk
683,36,7,0.0,2,1,0,104786.59,0,2,381,False,True,False,True,False,False,0,0,0.006005882776410983,Low Risk
574,35,5,163856.76,1,1,1,15118.2,0,5,679,True,False,True,False,True,False,0,0,0.00044464054968727215,Low Risk
601,29,9,0.0,1,1,1,80393.27,0,5,418,False,False,True,True,False,False,0,0,0.00026410608265665865,Low Risk
634,24,2,87413.19,1,1,0,63340.65,0,5,505,False,False,False,True,False,False,0,0,0.008466034414483499,Low Risk
577,43,3,127940.47,1,0,0,125140.72,1,3,839,True,False,False,False,False,True,1,1,0.9996877773352056,High Risk
783,59,9,126224.87,1,1,1,4423.63,0,2,841,False,True,False,False,False,False,0,0,0.0004483952740580086,Low Risk
677,36,7,0.0,1,1,0,47318.75,0,5,784,False,False,False,False,False,True,0,0,0.010319525555951097,Low Risk
850,36,1,104077.19,2,0,1,68594.0,0,1,388,False,False,True,False,False,False,0,0,0.0002704847423971769,Low Risk
850,29,7,0.0,2,1,0,23237.25,0,5,241,False,True,False,False,True,False,0,0,0.007146520738161034,Low Risk
693,21,1,0.0,2,1,1,3494.02,0,3,931,False,False,True,False,True,False,0,0,8.754099817497885e-05,Low Risk
718,63,7,123204.88,1,1,1,100538.8,0,1,831,True,False,True,False,False,True,0,0,0.0004983099884956925,Low Risk
568,38,3,132951.92,1,0,1,124486.28,0,2,783,False,False,False,False,False,False,0,0,0.0011985137383789166,Low Risk
580,23,5,113923.81,2,0,0,196241.43,0,4,590,False,False,False,False,True,False,0,0,0.005746311320166111,Low Risk
591,39,4,150500.64,1,1,0,14928.8,0,1,733,False,False,False,False,False,False,0,0,0.011190800565650102,Low Risk
622,32,6,169089.38,2,1,0,101057.95,0,5,238,False,False,False,False,False,True,0,0,0.005984826043145927,Low Risk
591,40,2,99886.42,2,1,1,88695.19,0,2,675,False,False,True,True,False,False,0,0,7.777450211875862e-05,Low Risk
537,66,8,103291.25,2,1,1,130664.79,0,4,458,True,False,True,True,False,False,0,0,0.0003784916458732196,Low Risk
633,37,9,156091.97,1,1,0,72008.61,0,5,519,False,False,False,True,False,False,0,0,0.005702432024333681,Low Risk
686,56,5,111642.08,1,1,1,80553.87,0,5,799,True,False,False,False,False,False,0,0,0.0023058223809281557,Low Risk
714,27,3,0.0,3,1,1,129130.09,0,5,742,False,True,True,False,False,True,0,0,2.6839652002205472e-05,Low Risk
710,34,9,134260.36,2,1,0,147074.67,0,5,257,True,False,True,True,False,False,0,0,0.003084041661514239,Low Risk
547,48,1,179380.74,2,0,1,69263.1,0,3,672,False,False,False,False,False,False,0,0,0.0006902980748651724,Low Risk
634,63,10,0.0,2,1,0,30772.86,1,3,350,False,True,True,False,False,False,1,1,0.9957586130976722,High Risk
604,32,7,127849.38,1,1,0,15798.7,0,3,747,False,False,False,False,True,False,0,0,0.007639062553952565,Low Risk
616,30,2,0.0,2,1,0,199099.51,0,2,788,False,True,True,True,False,False,0,0,0.0005519847466812696,Low Risk
581,47,1,122949.14,1,0,0,180251.68,1,2,983,False,False,False,False,False,False,1,1,0.9987830042245843,High Risk
603,38,8,59360.77,1,1,1,191457.06,0,1,583,False,False,True,True,False,False,0,0,0.0001756457263222696,Low Risk
622,41,2,127087.06,1,1,0,102402.91,1,2,675,False,False,True,True,False,False,1,1,0.9920372242271808,High Risk
448,25,2,0.0,2,0,0,95215.73,0,2,843,False,True,True,False,True,False,0,0,0.001553754435400398,Low Risk
560,47,1,0.0,1,0,0,128882.66,1,1,762,False,True,True,False,False,True,1,1,0.9969849554038978,High Risk
743,37,8,69143.91,2,0,1,105780.18,0,3,785,False,False,True,False,True,False,0,0,0.00010235372229513073,Low Risk
705,30,1,0.0,1,1,1,181300.32,0,5,554,False,False,True,False,False,True,0,0,0.0002254388001952592,Low Risk
593,74,5,161434.36,2,1,1,65532.17,0,5,264,True,False,True,False,True,False,0,0,0.0005750327348252719,Low Risk
798,60,6,96956.1,1,1,0,31907.44,1,1,703,False,False,False,False,False,True,1,1,0.9989536161957286,High Risk
520,43,7,0.0,2,1,1,36202.74,0,1,357,False,True,True,False,True,False,0,0,0.00024154958417718045,Low Risk
564,36,7,206329.65,1,1,1,46632.87,1,2,929,False,False,False,False,True,False,1,1,0.9675027453423456,High Risk
648,32,8,0.0,1,1,0,133653.38,0,4,687,False,True,True,False,False,True,0,0,0.0015288983611196163,Low Risk
638,35,1,0.0,2,1,0,165370.66,0,2,456,False,True,True,False,False,True,0,0,0.0015274742613486454,Low Risk
671,34,5,164757.56,1,1,0,110748.88,0,2,965,False,False,False,True,False,False,0,0,0.002816215758066621,Low Risk
540,37,6,0.0,2,1,0,141998.89,0,1,417,False,False,True,True,False,False,0,0,0.0023114983389775474,Low Risk
694,36,3,97530.25,1,1,1,117140.41,0,5,522,False,False,True,False,False,True,0,0,0.00017254433332020063,Low Risk
827,35,0,0.0,2,0,1,184514.01,0,3,520,False,True,False,False,False,False,0,0,0.0007349888937947622,Low Risk
763,37,8,0.0,2,1,1,933.38,0,1,560,False,True,True,False,False,False,0,0,0.0001484984047323531,Low Risk
580,36,6,145387.32,2,1,1,169963.2,1,3,635,True,False,False,False,False,False,1,1,0.9909705399198185,High Risk
549,45,3,143734.01,2,1,1,96404.38,0,2,816,True,False,False,False,False,True,0,0,0.0011818708451033662,Low Risk
792,30,8,0.0,2,1,0,199644.2,0,5,630,False,False,True,False,False,True,0,0,0.0008907108789674826,Low Risk
713,42,3,0.0,2,0,0,82565.01,0,2,521,False,False,False,False,False,True,0,0,0.017665263074184843,Low Risk
600,29,8,0.0,2,0,1,34747.43,0,4,738,False,False,True,False,False,True,0,0,0.00019621823123963758,Low Risk
612,41,5,0.0,3,0,0,151256.22,0,4,327,False,False,True,False,False,False,0,0,0.002551864440991407,Low Risk
694,32,0,91956.49,1,1,1,59961.81,0,4,858,False,False,True,False,False,True,0,0,0.00011755234387852955,Low Risk
772,43,6,0.0,2,1,1,57675.88,0,5,807,False,False,True,False,True,False,0,0,8.165391715604409e-05,Low Risk
733,24,3,161884.99,1,1,1,9617.24,0,4,603,False,False,False,False,False,False,0,0,0.0006993382428220008,Low Risk
622,43,8,0.0,2,1,0,100618.17,0,2,650,False,False,True,True,False,False,0,0,0.0013603627010187775,Low Risk
597,43,2,85162.26,1,0,1,5104.08,1,1,507,False,True,True,False,False,True,1,1,0.972494436904077,High Risk
636,38,1,0.0,1,1,0,45015.38,0,3,360,False,False,False,False,False,False,0,0,0.03605358531320666,Low Risk
705,54,3,125889.3,3,1,0,96013.5,1,2,674,True,False,False,False,True,False,1,1,0.9985847940599889,High Risk
416,32,0,0.0,2,0,1,878.87,0,5,884,False,False,True,True,False,False,0,0,0.00015717717478831505,Low Risk
481,37,8,0.0,2,1,0,44215.86,0,5,266,False,True,False,False,False,False,0,0,0.012941267533337717,Low Risk
565,38,5,126645.13,1,1,1,168303.55,0,1,366,False,False,False,False,False,False,0,0,0.001612066978651734,Low Risk
712,35,7,124616.23,1,1,1,69320.97,0,3,744,False,False,True,False,True,False,0,0,0.00011436574990190108,Low Risk
414,38,8,0.0,1,0,1,77661.12,1,4,258,False,False,True,False,False,False,1,1,0.9914115097104486,High Risk
589,45,1,0.0,1,0,0,125939.22,1,4,300,False,True,False,False,False,True,1,1,0.9996365607745902,High Risk
597,38,6,115702.67,2,1,1,25059.05,0,4,486,False,True,True,False,False,False,0,0,9.03326278727207e-05,Low Risk
818,31,1,186796.37,1,0,0,178252.63,0,4,417,False,False,False,False,True,False,0,0,0.009467971902163105,Low Risk
716,38,1,0.0,2,1,1,99661.46,0,2,266,False,False,False,False,False,False,0,0,0.0017058686277892125,Low Risk
623,37,4,140211.88,1,1,1,93832.33,0,3,271,False,False,False,False,True,False,0,0,0.0013735967550036513,Low Risk
763,23,2,0.0,2,1,0,153983.99,0,4,530,False,False,False,False,False,False,0,0,0.007561353222497781,Low Risk
449,33,8,0.0,2,0,0,156792.89,0,1,651,False,True,False,True,False,False,0,0,0.007466151392494136,Low Risk
646,52,8,59669.43,1,0,0,172495.81,1,3,374,False,False,True,False,False,True,1,1,0.9980629139647748,High Risk
598,19,3,150348.37,1,1,1,173784.04,0,2,460,True,False,True,False,False,True,0,0,0.0006259528692385253,Low Risk
721,33,4,72535.45,1,1,1,103931.49,0,5,739,False,True,False,True,False,False,0,0,0.0002767213809039117,Low Risk
600,57,9,138456.03,2,1,1,103548.25,0,3,956,True,False,True,False,False,False,0,0,0.00019243260992854414,Low Risk
673,41,9,98612.1,1,1,0,151349.35,0,2,868,True,False,False,False,False,True,0,0,0.02058675414505933,Low Risk
613,40,7,124339.9,1,0,0,193309.58,0,3,611,False,False,True,False,False,False,0,0,0.003052339394744925,Low Risk
505,25,5,114268.85,2,1,1,126728.27,0,2,943,True,False,False,False,False,True,0,0,0.0009019030283793848,Low Risk
794,45,8,88656.37,2,1,0,116547.31,0,4,618,False,True,True,False,False,False,0,0,0.0006197795693966677,Low Risk
658,35,5,126397.66,1,0,0,156361.58,1,3,501,False,False,False,True,False,False,1,1,0.9989615210273762,High Risk
805,50,9,130023.38,1,1,0,62989.82,1,2,246,True,False,True,True,False,False,1,1,0.9987877279551631,High Risk
711,36,9,137688.71,1,1,1,46884.1,0,5,458,False,False,True,False,False,True,0,0,0.0001643148601554248,Low Risk
635,42,1,146766.72,2,0,1,164357.1,0,1,843,False,False,True,False,False,True,0,0,9.04663285929523e-05,Low Risk
598,27,8,90721.52,2,1,0,109296.18,0,1,698,False,True,True,True,False,False,0,0,0.0004985219856382922,Low Risk
688,32,6,123157.95,1,1,0,172531.23,0,3,499,False,False,False,True,False,False,0,0,0.006367740105898715,Low Risk
721,36,3,65253.07,2,1,0,28737.78,0,5,751,True,False,False,False,False,True,0,0,0.015140077491814717,Low Risk
695,42,7,121453.63,1,0,0,46374.64,0,2,564,False,False,False,True,False,False,0,0,0.013573540667244017,Low Risk
613,19,5,0.0,1,1,1,176903.35,0,1,327,False,True,True,False,False,True,0,0,0.00030646820453414424,Low Risk
628,36,3,91286.51,1,1,0,63085.94,0,4,676,True,False,False,False,False,True,0,0,0.03401534988208865,Low Risk
732,62,2,0.0,2,1,1,25438.87,0,3,780,False,False,True,False,True,False,0,0,0.0001392941799885556,Low Risk
661,35,5,128415.45,1,1,0,142626.49,0,5,969,False,True,False,False,False,True,0,0,0.0021325294612637084,Low Risk
588,27,8,0.0,1,1,0,20066.38,0,5,367,False,False,False,False,False,False,0,0,0.028047398138922004,Low Risk
549,24,9,0.0,2,1,1,14406.41,0,3,544,False,True,False,False,False,True,0,0,0.0006012418233354468,Low Risk
725,36,4,118520.26,1,0,0,131173.9,1,1,663,False,True,False,False,True,False,1,1,0.9986133888068992,High Risk
429,60,7,0.0,2,1,1,163691.48,0,5,778,False,False,True,False,False,False,0,0,0.00014285984672002443,Low Risk
745,55,9,110123.59,1,0,1,51548.14,1,5,765,False,False,False,True,False,False,1,1,0.982202466042802,High Risk
626,62,3,0.0,1,1,1,65010.74,0,1,930,False,True,True,False,True,False,0,0,0.00016366864333703136,Low Risk
557,27,3,87739.08,1,1,1,123096.56,0,2,490,False,False,False,False,False,True,0,0,0.0012965126339535057,Low Risk
550,45,0,0.0,2,0,1,70399.71,0,1,733,False,True,True,False,False,True,0,0,0.0002048361938295631,Low Risk
458,28,2,171932.26,2,1,1,9578.24,0,4,582,True,False,False,True,False,False,0,0,0.0011926828096861233,Low Risk
850,40,6,124788.18,1,1,0,65612.12,0,4,657,False,False,True,False,True,False,0,0,0.001278696070596742,Low Risk
543,35,10,59408.63,1,1,0,76773.53,0,4,480,False,True,True,True,False,False,0,0,0.0015733585509513546,Low Risk
687,38,9,122570.87,1,1,1,35608.88,0,4,595,False,False,True,False,False,False,0,0,0.00018474918231588654,Low Risk
684,18,9,90544.0,1,0,1,4777.23,0,3,300,True,False,True,False,True,False,0,0,0.001872807066850547,Low Risk
850,71,4,0.0,2,1,1,107236.87,0,3,518,False,False,False,False,True,False,0,0,0.0008134673408224064,Low Risk
683,43,4,115888.04,1,1,1,117349.19,1,5,443,True,False,False,False,True,False,1,1,0.9962725240339412,High Risk
691,44,6,134066.1,2,1,1,197572.41,0,4,335,False,False,False,False,True,False,0,0,0.00044113217525092814,Low Risk
602,53,5,98268.84,1,0,1,45038.29,1,5,813,True,False,False,False,True,False,1,1,0.9968986742374195,High Risk
609,25,10,0.0,1,0,1,109895.16,0,2,652,False,False,True,False,True,False,0,0,0.00041795537572846144,Low Risk
730,47,7,0.0,1,1,0,33373.26,1,2,504,False,False,False,False,True,False,1,1,0.9994823204022287,High Risk
692,29,4,0.0,1,1,0,76755.99,1,3,686,False,False,True,False,True,False,1,1,0.9957706160533175,High Risk
628,39,1,115341.19,1,1,1,107674.3,1,4,887,True,False,True,False,False,True,1,1,0.9687611386537122,High Risk
686,32,6,0.0,2,1,1,179093.26,0,2,510,False,False,True,False,False,False,0,0,0.0001792458143758795,Low Risk
632,42,4,119624.6,2,1,1,195978.86,0,4,959,True,False,True,False,True,False,0,0,0.00012374106620863115,Low Risk
559,24,3,114739.92,1,1,0,85891.02,1,4,327,False,True,True,False,False,True,1,1,0.9944997931063169,High Risk
561,27,9,135637.0,1,1,0,153080.4,1,2,567,False,False,False,False,False,True,1,1,0.9986565674565517,High Risk
517,56,9,142147.32,1,0,0,39488.04,1,3,727,False,False,True,False,True,False,1,1,0.9962338793549183,High Risk
569,41,4,120243.49,1,1,0,163150.03,1,5,399,False,False,True,False,True,False,1,1,0.9950101659487818,High Risk
683,40,1,0.0,2,0,0,75762.0,0,3,288,False,False,False,True,False,False,0,0,0.01978802319130011,Low Risk
759,45,8,0.0,2,1,1,99251.24,0,1,292,False,False,False,False,False,False,0,0,0.0015864376635670466,Low Risk
426,34,3,0.0,2,1,1,61230.83,0,4,353,False,False,False,False,False,False,0,0,0.0017870156889781609,Low Risk
601,74,2,0.0,2,0,1,51554.58,0,5,564,False,False,True,False,False,False,0,0,0.0004196790583548112,Low Risk
735,53,8,123845.36,2,0,1,170454.93,1,5,415,False,False,False,False,False,False,1,1,0.9843067707146778,High Risk
667,39,2,0.0,2,1,0,40721.24,1,5,308,False,True,False,False,True,False,1,1,0.9986737681258305,High Risk
741,32,5,0.0,1,1,1,64839.23,0,3,485,False,False,True,False,False,True,0,0,0.0003524400804423172,Low Risk
511,30,5,0.0,2,1,0,143994.86,0,4,248,False,False,False,False,False,True,0,0,0.015465459760233948,Low Risk
508,41,5,0.0,2,1,1,94170.84,0,3,821,False,False,False,False,True,False,0,0,0.0005784550640974674,Low Risk
529,31,7,0.0,2,1,1,175697.87,0,3,578,False,False,False,False,False,True,0,0,0.0007085148527194806,Low Risk
673,44,8,133444.97,1,0,1,5708.19,0,4,276,False,False,False,False,True,False,0,0,0.0023342931925034523,Low Risk
515,40,10,121355.99,1,1,0,138360.29,0,5,870,False,True,True,True,False,False,0,0,0.00048351036162094937,Low Risk
850,49,8,98649.55,1,1,0,119174.88,1,5,568,True,False,True,False,True,False,1,1,0.9977785554527578,High Risk
627,28,5,71097.23,1,1,1,130504.49,0,2,621,True,False,True,False,False,False,0,0,0.0008628419631287534,Low Risk
636,36,5,117559.05,2,1,1,111573.3,0,4,302,False,False,True,False,False,True,0,0,0.00013714277495569823,Low Risk
798,28,3,0.0,2,1,0,2305.27,0,2,632,False,False,True,True,False,False,0,0,0.0013375183824856506,Low Risk
700,35,4,95853.39,2,1,0,192933.37,0,5,862,True,False,True,True,False,False,0,0,0.0012023990974657345,Low Risk
514,35,3,121030.9,1,1,0,10008.68,0,4,264,False,False,True,False,False,False,0,0,0.005631910339794187,Low Risk
713,37,8,0.0,1,1,1,16403.41,0,2,444,False,False,False,True,False,False,0,0,0.0016367749849419476,Low Risk
467,28,10,126315.26,1,1,0,32349.29,1,4,469,True,False,True,False,True,False,1,1,0.9987952393685033,High Risk
689,33,2,161814.64,2,1,0,169381.9,0,3,292,True,False,True,False,True,False,0,0,0.0042225003206015944,Low Risk
510,31,0,113688.63,1,1,0,33099.41,1,2,788,True,False,True,False,False,True,1,1,0.9985188689039409,High Risk
618,56,7,0.0,1,1,1,142400.27,1,5,444,False,False,True,False,False,False,1,1,0.9728598534457256,High Risk
474,45,10,0.0,2,0,0,172175.9,0,4,792,False,False,True,False,True,False,0,0,0.0019051809447224262,Low Risk
754,37,6,0.0,1,1,1,116141.72,0,5,495,False,False,True,False,False,True,0,0,0.00026322677381739973,Low Risk
703,56,9,0.0,1,0,0,85547.33,1,3,623,False,False,True,False,False,True,1,1,0.9979556625635242,High Risk
683,30,10,57657.49,1,0,0,79240.9,0,3,905,False,False,True,True,False,False,0,0,0.0016052203685372863,Low Risk
597,26,8,149989.39,1,1,0,42330.58,0,2,489,False,False,False,False,False,False,0,0,0.01309157095789566,Low Risk
812,24,10,0.0,2,1,1,156906.15,0,1,658,False,False,True,False,True,False,0,0,9.765167838185982e-05,Low Risk
832,34,6,138190.13,2,0,1,146511.2,0,2,424,False,True,False,False,True,False,0,0,0.00039107779985194063,Low Risk
506,43,2,0.0,2,1,0,105568.6,0,2,622,False,False,True,False,True,False,0,0,0.0023406802040652386,Low Risk
685,40,7,0.0,1,1,0,72852.74,1,4,877,False,False,False,False,False,True,1,1,0.9987179191560127,High Risk
632,50,5,107959.39,1,1,1,6985.34,1,5,344,True,False,False,False,False,True,1,1,0.9979235104699082,High Risk
666,27,4,0.0,2,0,0,88751.45,0,1,818,False,False,False,False,False,False,0,0,0.011908008401460375,Low Risk
775,38,6,179886.41,2,0,0,153122.58,0,3,724,True,False,False,False,True,False,0,0,0.011865770324881512,Low Risk
698,39,9,161993.89,1,0,0,90212.38,0,3,515,False,True,False,False,False,False,0,0,0.009693627474652643,Low Risk
657,39,4,80293.81,1,1,0,97192.76,0,1,681,False,False,False,False,False,False,0,0,0.013581560081722658,Low Risk
748,34,8,0.0,2,1,0,53584.03,0,4,932,False,False,False,True,False,False,0,0,0.0028054691609423043,Low Risk
642,56,6,103244.86,2,1,0,143049.72,1,4,918,True,False,False,False,True,False,1,1,0.9987403585157295,High Risk
844,29,8,0.0,2,0,0,147342.03,0,3,807,False,False,False,False,True,False,0,0,0.005794842837175143,Low Risk
766,45,6,0.0,2,0,0,147184.74,0,3,298,False,False,False,False,True,False,0,0,0.018946367089285446,Low Risk
708,43,0,118994.84,1,1,0,181499.77,1,1,904,True,False,False,False,True,False,1,1,0.9993925272281134,High Risk
705,35,4,136496.12,2,1,0,116672.02,0,5,427,True,False,True,False,False,False,0,0,0.004037875609463089,Low Risk
695,29,9,0.0,2,1,0,111565.45,0,2,903,False,False,False,False,False,False,0,0,0.004976132714551001,Low Risk
507,32,7,0.0,2,1,0,67926.18,0,5,506,False,True,True,False,False,True,0,0,0.0013772708072854597,Low Risk
614,34,5,0.0,2,1,0,185561.89,0,5,399,False,False,False,False,False,True,0,0,0.00893370660475169,Low Risk
543,64,4,0.0,2,1,1,148305.82,0,5,701,False,False,True,True,False,False,0,0,0.00010140069762288665,Low Risk
562,75,5,87140.85,1,1,1,39351.64,0,4,389,False,False,True,True,False,False,0,0,0.00033130013955097107,Low Risk
607,62,8,108004.64,1,1,1,23386.77,1,5,271,False,True,False,True,False,False,1,1,0.9866776210669064,High Risk
709,41,3,150300.65,2,1,0,71672.86,0,3,825,False,False,False,False,False,False,0,0,0.00319313107646855,Low Risk
634,77,5,0.0,2,1,1,161579.85,0,5,398,False,False,True,False,True,False,0,0,0.00021881036331589465,Low Risk
778,47,6,127299.34,2,1,0,124694.99,0,2,859,False,True,False,True,False,False,0,0,0.0012233815050217269,Low Risk
633,58,6,98308.51,1,1,1,132034.13,0,3,808,False,True,True,False,False,False,0,0,0.00010289028701277687,Low Risk
645,28,7,117466.03,2,1,1,34490.06,0,4,554,True,False,True,False,False,False,0,0,0.0003807448555729644,Low Risk
618,35,10,0.0,2,1,0,180439.75,0,1,341,False,False,False,False,False,False,0,0,0.015189544475797599,Low Risk
607,36,10,106702.94,2,0,0,198313.69,0,1,519,True,False,True,False,False,True,0,0,0.006879685863773014,Low Risk
616,37,9,0.0,1,1,0,111312.96,0,5,239,False,False,True,False,True,False,0,0,0.005436090277822922,Low Risk
679,34,7,160515.37,1,1,0,121904.14,0,2,932,False,False,True,False,False,False,0,0,0.0009540853249042055,Low Risk
630,51,0,108449.23,3,0,0,88372.69,1,2,295,True,False,False,True,False,False,1,1,0.9995546185411238,High Risk
646,38,2,0.0,2,0,0,178752.73,0,3,240,False,False,False,True,False,False,0,0,0.017906091515443822,Low Risk
528,32,2,99092.45,1,0,1,111149.98,0,5,859,True,False,True,False,True,False,0,0,0.0006364283825135148,Low Risk
776,37,2,0.0,1,0,1,8065.0,0,3,846,False,False,True,False,False,True,0,0,0.00033956174219330914,Low Risk
697,74,3,108071.36,2,1,1,16445.79,0,3,525,True,False,False,False,False,False,0,0,0.0030962294970199858,Low Risk
639,43,6,99610.92,2,1,0,187296.78,0,5,475,False,False,True,False,False,False,0,0,0.0011814121702403448,Low Risk
651,41,4,133432.59,1,0,1,151303.48,0,3,807,True,False,False,False,False,True,0,0,0.002819995329729094,Low Risk
683,25,4,0.0,2,1,0,152698.24,0,3,637,False,False,True,False,True,False,0,0,0.00129930772536584,Low Risk
523,24,5,172231.93,1,0,1,155144.12,0,5,557,False,True,False,True,False,False,0,0,0.000413562239788252,Low Risk
850,61,1,0.0,1,1,0,53067.83,1,2,372,False,False,True,True,False,False,1,1,0.9975154890429467,High Risk
617,39,5,83348.89,3,1,0,7953.62,1,3,994,True,False,False,False,True,False,1,1,0.9980441651829429,High Risk
645,47,9,152076.93,1,1,0,121840.2,1,3,309,True,False,True,True,False,False,1,1,0.9984373930776873,High Risk
692,36,4,0.0,1,1,0,185580.89,1,1,283,False,False,False,False,True,False,1,1,0.9995796372491115,High Risk
637,41,2,0.0,2,0,1,102515.42,0,4,325,False,False,True,True,False,False,0,0,0.0003122375243510358,Low Risk
704,50,4,165438.26,1,1,0,120770.75,1,4,705,False,False,True,True,False,False,1,1,0.9865958866043137,High Risk
829,27,9,112045.67,1,1,1,119708.21,1,3,779,True,False,False,False,False,False,1,1,0.9930172326535114,High Risk
591,39,3,0.0,3,1,0,140469.38,1,3,298,False,True,False,False,False,False,1,1,0.9979644050273809,High Risk
850,35,9,0.0,2,0,0,25329.48,0,1,998,False,False,False,False,False,True,0,0,0.006531407251961271,Low Risk
670,33,1,0.0,2,1,1,86413.11,0,3,898,False,False,True,False,False,False,0,0,0.0001061391772040446,Low Risk
691,52,3,0.0,1,1,0,175843.68,1,3,660,False,False,True,False,False,True,1,1,0.9960387275149998,High Risk
749,42,1,129776.72,2,0,1,143538.51,0,5,942,False,False,True,False,False,False,0,0,6.0535573724213613e-05,Low Risk
585,33,8,0.0,2,1,0,114182.07,0,4,779,False,True,False,False,True,False,0,0,0.003341581155917072,Low Risk
679,24,6,114948.76,2,0,1,135768.25,0,4,471,False,False,False,True,False,False,0,0,0.0004697762820343065,Low Risk
687,35,3,0.0,2,1,1,176450.19,0,2,508,False,True,True,False,False,True,0,0,0.00010634258298606454,Low Risk
689,31,3,139799.63,1,0,1,120663.57,0,5,964,False,True,False,True,False,False,0,0,0.0002133223058066852,Low Risk
546,45,2,0.0,1,0,0,197789.83,1,4,603,False,True,False,False,False,False,1,1,0.9993824984620072,High Risk
711,34,6,0.0,2,1,1,175310.38,0,2,408,False,False,False,False,False,False,0,0,0.0010163807969148135,Low Risk
568,40,1,99282.63,1,0,0,134600.94,1,2,818,True,False,True,False,False,True,1,1,0.9988727123608945,High Risk
672,43,5,0.0,2,1,1,64515.5,0,5,784,False,True,True,True,False,False,0,0,4.7343423111819084e-05,Low Risk
690,29,5,0.0,2,1,0,108577.97,0,3,242,False,False,True,False,True,False,0,0,0.002992718719121444,Low Risk
560,66,9,0.0,1,1,1,15928.49,0,3,906,False,False,False,False,False,False,0,0,0.0014483259257252136,Low Risk
734,22,5,130056.23,1,0,0,121894.31,1,4,830,False,False,True,False,False,True,1,1,0.991663393207683,High Risk
767,47,2,0.0,1,1,0,48161.18,1,3,580,False,True,True,True,False,False,1,1,0.9937394928665209,High Risk
785,28,8,0.0,2,1,0,77231.27,0,2,937,False,False,True,False,False,True,0,0,0.0008267910944171252,Low Risk
702,34,4,100054.77,1,1,0,109496.45,0,3,907,False,False,True,False,True,False,0,0,0.0010723019078991295,Low Risk
840,51,1,87779.83,1,0,1,36687.11,1,4,995,True,False,False,True,False,False,1,1,0.9937586826146265,High Risk
666,47,5,0.0,1,0,0,166650.9,1,3,988,False,True,False,False,False,True,1,1,0.9984794435275118,High Risk
545,74,3,0.0,2,1,1,161326.73,0,2,423,False,True,False,False,False,True,0,0,0.0009567248970335672,Low Risk
629,31,6,0.0,1,1,1,16447.6,1,3,427,False,False,False,False,True,False,1,1,0.9946914558314227,High Risk
689,45,0,130170.82,2,1,0,150856.38,0,3,855,True,False,True,False,False,True,0,0,0.0020823759752626766,Low Risk
771,51,5,135506.58,3,1,1,152479.64,1,5,853,False,True,True,False,False,True,1,0,0.48936966981958663,Medium Risk
547,43,1,92350.36,1,0,1,80262.91,0,1,682,False,False,True,False,False,False,0,0,0.0004902525237193812,Low Risk
681,65,7,134714.7,2,0,1,190419.81,0,3,854,False,True,True,True,False,False,0,0,3.5785885504149116e-05,Low Risk
645,24,3,34547.82,1,1,1,11638.17,0,2,581,False,False,False,False,False,True,0,0,0.001563464394813192,Low Risk
652,51,3,0.0,1,1,0,173989.47,1,1,673,False,False,False,False,False,False,1,1,0.9994020224767842,High Risk
762,34,4,88815.56,2,1,0,68562.26,1,2,448,True,False,True,False,False,True,1,1,0.9979013520419416,High Risk
608,40,7,96202.32,1,0,0,161154.85,0,5,822,True,False,False,False,False,True,0,0,0.030786901322547768,Low Risk
598,32,9,123938.6,2,1,0,198894.42,0,5,375,True,False,True,False,False,False,0,0,0.004159717409233955,Low Risk
538,39,7,108055.1,2,1,0,27231.26,0,5,534,True,False,True,False,False,True,0,0,0.004769033063124161,Low Risk
670,29,9,0.0,2,1,0,27359.19,0,4,440,False,True,False,False,False,False,0,0,0.007773241613054452,Low Risk
529,30,2,116295.29,1,1,0,75285.47,0,4,997,False,False,True,False,True,False,0,0,0.0010225964377475263,Low Risk
758,68,6,112595.85,1,1,0,35865.44,1,4,843,True,False,True,True,False,False,1,1,0.99695915235047,High Risk
687,35,3,99587.43,1,1,1,1713.1,1,5,827,False,False,False,False,False,True,1,1,0.9798719346535097,High Risk
429,24,4,95741.75,1,1,0,46170.75,0,2,352,False,False,True,True,False,False,0,0,0.003870910809341163,Low Risk
610,36,7,115462.02,1,0,1,42581.04,0,5,295,True,False,True,True,False,False,0,0,0.0012844118795336497,Low Risk
619,41,5,92467.58,1,1,0,38270.47,0,3,569,True,False,False,True,False,False,0,0,0.035510347045199134,Low Risk
625,36,9,108546.16,3,1,0,133807.77,1,5,330,False,False,True,True,False,False,1,1,0.9765502728870106,High Risk
663,39,4,0.0,1,1,0,76884.05,0,1,900,False,False,True,False,False,False,0,0,0.002961582456293467,Low Risk
739,34,9,0.0,1,1,0,60584.33,0,3,788,False,False,True,False,True,False,0,0,0.0021493307873512767,Low Risk
695,39,5,0.0,2,0,0,102763.69,0,3,320,False,True,False,False,False,False,0,0,0.016277874018744386,Low Risk
536,32,7,178011.5,2,1,0,22375.14,0,4,454,False,False,True,True,False,False,0,0,0.0008398554151917162,Low Risk
691,41,8,109153.96,3,1,1,148848.76,1,1,736,True,False,False,False,False,False,1,1,0.9834663622136474,High Risk
615,66,7,0.0,2,1,1,74580.8,0,1,994,False,False,True,False,True,False,0,0,0.0001106390296463714,Low Risk
448,36,6,83947.12,2,1,0,81999.53,0,4,524,False,False,False,False,False,True,0,0,0.007718286880686625,Low Risk
588,34,10,129417.82,1,1,0,153727.32,0,3,300,True,False,False,False,False,False,0,0,0.05464023296428461,Low Risk
607,38,3,98205.77,1,1,0,176318.27,0,4,354,True,False,True,False,True,False,0,0,0.010372627953053474,Low Risk
605,43,8,125338.8,2,1,0,23970.13,0,2,998,True,False,False,False,False,True,0,0,0.010460545573071803,Low Risk
585,34,1,0.0,1,1,1,75503.6,0,3,503,False,False,False,True,False,False,0,0,0.0015241814021664838,Low Risk
413,34,9,0.0,2,0,0,6534.18,0,1,449,False,False,True,False,True,False,0,0,0.006644776311944478,Low Risk
566,54,4,118614.6,2,1,1,172601.62,0,3,572,True,False,True,False,False,True,0,0,0.0003616486834243537,Low Risk
639,28,8,0.0,2,1,0,126561.07,0,5,249,False,True,True,False,True,False,0,0,0.0015460447677100272,Low Risk
713,45,4,131038.14,1,1,0,74005.04,1,2,495,True,False,True,True,False,False,1,1,0.9982991362403731,High Risk
530,41,4,0.0,2,0,1,147606.71,0,2,955,False,True,False,False,False,False,0,0,0.0005433132925810661,Low Risk
675,32,8,197436.82,1,1,1,52710.7,0,3,236,False,True,True,False,False,False,0,0,0.00016589867578973623,Low Risk
572,35,1,139979.07,1,1,0,185662.84,0,4,598,True,False,False,False,False,True,0,0,0.026689820329561697,Low Risk
825,34,9,0.0,2,1,1,31933.06,0,3,941,False,False,True,False,False,True,0,0,6.935954300789567e-05,Low Risk
458,35,5,166492.48,1,1,0,135287.74,0,3,603,False,True,False,False,False,True,0,0,0.005447179529553327,Low Risk
554,41,4,112152.89,1,0,1,36242.19,0,1,897,False,True,False,False,False,False,0,0,0.0009126900335375087,Low Risk
671,31,6,105864.6,2,1,0,145567.34,0,5,674,True,False,False,True,False,False,0,0,0.00823714439800274,Low Risk
467,57,1,0.0,2,1,1,114448.77,0,1,843,False,False,True,True,False,False,0,0,0.00012877445847386828,Low Risk
642,35,2,133161.95,1,0,1,122254.86,0,3,460,False,False,True,True,False,False,0,0,0.00024749527978879855,Low Risk
485,30,5,156771.68,1,1,1,141148.21,0,5,644,True,False,False,False,True,False,0,0,0.0019411186488444633,Low Risk
833,37,8,151226.18,2,1,1,136129.49,0,3,633,False,False,True,False,False,False,0,0,5.622927038379645e-05,Low Risk
802,41,4,90757.64,2,0,1,169183.66,0,5,458,True,False,False,False,True,False,0,0,0.0021890327493966307,Low Risk
810,32,9,120879.73,2,0,1,78896.59,0,2,578,False,False,True,False,True,False,0,0,0.00011760916898715873,Low Risk
850,22,3,0.0,1,1,1,144385.54,0,4,495,False,True,True,False,True,False,0,0,0.00013862663060003878,Low Risk
838,39,5,166733.92,2,1,0,14279.44,0,2,917,False,True,False,False,False,False,0,0,0.0015749936221070354,Low Risk
625,57,7,0.0,1,0,0,84106.17,1,1,674,False,True,False,False,False,True,1,1,0.9994522211314937,High Risk
587,33,5,100116.82,1,1,0,34215.58,0,5,492,False,False,True,False,False,True,0,0,0.0026880243134251094,Low Risk
629,39,5,0.0,2,0,0,116748.14,0,5,839,False,True,True,True,False,False,0,0,0.0007467973197666757,Low Risk
610,27,2,0.0,2,1,0,14546.76,0,3,756,False,False,False,False,False,True,0,0,0.007702021089277652,Low Risk
451,33,6,0.0,2,1,0,184954.11,0,3,268,False,False,True,True,False,False,0,0,0.0025624254300880707,Low Risk
675,66,5,115654.47,2,1,1,131970.86,0,2,785,False,True,True,True,False,False,0,0,3.527050378411991e-05,Low Risk
710,34,8,147833.3,2,0,1,1561.58,0,5,916,True,False,True,True,False,False,0,0,0.00016023555394786935,Low Risk
711,45,1,97486.15,2,1,0,50610.62,0,4,841,True,False,False,True,False,False,0,0,0.009386079590512525,Low Risk
619,29,4,98955.87,1,0,1,131712.51,0,2,337,True,False,True,False,False,True,0,0,0.0018578210664262418,Low Risk
761,34,2,0.0,2,1,0,61251.25,0,3,741,False,True,False,False,False,True,0,0,0.004007045311095893,Low Risk
433,34,9,152806.74,1,1,0,19687.99,0,5,398,False,True,True,False,False,False,0,0,0.002157605362359817,Low Risk
552,29,10,0.0,2,1,0,12186.83,0,3,333,False,False,True,False,False,False,0,0,0.004063603457195579,Low Risk
582,43,5,153313.67,1,0,0,170563.73,0,4,794,False,False,False,False,True,False,0,0,0.007709832937377306,Low Risk
514,26,1,0.0,2,0,0,121551.93,0,4,885,False,False,True,False,False,False,0,0,0.0020353682104531767,Low Risk
630,37,6,0.0,2,1,1,82647.65,0,3,970,False,False,True,True,False,False,0,0,5.971641397189722e-05,Low Risk
762,26,7,123709.46,2,1,1,169654.57,0,4,669,False,True,False,False,True,False,0,0,0.00013270019136259615,Low Risk
787,39,7,171646.76,1,0,1,100791.36,0,4,318,False,True,False,True,False,False,0,0,0.000612702040344347,Low Risk
673,32,8,121240.76,1,1,0,116969.73,0,2,296,False,False,True,False,False,False,0,0,0.0037741495691264865,Low Risk
445,25,6,0.0,2,1,0,119425.94,0,3,419,False,False,True,True,False,False,0,0,0.0020995974734438973,Low Risk
642,40,7,0.0,2,1,0,10712.82,0,4,718,False,False,False,False,True,False,0,0,0.007178763378362147,Low Risk
579,29,10,73194.52,2,1,1,129209.09,0,1,853,False,False,False,False,True,False,0,0,0.00032682223149836377,Low Risk
817,37,6,81070.34,2,1,0,80985.88,0,5,518,False,False,False,False,True,False,0,0,0.004452241379448804,Low Risk
670,38,4,119624.54,2,1,1,110472.12,0,4,732,False,False,False,False,True,False,0,0,0.00027214925063677925,Low Risk
616,18,6,0.0,2,1,1,27308.58,0,3,466,False,False,True,False,True,False,0,0,0.00019966195322098634,Low Risk
515,37,2,90432.92,1,1,1,188366.04,1,1,362,True,False,True,False,False,True,1,1,0.991439783764043,High Risk
627,32,1,0.0,1,1,0,106851.7,0,5,293,False,False,False,True,False,False,0,0,0.01909010342991791,Low Risk
659,38,9,0.0,2,1,1,132809.18,0,3,268,False,False,False,False,False,True,0,0,0.0011978483302601671,Low Risk
850,45,2,122311.21,1,1,1,19482.5,0,5,739,False,True,False,True,False,False,0,0,0.0002449830924182192,Low Risk
404,54,4,125456.07,1,1,0,83715.66,1,3,353,True,False,False,False,True,False,1,1,0.9998541027440497,High Risk
696,31,8,122021.92,2,1,0,33828.64,0,3,896,True,False,False,False,False,True,0,0,0.009501970366554079,Low Risk
668,32,10,92041.87,1,1,1,43595.9,0,2,995,True,False,False,False,False,True,0,0,0.0016987305164295116,Low Risk
716,29,6,0.0,2,1,1,98998.61,0,2,545,False,False,False,False,False,False,0,0,0.0008801195018413033,Low Risk
676,34,8,100359.54,1,0,0,46038.28,0,1,444,False,False,False,True,False,False,0,0,0.019517932860174045,Low Risk
546,42,7,139070.51,1,1,1,86945.0,0,3,451,False,True,True,False,False,False,0,0,0.00017675128275144075,Low Risk
575,37,9,133292.45,1,1,0,111175.09,0,2,506,False,True,False,False,True,False,0,0,0.006980474988441481,Low Risk
671,28,8,119859.52,2,1,0,125422.66,0,4,555,True,False,True,False,False,False,0,0,0.0034527761320610017,Low Risk
517,28,2,115062.61,1,1,0,179056.23,0,2,910,False,False,True,True,False,False,0,0,0.000896525461618451,Low Risk
850,40,7,104449.8,1,1,1,747.88,0,4,931,True,False,False,False,True,False,0,0,0.0014020701056470155,Low Risk
685,21,6,97956.5,1,1,1,164966.27,0,2,220,True,False,False,False,False,True,0,0,0.005305732547651813,Low Risk
698,36,6,0.0,2,0,1,19231.98,0,5,698,False,False,True,False,True,False,0,0,0.00018444232053389665,Low Risk
708,40,8,83015.71,1,1,0,101089.76,0,3,699,False,True,True,False,False,False,0,0,0.0013108322954912186,Low Risk
723,28,5,91938.31,1,1,0,143481.85,0,1,500,True,False,False,True,False,False,0,0,0.0312971976676994,Low Risk
534,24,1,0.0,1,1,1,169653.32,0,4,867,False,False,True,True,False,False,0,0,0.00012254434957039735,Low Risk
659,32,9,0.0,2,1,1,93155.75,0,1,428,False,False,False,False,True,False,0,0,0.0010531062759624264,Low Risk
688,40,6,0.0,1,1,1,47886.44,0,1,618,False,False,True,True,False,False,0,0,0.0002776556849342329,Low Risk
677,35,0,0.0,2,0,0,76637.38,0,4,889,False,True,False,False,False,True,0,0,0.005067284574258173,Low Risk
500,34,6,0.0,1,1,1,140268.45,0,2,523,False,False,False,False,True,False,0,0,0.0018835844709408044,Low Risk
652,30,2,176166.56,2,1,1,152210.81,0,1,643,False,False,True,False,False,True,0,0,6.341667031562116e-05,Low Risk
744,56,9,0.0,2,1,1,169498.61,0,4,730,False,False,True,False,False,True,0,0,9.247597701646365e-05,Low Risk
633,39,2,0.0,2,0,0,191207.03,0,1,846,False,True,False,False,True,False,0,0,0.00571608123149572,Low Risk
588,42,2,164307.77,1,1,0,48498.19,0,3,238,True,False,False,False,True,False,0,0,0.06292757107772658,Low Risk
705,37,10,0.0,2,1,1,13935.53,1,3,931,False,False,False,True,False,False,1,1,0.9619214847734595,High Risk
768,28,3,109118.05,2,0,1,50911.41,0,3,803,False,False,False,False,False,True,0,0,0.00043786372097589534,Low Risk
815,38,2,48387.0,1,1,0,184796.84,0,3,243,False,True,False,False,False,False,0,0,0.013652431817122794,Low Risk
746,25,9,0.0,2,0,1,88728.47,0,3,746,False,False,True,False,False,True,0,0,0.0001505924514451494,Low Risk
727,28,1,0.0,1,1,0,40357.39,0,4,979,False,True,True,False,False,False,0,0,0.0012106256352039573,Low Risk
536,35,4,121520.36,1,0,0,77178.42,0,3,881,True,False,False,False,False,False,0,0,0.04328740517955013,Low Risk
747,41,5,0.0,2,1,1,22750.17,0,3,339,False,False,True,False,False,False,0,0,0.0003120775452669931,Low Risk
678,28,5,138668.18,1,1,1,54144.01,0,1,408,False,True,True,False,True,False,0,0,0.00016039798935672605,Low Risk
560,24,1,116084.32,1,1,0,89734.7,0,2,591,False,False,True,False,False,False,0,0,0.002850172821418513,Low Risk
607,31,8,0.0,2,1,1,43196.5,0,2,738,False,False,True,True,False,False,0,0,0.0001043772649084292,Low Risk
663,33,8,122528.18,1,1,0,196260.3,0,4,261,False,True,False,False,False,True,0,0,0.00758835907440387,Low Risk
641,35,4,0.0,2,0,0,125986.18,0,4,757,False,False,False,False,True,False,0,0,0.008694435827515026,Low Risk
642,30,8,134497.27,1,0,0,43250.54,0,3,999,True,False,True,True,False,False,0,0,0.0038892569004284473,Low Risk
731,41,9,152243.57,1,1,1,88783.59,0,4,291,False,False,False,False,True,False,0,0,0.0009619384870074764,Low Risk
655,35,1,82231.51,2,1,0,88798.02,0,1,227,False,True,False,False,False,True,0,0,0.009143879296385464,Low Risk
700,44,2,58781.76,1,1,0,16874.92,0,3,785,False,False,False,False,True,False,0,0,0.010379747475739689,Low Risk
576,36,8,166287.85,1,1,1,23305.85,0,5,859,True,False,False,False,True,False,0,0,0.001397197380687302,Low Risk
751,34,8,127095.14,2,0,0,479.54,0,2,995,False,True,False,False,False,False,0,0,0.0028512226851239923,Low Risk
552,33,3,144962.74,1,1,0,58844.84,1,2,554,True,False,True,False,False,True,1,1,0.9987226052293189,High Risk
580,38,9,115442.19,2,1,0,128481.5,1,3,681,True,False,True,True,False,False,1,1,0.9948478466999217,High Risk
617,50,7,0.0,1,1,0,184839.7,1,3,488,False,True,True,False,True,False,1,1,0.9953211769507379,High Risk
657,42,5,41473.33,1,1,0,112979.6,1,2,603,False,True,True,True,False,False,1,1,0.9920774659684163,High Risk
570,30,10,176173.52,1,1,0,97045.32,1,2,539,False,False,False,True,False,False,1,1,0.9981070325097593,High Risk
845,43,3,152063.59,2,1,0,97910.06,0,1,443,True,False,False,False,False,False,0,0,0.022283138049676406,Low Risk
496,59,7,91680.1,2,1,0,163141.18,1,4,609,True,False,False,True,False,False,1,1,0.9992520832131739,High Risk
609,31,9,103837.75,1,1,1,150218.11,0,2,718,True,False,True,False,False,True,0,0,0.0004989884872345583,Low Risk
760,42,0,77992.97,2,1,1,97906.38,0,5,969,True,False,True,True,False,False,0,0,0.00011612102555533516,Low Risk
809,24,7,109558.36,1,1,0,183515.13,0,5,483,False,False,True,True,False,False,0,0,0.0009818880998200164,Low Risk
426,34,9,0.0,2,1,0,107876.91,0,2,767,False,False,True,False,True,False,0,0,0.0016555231232671542,Low Risk
745,34,7,132944.53,1,1,1,31802.92,0,1,720,False,True,True,False,True,False,0,0,8.939849821966688e-05,Low Risk
701,34,3,105588.66,1,0,1,74694.41,0,4,316,False,False,False,False,False,True,0,0,0.002182343495269881,Low Risk
657,36,8,188241.05,2,0,0,183058.51,1,3,382,False,True,True,False,False,False,1,1,0.9885228615394718,High Risk
493,36,5,148667.81,2,1,0,56092.51,0,4,921,False,False,False,False,False,False,0,0,0.0031236434231815386,Low Risk
611,52,7,0.0,1,0,1,73585.18,1,2,380,False,True,True,False,True,False,1,1,0.9807640976383302,High Risk
776,32,4,109421.13,2,1,1,126517.46,0,1,296,True,False,False,False,False,True,0,0,0.0025770969442398695,Low Risk
588,37,2,0.0,2,0,1,187816.59,0,2,889,False,True,True,False,False,False,0,0,0.00011172847189959141,Low Risk
727,38,2,62276.99,1,1,1,59280.79,0,4,757,False,True,True,False,False,False,0,0,0.00011807316271277233,Low Risk
613,38,9,126265.88,2,0,0,15859.95,0,2,571,True,False,True,False,False,False,0,0,0.008881062245687198,Low Risk
793,63,0,0.0,2,0,1,27166.75,0,1,529,False,True,True,True,False,False,0,0,0.00020280749959492746,Low Risk
681,44,3,105206.7,2,1,1,163558.36,0,2,923,True,False,False,True,False,False,0,0,0.0006345741853630441,Low Risk
687,48,4,0.0,2,1,1,170893.85,0,5,510,False,False,True,False,False,True,0,0,0.0001400755408262931,Low Risk
655,39,6,94631.26,2,1,1,148948.52,0,5,315,False,False,False,False,True,False,0,0,0.0005693204513406065,Low Risk
470,39,5,117469.91,2,0,0,63705.9,0,4,849,True,False,True,False,False,False,0,0,0.005397533180846297,Low Risk
620,25,8,141825.88,1,1,1,73857.94,1,1,911,True,False,False,True,False,False,1,1,0.9904422126995664,High Risk
779,33,3,0.0,2,1,0,30804.68,0,4,408,False,True,True,False,False,False,0,0,0.0017141860204367568,Low Risk
778,34,7,109564.1,1,0,1,113046.81,0,2,758,False,False,False,False,True,False,0,0,0.0008434720512987534,Low Risk
669,51,3,88827.53,1,0,0,85250.77,1,3,612,False,True,True,False,False,False,1,1,0.9961880213666602,High Risk
768,29,2,95984.69,2,1,1,73686.75,0,5,631,False,False,True,False,False,False,0,0,7.962891533305893e-05,Low Risk
651,34,9,0.0,2,1,0,138113.71,0,3,694,False,False,False,False,False,True,0,0,0.006051031264289038,Low Risk
558,36,0,126606.63,2,1,1,172363.52,0,4,769,True,False,False,False,False,True,0,0,0.0009845155916459476,Low Risk
681,58,8,93173.88,1,1,1,139761.25,0,2,797,False,False,False,False,False,False,0,0,0.0007835315385334656,Low Risk
755,43,6,165048.5,3,1,0,16929.41,1,2,434,True,False,True,False,False,True,1,1,0.994911623562113,High Risk
606,42,10,0.0,2,1,0,177938.52,0,2,230,False,True,True,False,True,False,0,0,0.0020865072917510634,Low Risk
683,73,8,137732.23,2,1,1,133210.44,0,4,959,False,False,False,False,True,False,0,0,0.0001837983811827712,Low Risk
744,50,1,121498.11,2,0,1,106061.47,1,2,271,True,False,False,True,False,False,1,1,0.996747637073411,High Risk
630,55,2,0.0,1,1,1,106202.07,1,3,660,False,False,True,False,False,True,1,1,0.9653576262808169,High Risk
661,41,1,0.0,2,0,1,131300.68,0,1,671,False,False,False,False,True,False,0,0,0.0012081999905727019,Low Risk
636,37,9,157098.52,1,1,1,153535.27,0,3,638,True,False,False,False,False,True,0,0,0.0019328783289682288,Low Risk
692,34,4,109699.08,1,1,1,37898.91,0,2,489,False,True,False,False,False,True,0,0,0.0007714237116045786,Low Risk
631,33,2,0.0,2,1,1,158268.84,0,1,246,False,True,True,False,False,True,0,0,0.00021134464888304306,Low Risk
749,32,7,79523.13,1,0,1,157648.12,0,5,628,True,False,False,True,False,False,0,0,0.0025077724744336396,Low Risk
656,37,2,0.0,2,0,1,67840.81,0,2,436,False,False,True,False,False,True,0,0,0.0004156126718767756,Low Risk
563,39,5,0.0,2,1,1,17603.81,0,1,336,False,False,False,False,False,True,0,0,0.0019098152434445384,Low Risk
582,41,1,40488.76,1,1,0,128528.83,0,4,734,False,False,True,True,False,False,0,0,0.0017257953162594067,Low Risk
678,49,2,116933.11,1,1,0,195053.58,1,5,267,True,False,True,False,False,True,1,1,0.9988587192840102,High Risk
643,37,6,0.0,2,0,0,142454.77,0,1,604,False,False,True,False,False,False,0,0,0.0036461092363779778,Low Risk
358,52,8,143542.36,3,1,0,141959.11,1,4,976,False,True,False,False,False,True,1,1,0.9863639917957934,High Risk
464,34,5,76001.57,1,1,1,158668.87,0,1,527,False,True,False,False,False,False,0,0,0.0010983681205839662,Low Risk
507,33,7,0.0,2,1,1,85411.01,0,2,675,False,False,True,False,True,False,0,0,0.00016396756217201098,Low Risk
589,38,4,0.0,1,1,0,95483.48,1,5,443,False,False,True,False,False,False,1,1,0.9977292112556705,High Risk
554,43,2,120847.11,1,1,0,7611.61,1,3,646,True,False,False,True,False,False,1,1,0.9996508553067476,High Risk
607,33,8,91301.72,1,0,1,130824.57,0,5,480,False,False,False,False,False,False,0,0,0.0016888837423598164,Low Risk
522,37,3,95022.57,1,1,1,129107.59,0,3,534,True,False,False,False,False,True,0,0,0.004236456755270901,Low Risk
568,51,4,0.0,3,1,1,66586.56,0,2,573,False,False,True,False,False,True,0,0,0.00011926953216109255,Low Risk
541,39,9,100116.67,1,1,1,199808.1,1,2,635,True,False,False,True,False,False,1,1,0.9945504148664198,High Risk
719,37,9,101455.7,1,1,0,25803.59,1,3,844,False,False,False,False,True,False,1,1,0.9981027848487988,High Risk
502,40,7,117304.29,1,0,0,196278.32,0,1,674,True,False,False,False,False,False,0,0,0.061657066425543444,Low Risk
659,38,9,0.0,2,1,1,35701.06,0,3,609,False,True,False,True,False,False,0,0,0.000361867589208291,Low Risk
850,38,1,0.0,2,1,1,80006.65,0,2,480,False,False,True,False,True,False,0,0,0.00017658121250551737,Low Risk
667,38,1,87202.38,1,1,1,77866.91,0,5,955,False,True,True,False,True,False,0,0,5.7777671925544954e-05,Low Risk
535,29,5,0.0,2,0,1,52709.55,0,2,292,False,False,False,False,False,True,0,0,0.0027853990984602534,Low Risk
551,35,7,129717.3,2,0,0,86937.2,0,2,942,False,False,True,False,False,False,0,0,0.001139089027349171,Low Risk
820,29,3,82344.84,1,0,1,115985.38,0,2,816,False,False,False,True,False,False,0,0,0.0006431286952758408,Low Risk
684,39,4,139723.9,1,1,1,120612.11,0,2,254,False,True,False,False,False,True,0,0,0.0009143746695603786,Low Risk
557,36,1,113110.26,1,1,0,98413.1,0,3,512,False,True,True,False,False,False,0,0,0.00210669146105493,Low Risk
609,38,6,140752.06,2,0,1,171430.16,0,2,765,True,False,True,False,True,False,0,0,0.000317128624559125,Low Risk
505,26,8,112972.57,1,1,0,145011.62,0,2,591,False,False,True,False,True,False,0,0,0.0021009015072024403,Low Risk
777,44,3,124655.59,2,0,1,79792.3,0,4,372,True,False,True,True,False,False,0,0,0.0004946148238451487,Low Risk
607,24,2,109483.54,2,0,1,127560.77,0,3,260,True,False,False,True,False,False,0,0,0.00335124011972165,Low Risk
649,32,7,0.0,1,1,0,28797.32,0,4,537,False,True,False,False,True,False,0,0,0.011450294774178794,Low Risk
702,37,10,150525.8,1,1,1,94728.49,0,4,541,False,False,True,False,False,False,0,0,0.00015153322434858883,Low Risk
585,39,7,165610.41,2,0,0,131852.01,0,1,791,True,False,False,True,False,False,0,0,0.013444306848630369,Low Risk
476,37,4,0.0,1,1,1,55775.84,1,1,649,False,False,True,False,True,False,1,1,0.9739044214132389,High Risk
536,41,9,0.0,1,1,0,121299.14,0,3,685,False,False,False,True,False,False,0,0,0.011243318602476843,Low Risk
660,34,8,106486.66,2,0,1,182262.66,0,5,322,False,False,True,False,False,True,0,0,0.0001652178547609132,Low Risk
545,26,1,0.0,2,1,1,199638.56,0,5,902,False,False,False,False,True,False,0,0,0.0003080188838709606,Low Risk
586,27,5,130231.8,2,1,1,192427.16,0,3,298,False,False,True,False,True,False,0,0,0.00011534389515915329,Low Risk
667,28,6,165798.1,1,1,0,147090.9,0,5,404,False,False,True,False,False,False,0,0,0.0018143031392001783,Low Risk
653,35,6,116662.96,2,1,1,23864.21,0,2,262,False,True,True,False,False,False,0,0,0.00014892449246524712,Low Risk
686,38,7,111484.88,1,1,1,76076.2,0,4,784,False,True,True,False,False,False,0,0,8.29141093208265e-05,Low Risk
521,35,6,96423.84,1,1,0,10488.44,0,4,280,False,False,True,False,True,False,0,0,0.004856341970819861,Low Risk
730,35,0,155470.55,1,1,1,53718.28,0,4,500,False,False,False,True,False,False,0,0,0.0005802125903323838,Low Risk
519,38,1,114141.64,1,1,1,60988.21,1,5,748,True,False,True,True,False,False,1,1,0.9716921809246474,High Risk
728,42,8,0.0,2,0,1,41823.22,0,5,785,False,True,True,False,False,False,0,0,0.00011184795297722058,Low Risk
506,36,5,0.0,2,1,0,164253.35,0,4,299,False,False,True,True,False,False,0,0,0.0022392091708655776,Low Risk
600,30,2,119755.0,1,1,1,21852.91,0,1,910,True,False,True,False,False,False,0,0,0.0005880635167144725,Low Risk
412,29,5,0.0,2,0,0,12510.53,0,1,327,False,False,True,False,False,True,0,0,0.008800821610837643,Low Risk
803,65,2,151659.52,2,0,1,6930.17,0,5,321,False,False,False,False,True,False,0,0,0.0009785242092620655,Low Risk
585,39,7,0.0,2,1,0,2401.26,0,5,601,False,False,False,False,True,False,0,0,0.00888290351377653,Low Risk
591,29,6,0.0,2,1,1,108684.65,0,3,578,False,False,True,False,False,True,0,0,0.0001590478865424968,Low Risk
797,24,5,0.0,2,1,0,182257.61,0,3,707,False,False,True,False,False,False,0,0,0.0010949935828015254,Low Risk
606,37,8,154712.58,2,1,0,89099.18,0,5,577,False,True,True,False,False,False,0,0,0.0005597453857761311,Low Risk
579,45,2,0.0,2,0,0,11514.39,0,2,451,False,False,False,False,False,True,0,0,0.02824504996746933,Low Risk
850,32,4,0.0,1,1,1,180622.02,0,2,818,False,False,True,True,False,False,0,0,0.00010624954884576076,Low Risk
506,32,3,0.0,1,1,1,80823.02,0,3,619,False,False,False,False,True,False,0,0,0.0016675037721777704,Low Risk
725,41,7,113980.21,1,1,1,116704.25,0,4,240,False,False,True,False,False,False,0,0,0.00031986663605640154,Low Risk
531,70,1,0.0,2,0,0,99503.19,0,2,982,False,True,True,False,True,False,0,0,0.0014914084782603366,Low Risk
715,38,5,118590.41,1,1,1,5684.17,1,4,788,False,False,False,True,False,False,1,1,0.9732679912611317,High Risk
675,42,2,92616.64,2,1,0,8567.18,0,1,960,True,False,True,False,False,False,0,0,0.003649580325884053,Low Risk
583,38,10,0.0,2,0,1,113597.64,0,4,691,False,False,False,False,False,True,0,0,0.0009115073832289142,Low Risk
741,25,4,0.0,2,1,1,73873.65,0,5,234,False,True,True,False,False,True,0,0,0.00014504453513250197,Low Risk
546,74,8,114888.74,2,1,1,66732.63,1,1,562,True,False,False,False,True,False,1,1,0.9957809665788182,High Risk
565,47,10,139756.12,1,1,0,165849.49,1,4,234,True,False,False,True,False,False,1,1,0.9997040763616087,High Risk
681,46,0,105969.42,1,1,0,5771.56,0,4,386,False,False,True,True,False,False,0,0,0.0028562036271571616,Low Risk
518,40,4,0.0,2,0,1,194416.58,0,1,478,False,False,True,False,True,False,0,0,0.00036679806316913837,Low Risk
797,32,10,114084.6,1,0,1,125782.29,0,1,543,False,False,True,False,False,True,0,0,0.0002655686337711496,Low Risk
723,49,4,0.0,2,0,1,89972.25,0,1,886,False,False,False,False,True,False,0,0,0.0008207765826078481,Low Risk
684,29,8,127269.75,1,0,1,79495.01,0,4,742,True,False,True,False,True,False,0,0,0.0005891332996522684,Low Risk
478,32,6,71187.24,1,1,1,110593.62,0,3,248,False,False,False,True,False,False,0,0,0.0016823171576550759,Low Risk
784,42,2,109052.04,2,1,0,6409.55,0,5,985,False,True,False,True,False,False,0,0,0.0010560342512578819,Low Risk
521,52,5,116497.31,3,0,0,53793.1,1,3,647,True,False,True,False,False,True,1,1,0.9970285735277566,High Risk
850,34,6,0.0,1,0,1,52796.31,0,3,831,False,False,True,True,False,False,0,0,0.00019770671566230375,Low Risk
492,28,9,0.0,2,1,0,95957.09,0,4,980,False,False,False,True,False,False,0,0,0.003059941990899692,Low Risk
686,38,0,138131.34,1,0,1,115927.85,0,4,385,False,False,True,False,True,False,0,0,0.0003352482412395318,Low Risk
732,67,1,0.0,2,1,1,177783.04,0,5,407,False,True,False,False,False,False,0,0,0.0006612676799137204,Low Risk
609,43,6,86053.52,2,1,1,113276.46,1,5,529,False,True,False,False,True,False,1,1,0.9616121925373614,High Risk
709,32,4,147307.91,1,0,1,40861.55,0,4,556,False,False,True,False,True,False,0,0,0.00023709060899250418,Low Risk
743,32,9,0.0,2,1,0,175252.78,0,4,364,False,False,True,False,False,False,0,0,0.0020655259146742534,Low Risk
642,48,9,118317.27,4,0,0,78702.98,1,1,912,False,False,True,False,False,False,1,1,0.9665202718757578,High Risk
594,29,3,130830.22,1,1,0,61048.53,0,4,873,True,False,False,True,False,False,0,0,0.014503287546346577,Low Risk
594,31,9,0.0,1,0,1,5719.11,0,5,365,False,False,False,True,False,False,0,0,0.0026723663129192294,Low Risk
660,23,6,166070.48,2,0,0,90494.72,0,4,313,True,False,False,True,False,False,0,0,0.02260537569649657,Low Risk
772,23,2,0.0,2,1,0,18364.19,0,3,407,False,False,True,True,False,False,0,0,0.0018342521645932208,Low Risk
833,47,2,0.0,2,1,1,182247.77,0,5,418,False,False,True,False,False,True,0,0,0.0001387122222828601,Low Risk
715,31,3,110581.29,1,1,1,94715.24,0,2,964,False,False,False,False,True,False,0,0,0.00040870486466855867,Low Risk
550,36,2,113877.23,2,1,0,174921.91,0,5,980,True,False,True,False,False,False,0,0,0.00179412043370521,Low Risk
671,45,2,106376.85,1,0,1,158264.62,0,3,244,False,False,True,False,False,False,0,0,0.0006394433580356641,Low Risk
624,36,6,0.0,2,0,0,84635.64,0,5,813,False,False,True,False,False,False,0,0,0.001995986111871882,Low Risk
525,51,10,0.0,3,1,0,171045.35,1,2,242,False,False,True,False,True,False,1,1,0.9939197194511279,High Risk
620,29,1,138740.24,2,0,0,154700.61,0,2,271,False,False,False,False,False,True,0,0,0.01302754719508342,Low Risk
588,49,6,132623.76,3,1,0,36292.94,1,3,959,True,False,True,False,True,False,1,1,0.9894047519519673,High Risk
744,39,6,0.0,1,0,0,10662.58,0,4,593,False,False,False,False,False,False,0,0,0.030583909872211146,Low Risk
758,40,5,93499.82,2,0,0,123218.81,0,1,793,False,True,False,False,False,False,0,0,0.004520821264348276,Low Risk
754,39,8,129401.87,1,1,1,87684.93,0,2,591,True,False,False,True,False,False,0,0,0.0019789466261653154,Low Risk
649,33,2,0.0,2,1,0,2010.98,0,3,720,False,False,True,False,False,False,0,0,0.0020667927302193126,Low Risk
553,31,4,0.0,2,1,1,89087.4,0,2,393,False,False,False,False,False,False,0,0,0.001531552344514053,Low Risk
651,35,0,181821.96,2,0,1,36923.67,1,5,539,False,False,True,False,True,False,1,1,0.9046504574587143,High Risk
605,57,2,0.0,3,1,0,66652.75,1,3,502,False,True,False,False,True,False,1,1,0.9972701257671298,High Risk
744,46,1,0.0,3,1,1,177431.59,1,4,846,False,True,False,False,True,False,1,1,0.9048542100006491,High Risk
531,42,6,88324.31,2,1,0,75248.75,0,1,319,True,False,False,False,False,False,0,0,0.05491238830988724,Low Risk
695,31,5,0.0,2,0,1,13998.88,0,3,583,False,True,False,True,False,False,0,0,0.0006258076032217867,Low Risk
718,49,10,0.0,1,1,0,184474.72,1,2,692,False,False,False,False,True,False,1,1,0.9989822004221178,High Risk
672,43,5,0.0,1,0,0,63833.09,0,4,333,False,False,True,True,False,False,0,0,0.007064300488132125,Low Risk
713,46,5,0.0,1,1,1,55701.62,0,5,961,False,False,True,True,False,False,0,0,0.00010425396798299747,Low Risk
642,25,7,0.0,2,1,0,102083.78,0,3,905,False,False,True,False,False,True,0,0,0.0009105453962062217,Low Risk
721,37,1,0.0,2,1,0,70810.8,0,5,420,False,False,False,False,False,False,0,0,0.011876452373993866,Low Risk
574,36,3,0.0,2,1,1,8559.66,0,5,644,False,True,True,False,False,False,0,0,0.00012002240706790104,Low Risk
652,42,3,83492.07,2,1,0,37914.12,0,1,343,False,True,False,False,True,False,0,0,0.007979320476721792,Low Risk
778,41,7,139706.31,1,1,0,63337.19,0,1,417,True,False,True,True,False,False,0,0,0.007302924243903454,Low Risk
643,28,9,160858.13,2,1,0,27149.27,0,4,349,True,False,True,False,False,False,0,0,0.005158652548972259,Low Risk
705,33,3,144427.96,2,1,0,113845.19,0,4,357,False,False,True,False,True,False,0,0,0.0011148839494793546,Low Risk
682,50,6,121818.84,2,0,1,124151.37,0,1,813,False,False,True,False,False,True,0,0,0.00010864259865515841,Low Risk
484,54,3,134388.11,1,0,0,49954.79,1,3,719,True,False,True,True,False,False,1,1,0.9988355894001273,High Risk
659,32,3,107594.11,2,1,1,102416.84,0,3,683,False,True,True,False,False,False,0,0,5.6177285050795625e-05,Low Risk
800,38,9,0.0,1,1,0,78744.39,0,2,350,False,True,True,False,False,False,0,0,0.003753439890899142,Low Risk
632,60,2,0.0,2,0,1,2085.32,0,4,350,False,False,True,False,False,True,0,0,0.0005692730379859132,Low Risk
726,30,5,111375.32,2,1,0,2704.09,0,4,622,True,False,True,False,True,False,0,0,0.003353467698928378,Low Risk
507,31,0,106942.08,1,0,1,44001.11,0,2,817,False,False,False,False,True,False,0,0,0.0013453750045974778,Low Risk
786,32,6,114512.59,1,1,0,15796.66,0,3,229,False,True,False,False,False,False,0,0,0.013315199373073662,Low Risk
689,38,6,121021.05,1,1,1,12182.15,0,3,946,False,True,False,False,False,True,0,0,0.0002992233453861512,Low Risk
690,38,1,94456.0,2,0,1,55034.02,0,3,240,False,False,True,True,False,False,0,0,0.0002561251115653597,Low Risk
520,45,7,107023.03,1,1,0,32903.93,0,3,469,False,True,True,True,False,False,0,0,0.0017475562811546047,Low Risk
757,34,9,101861.36,2,0,0,187011.96,0,5,903,True,False,False,False,True,False,0,0,0.0093346134173166,Low Risk
718,26,7,147527.03,1,0,0,51099.56,0,4,955,True,False,True,False,True,False,0,0,0.0041776461362880305,Low Risk
751,33,4,79281.61,1,1,0,117547.76,0,4,599,False,True,True,True,False,False,0,0,0.0008741789569491117,Low Risk
644,37,8,0.0,2,1,0,20968.88,0,3,910,False,False,False,True,False,False,0,0,0.003958636846565724,Low Risk
479,48,5,87070.23,1,0,1,85646.41,0,3,523,False,True,True,False,False,True,0,0,0.00032998226725505444,Low Risk
656,43,7,134919.85,1,1,0,194691.95,0,1,421,False,False,True,False,False,False,0,0,0.0029128808379854654,Low Risk
731,33,1,0.0,1,1,0,130726.96,0,1,462,False,True,True,True,False,False,0,0,0.002265522427230268,Low Risk
707,42,2,16893.59,1,1,1,77502.56,0,3,855,False,False,True,True,False,False,0,0,0.00013641839304997513,Low Risk
759,44,2,111095.58,2,1,0,100137.7,0,4,784,False,False,True,False,False,False,0,0,0.0007486074083339153,Low Risk
841,36,5,156021.31,1,0,0,122662.98,0,4,242,False,False,False,False,False,False,0,0,0.019358703001555247,Low Risk
756,67,4,0.0,3,1,1,93081.87,0,1,593,False,False,True,True,False,False,0,0,7.749519472198227e-05,Low Risk
491,57,4,112044.72,1,1,1,41229.73,1,2,562,True,False,False,False,False,False,1,1,0.9982075653342785,High Risk
609,33,6,94126.67,1,0,0,93718.16,0,1,1000,True,False,True,False,True,False,0,0,0.00724839029099586,Low Risk
777,32,2,0.0,1,1,0,136458.19,1,5,917,False,False,False,False,False,True,1,1,0.9981144462628704,High Risk
635,50,7,159453.64,2,0,0,54560.79,1,3,997,False,True,True,False,False,True,1,1,0.9758541093439167,High Risk
575,36,7,0.0,1,1,1,55868.97,1,4,689,False,False,True,True,False,False,1,1,0.944999060146423,High Risk
641,77,9,0.0,3,1,1,81514.06,0,4,846,False,False,True,False,True,False,0,0,5.6944112329950363e-05,Low Risk
708,41,5,0.0,1,0,1,157003.99,0,3,256,False,True,False,False,False,True,0,0,0.002447761464179186,Low Risk
519,39,1,97700.02,1,1,1,30709.03,0,3,960,False,False,True,False,False,True,0,0,0.00014061779978927693,Low Risk
604,47,4,118907.6,1,0,1,47777.15,1,3,808,True,False,False,False,True,False,1,1,0.9970337542451665,High Risk
641,41,6,0.0,2,1,0,65396.79,0,5,226,False,False,True,False,False,True,0,0,0.0033563970210506015,Low Risk
496,55,4,125292.53,1,1,1,31532.96,1,1,726,True,False,False,False,False,False,1,1,0.9976103853621663,High Risk
504,43,5,134740.19,2,1,0,181430.91,0,1,640,True,False,True,False,False,True,0,0,0.003917184428311763,Low Risk
731,41,4,0.0,2,1,0,22299.27,0,1,968,False,True,True,True,False,False,0,0,0.0005576040687210321,Low Risk
697,30,1,0.0,2,0,0,735.79,0,5,470,False,True,True,False,False,True,0,0,0.0023420453444880297,Low Risk
547,30,6,0.0,2,1,1,18471.86,0,5,458,False,False,True,False,True,False,0,0,0.0002060270154573403,Low Risk
744,47,9,0.0,2,1,0,113163.17,0,2,743,False,False,True,False,True,False,0,0,0.0012611914955200773,Low Risk
712,24,2,0.0,1,0,1,121232.51,0,5,264,False,False,True,True,False,False,0,0,0.0004944775935126891,Low Risk
719,54,7,0.0,2,1,1,125041.52,0,4,619,False,False,False,False,False,False,0,0,0.0007155250168186195,Low Risk
473,25,6,110666.42,2,0,0,46758.42,0,3,442,False,False,False,False,False,True,0,0,0.013425229230794469,Low Risk
688,39,0,0.0,2,1,0,53222.15,1,5,765,False,False,False,True,False,False,1,1,0.9973496761582538,High Risk
473,40,8,152576.25,2,1,0,73073.68,0,4,310,True,False,True,False,False,False,0,0,0.007190612368434653,Low Risk
662,29,10,0.0,2,1,0,137508.31,0,1,934,False,False,False,False,False,True,0,0,0.004308982608427435,Low Risk
460,46,4,127559.97,2,1,1,126952.5,0,5,287,True,False,True,False,False,True,0,0,0.0005886957502679208,Low Risk
721,40,6,100275.88,1,1,0,138564.48,1,5,889,True,False,True,True,False,False,1,1,0.9951360686324086,High Risk
616,31,3,94263.91,2,1,0,168895.06,0,5,499,False,False,True,False,False,True,0,0,0.0010296208727469819,Low Risk
543,32,7,147256.86,1,1,0,112771.95,0,3,932,False,False,False,False,False,False,0,0,0.0052428941120519325,Low Risk
486,62,9,118356.89,2,1,0,168034.83,1,2,299,True,False,True,False,True,False,1,1,0.9985347121679853,High Risk
612,32,3,121394.42,1,1,0,164081.42,0,1,588,False,False,True,False,True,False,0,0,0.0020924161551204943,Low Risk
474,37,5,142688.57,2,1,1,110953.33,0,4,822,True,False,False,False,False,False,0,0,0.0011185732130078758,Low Risk
648,33,5,138664.24,1,1,0,29076.27,0,1,403,True,False,True,False,True,False,0,0,0.012010889647836032,Low Risk
621,41,5,104631.67,1,1,1,95551.22,0,1,680,False,True,True,False,True,False,0,0,0.00012328350954815765,Low Risk
633,39,9,129189.15,2,0,0,170998.83,0,1,757,False,False,False,True,False,False,0,0,0.004024909234594921,Low Risk
727,57,1,109679.72,1,0,1,753.37,0,5,841,False,True,False,False,False,True,0,0,0.0006366281084810342,Low Risk
677,40,7,95312.8,1,1,1,62944.75,0,1,978,False,True,True,False,False,False,0,0,8.51724989986612e-05,Low Risk
746,35,2,172274.01,1,1,0,22374.97,0,3,950,False,False,True,False,True,False,0,0,0.000810956390393015,Low Risk
767,77,8,149083.7,1,1,1,190146.83,0,5,383,False,True,True,True,False,False,0,0,7.949946945860896e-05,Low Risk
724,28,5,97612.12,1,1,1,96498.14,0,2,898,False,False,True,False,False,False,0,0,0.0001175133753172283,Low Risk
581,41,2,127913.71,2,1,1,44205.95,0,2,503,True,False,True,False,False,True,0,0,0.0005133737248018178,Low Risk
740,40,4,114318.78,2,1,0,129333.69,1,5,303,True,False,True,False,True,False,1,1,0.9974230461746451,High Risk
562,31,4,127237.25,2,0,1,143317.42,0,4,938,True,False,True,False,False,False,0,0,0.0002734008498504523,Low Risk
717,49,1,110864.38,2,1,1,124532.9,1,1,845,False,True,False,False,True,False,1,1,0.943209955409605,High Risk
480,44,10,129608.57,1,1,0,5472.7,1,1,775,True,False,True,True,False,False,1,1,0.998120763877332,High Risk
850,46,3,0.0,2,1,1,187980.21,0,1,318,False,False,False,False,True,False,0,0,0.0010169133948500564,Low Risk
716,52,7,65971.61,2,1,0,14608.0,1,2,450,False,False,False,False,True,False,1,1,0.9988272989814045,High Risk
749,54,3,144768.94,1,1,0,93336.3,1,1,378,True,False,True,False,False,True,1,1,0.9990042668326072,High Risk
593,46,2,76597.79,1,1,1,54453.72,0,1,520,False,True,False,True,False,False,0,0,0.0008476965294229432,Low Risk
635,48,2,0.0,2,1,1,136551.25,0,4,514,False,True,False,True,False,False,0,0,0.0003977808980663517,Low Risk
581,38,1,133105.47,1,1,0,105732.9,1,3,438,True,False,True,False,False,True,1,1,0.9988720619028281,High Risk
710,37,5,0.0,2,1,0,115403.31,0,1,875,False,False,False,False,False,True,0,0,0.005407523704810262,Low Risk
574,28,7,0.0,2,0,0,185660.3,0,1,626,False,True,False,False,True,False,0,0,0.008050633956152764,Low Risk
620,22,0,0.0,1,1,0,32589.45,0,3,911,False,False,True,True,False,False,0,0,0.0016963317670157486,Low Risk
553,35,2,158584.28,2,1,0,43640.16,0,1,241,True,False,True,True,False,False,0,0,0.006673336415413564,Low Risk
832,27,10,98590.25,1,1,0,30912.89,0,1,726,False,False,False,False,False,True,0,0,0.007631927327415846,Low Risk
756,39,5,149363.12,2,1,1,109098.39,0,2,927,True,False,False,False,False,False,0,0,0.0007551972460339358,Low Risk
739,40,8,0.0,1,1,0,167030.51,0,5,836,False,True,False,False,True,False,0,0,0.004241217471942462,Low Risk
666,40,2,0.0,2,0,0,36371.27,0,2,879,False,False,False,False,False,True,0,0,0.010589469709999967,Low Risk
520,30,4,145222.99,2,0,0,145160.96,0,3,779,False,True,False,True,False,False,0,0,0.002355110522941889,Low Risk
662,37,4,155187.3,1,1,0,48930.8,0,2,828,False,True,True,True,False,False,0,0,0.0006132706736540554,Low Risk
633,30,6,0.0,2,0,0,41642.29,0,2,565,False,False,False,False,False,False,0,0,0.019804844620455158,Low Risk
802,39,7,120145.96,2,0,1,59497.01,1,5,327,False,False,False,True,False,False,1,1,0.9807403235906098,High Risk
596,27,2,151027.56,1,1,0,170320.58,0,2,993,True,False,False,False,True,False,0,0,0.012990079153845587,Low Risk
540,41,3,0.0,2,1,0,121098.65,0,2,781,False,False,True,True,False,False,0,0,0.001203185865385658,Low Risk
609,71,6,113317.1,1,1,0,108258.22,1,1,877,True,False,False,False,True,False,1,1,0.9996156477518853,High Risk
688,42,5,0.0,2,0,0,197602.29,0,4,378,False,True,True,False,False,True,0,0,0.002108465596138987,Low Risk
751,36,6,169831.46,2,1,1,27758.36,1,5,379,True,False,False,True,False,False,0,1,0.989119404225561,High Risk
655,51,3,0.0,2,0,1,15801.02,0,1,629,False,False,False,False,False,True,0,0,0.0018018284536510186,Low Risk
648,33,7,135310.41,2,0,1,171668.2,0,3,231,True,False,True,False,False,False,0,0,0.0008874033326144104,Low Risk
687,38,0,144450.58,1,0,1,137276.83,0,3,385,False,False,True,False,False,True,0,0,0.00035231698458016765,Low Risk
613,45,1,187841.99,2,1,1,147224.27,0,1,482,False,False,False,False,True,False,0,0,0.000440928019151557,Low Risk
496,44,0,179356.28,2,1,0,2919.21,1,1,326,False,True,False,False,True,False,1,1,0.9983469784800579,High Risk
603,42,6,0.0,1,1,1,90437.87,0,4,842,False,True,False,False,False,False,0,0,0.0006876061816480108,Low Risk
671,31,6,0.0,2,1,1,15846.42,0,1,508,False,False,False,True,False,False,0,0,0.0008334547184378803,Low Risk
732,79,10,61811.23,1,1,1,104222.8,0,1,726,False,False,True,False,False,True,0,0,0.00023639119193318123,Low Risk
509,55,8,132387.91,2,1,1,170360.11,0,1,913,False,False,True,False,True,False,0,0,5.726789365841866e-05,Low Risk
592,41,2,138734.94,1,1,0,90020.74,0,1,308,False,True,False,False,True,False,0,0,0.012497022496476202,Low Risk
712,52,9,0.0,1,1,1,117977.45,1,1,294,False,True,True,True,False,False,1,1,0.9600474065863591,High Risk
720,31,4,141356.47,1,0,0,137985.69,0,2,637,False,True,True,False,False,True,0,0,0.001543475668389303,Low Risk
685,39,9,0.0,2,1,1,18826.06,0,3,632,False,True,True,True,False,False,0,0,7.393028283550974e-05,Low Risk
774,26,2,93844.69,1,1,0,28415.36,0,1,282,False,False,True,False,False,False,0,0,0.005351067405018881,Low Risk
682,64,10,128306.7,1,0,1,66040.83,0,4,457,False,False,False,False,True,False,0,0,0.0016664814591397397,Low Risk
641,37,6,0.0,2,1,0,45309.24,0,5,940,False,False,True,False,False,False,0,0,0.0010307644293300329,Low Risk
746,25,3,104833.79,1,0,0,71911.3,0,2,367,False,True,False,False,True,False,0,0,0.014853022490437712,Low Risk
557,68,2,100194.44,1,1,1,38596.34,0,1,888,True,False,True,True,False,False,0,0,0.0005745371778816303,Low Risk
603,44,6,108122.39,2,1,0,108488.33,1,3,652,True,False,True,True,False,False,1,1,0.995738054794052,High Risk
645,38,7,59568.57,1,1,1,167723.25,0,3,902,False,False,False,True,False,False,0,0,0.00038750260122047186,Low Risk
637,40,9,154309.67,1,1,1,125334.16,1,3,659,True,False,True,False,True,False,1,1,0.9722099204312665,High Risk
616,41,10,113220.2,2,1,1,114072.91,0,3,596,True,False,True,False,False,True,0,0,0.0003127390535347158,Low Risk
632,35,2,150561.03,2,0,0,64722.61,0,1,506,True,False,False,True,False,False,0,0,0.027645797535421807,Low Risk
631,32,2,146810.99,2,1,1,180990.29,0,1,378,True,False,False,True,False,False,0,0,0.001501354536347478,Low Risk
683,56,7,50911.21,3,0,0,97629.31,1,2,655,False,True,True,False,False,False,1,1,0.986921741108649,High Risk
630,34,9,0.0,2,1,1,114006.35,0,5,348,False,False,True,False,False,False,0,0,0.00022245058027695286,Low Risk
477,24,2,95675.62,2,0,0,162699.7,1,3,355,True,False,False,False,True,False,1,1,0.9997632316144671,High Risk
604,42,10,166031.45,1,1,0,98293.14,0,1,820,True,False,False,False,False,False,0,0,0.024418536368593088,Low Risk
484,40,7,106901.42,2,0,0,118045.98,0,2,396,True,False,True,False,True,False,0,0,0.011243199449012779,Low Risk
743,32,6,140348.56,2,1,1,163254.39,0,1,707,True,False,False,False,True,False,0,0,0.0009229413330465745,Low Risk
686,41,10,0.0,1,1,1,144272.71,1,5,875,False,False,False,True,False,False,1,1,0.974241471945408,High Risk
624,38,7,123906.55,1,1,0,135096.78,0,4,799,False,True,True,True,False,False,0,0,0.0005390161542916077,Low Risk
532,43,9,0.0,2,0,0,190573.91,1,3,559,False,False,True,False,True,False,1,1,0.9959190187073138,High Risk
653,74,0,121276.32,1,1,1,160348.31,0,3,582,False,False,False,True,False,False,0,0,0.0007502724350986462,Low Risk
557,34,3,0.0,1,0,1,123427.98,0,4,489,False,True,True,True,False,False,0,0,0.0002876783143119645,Low Risk
645,55,1,133676.65,1,0,1,17095.49,0,5,557,False,True,False,False,False,True,0,0,0.0010183976666271182,Low Risk
569,51,3,0.0,3,1,0,75084.96,1,2,411,False,True,False,False,False,True,1,1,0.9979085057687456,High Risk
768,25,0,78396.08,1,1,1,8316.19,0,5,495,False,False,True,False,False,False,0,0,0.0002543207197545478,Low Risk
690,36,6,110480.48,1,0,0,81292.33,0,4,276,False,False,False,True,False,False,0,0,0.018799865070796805,Low Risk
604,25,5,157780.84,2,1,1,58426.81,0,2,988,True,False,False,False,False,True,0,0,0.0006779144928974715,Low Risk
673,59,0,178058.06,2,0,1,21063.71,1,3,328,False,False,True,False,False,False,1,1,0.9607375962551067,High Risk
850,41,8,60880.68,1,1,0,31825.84,0,4,448,True,False,True,False,False,True,0,0,0.010183406122527279,Low Risk
725,31,6,0.0,1,0,0,61326.43,0,1,503,False,False,False,False,False,False,0,0,0.04056530651567567,Low Risk
644,33,7,174571.36,1,0,1,43943.09,0,1,881,False,False,True,False,False,False,0,0,0.0001819713432895045,Low Risk
703,29,9,0.0,2,1,0,50679.48,0,3,242,False,True,True,False,False,False,0,0,0.0023914345873416874,Low Risk
783,40,6,0.0,2,1,0,109742.55,0,1,382,False,False,True,True,False,False,0,0,0.001985882603202767,Low Risk
748,38,4,115221.36,1,0,1,70956.75,0,5,986,False,False,True,False,True,False,0,0,0.00010623135936777013,Low Risk
645,68,9,0.0,4,1,1,176353.87,1,4,430,False,False,False,True,False,False,1,1,0.9368168596116346,High Risk
850,33,7,140956.99,1,0,0,3510.18,0,2,483,False,False,True,False,True,False,0,0,0.0033652960700626417,Low Risk
524,31,8,107818.63,1,1,0,199725.39,1,1,462,True,False,False,False,False,True,1,1,0.9997559426690933,High Risk
501,24,4,130806.42,2,1,0,80241.14,0,1,796,True,False,True,True,False,False,0,0,0.0024108522356505605,Low Risk
670,33,8,126679.69,1,1,1,39451.09,0,4,386,False,False,True,False,False,True,0,0,0.0002301007498192633,Low Risk
593,43,9,0.0,2,1,1,76357.43,0,1,931,False,False,True,False,False,False,0,0,0.00012662334233525004,Low Risk
709,34,4,148375.19,2,1,1,21521.38,0,5,701,True,False,True,True,False,False,0,0,0.0001500354425815867,Low Risk
667,38,6,144432.04,1,1,1,73963.17,1,1,403,False,False,False,False,False,True,1,1,0.9906147864868264,High Risk
821,40,1,0.0,2,1,0,194273.12,0,5,935,False,False,False,False,False,True,0,0,0.0027592742413261365,Low Risk
675,49,8,135133.39,1,0,1,179521.24,1,4,229,False,False,True,True,False,False,1,1,0.9618450643125143,High Risk
693,44,5,124601.58,2,1,1,46998.13,1,2,408,True,False,True,False,False,True,1,1,0.9779834762478146,High Risk
726,56,2,105473.74,1,1,1,46044.7,0,1,747,False,True,False,False,True,False,0,0,0.0005773112193245167,Low Risk
666,36,3,129118.5,2,0,0,139435.12,0,1,940,True,False,False,False,False,False,0,0,0.017599146438633688,Low Risk
568,47,7,0.0,2,1,1,45978.39,0,2,845,False,False,False,True,False,False,0,0,0.0004791187634007593,Low Risk
585,40,7,0.0,2,0,0,146156.98,0,4,270,False,False,True,False,False,True,0,0,0.004882962086092246,Low Risk
625,52,2,79468.96,1,1,1,84606.03,0,2,629,False,False,False,False,True,False,0,0,0.0012032193898829139,Low Risk
668,46,7,161806.09,1,1,1,173052.19,0,4,794,True,False,False,True,False,False,0,0,0.000968333992141324,Low Risk
667,56,2,168883.08,1,0,1,18897.78,0,2,321,False,True,True,False,True,False,0,0,0.0003377202665013109,Low Risk
602,35,8,0.0,2,1,1,152843.53,0,2,677,False,False,False,False,True,False,0,0,0.0005972575695844432,Low Risk
700,31,7,0.0,2,0,1,145151.96,0,1,676,False,True,True,True,False,False,0,0,9.758047976305e-05,Low Risk
580,39,9,128362.59,1,1,0,86044.98,0,1,456,False,False,False,True,False,False,0,0,0.010904126345660436,Low Risk
606,36,5,190479.48,2,0,0,179351.89,0,5,929,True,False,True,False,True,False,0,0,0.0016147804606283643,Low Risk
631,34,4,124379.14,1,1,0,106892.91,0,1,461,False,False,False,False,False,True,0,0,0.013937147072802837,Low Risk
461,74,1,186445.31,2,1,1,196767.83,0,3,885,True,False,False,True,False,False,0,0,0.0006557522778387897,Low Risk
600,39,5,0.0,2,0,0,118272.07,0,4,225,False,False,False,True,False,False,0,0,0.01943720171963737,Low Risk
632,44,3,107764.75,1,1,0,185667.72,0,4,582,False,False,True,True,False,False,0,0,0.0013636924209249539,Low Risk
805,33,3,105663.56,2,0,1,33330.89,0,3,709,True,False,False,False,False,True,0,0,0.001975656003696587,Low Risk
701,33,7,123870.07,1,1,0,97794.71,0,1,942,False,True,False,True,False,False,0,0,0.00238372137385948,Low Risk
679,35,1,110245.13,1,1,1,178291.09,0,5,728,True,False,True,True,False,False,0,0,0.0002717419755100432,Low Risk
582,29,0,0.0,1,1,1,84012.81,0,2,572,False,False,False,False,False,False,0,0,0.0022115637678566,Low Risk
729,30,9,0.0,2,1,0,151869.35,0,1,807,False,False,True,False,False,False,0,0,0.0012261411485850015,Low Risk
850,41,5,0.0,2,1,1,34827.43,0,2,914,False,False,False,True,False,False,0,0,0.0002987869881462452,Low Risk
667,42,10,64404.26,2,0,0,26022.37,0,5,577,True,False,False,False,False,False,0,0,0.03916425728915977,Low Risk
443,36,6,70438.01,2,0,1,56937.43,0,4,858,False,True,True,True,False,False,0,0,6.550138327020956e-05,Low Risk
646,39,6,121681.91,2,0,1,61793.47,0,1,321,True,False,True,True,False,False,0,0,0.0008067295982659464,Low Risk
781,33,3,0.0,2,1,1,42556.33,0,2,989,False,True,True,True,False,False,0,0,3.656969664379059e-05,Low Risk
810,33,6,0.0,2,1,1,77965.67,0,4,520,False,False,True,False,False,False,0,0,0.0001566680432554614,Low Risk
521,39,3,146408.68,1,0,0,72993.67,0,3,818,False,True,False,False,False,False,0,0,0.008405225501187538,Low Risk
607,25,4,121166.89,1,0,1,115288.24,0,1,551,False,True,False,False,False,False,0,0,0.0011900324192932476,Low Risk
704,42,8,129735.3,2,1,1,179565.57,0,1,361,False,False,True,False,True,False,0,0,0.00011480139626355657,Low Risk
850,26,4,62610.96,2,0,1,179365.1,0,3,604,False,False,False,False,False,False,0,0,0.0006261282417947198,Low Risk
737,35,0,133377.8,1,0,1,64050.19,0,1,666,True,False,True,False,False,False,0,0,0.001169496017154885,Low Risk
682,43,7,111094.05,2,1,1,64679.3,0,2,571,True,False,False,True,False,False,0,0,0.0013610205926395697,Low Risk
520,32,5,110029.77,1,1,0,56246.69,0,4,483,True,False,True,False,False,False,0,0,0.012203565389740947,Low Risk
704,37,4,0.0,2,0,0,25684.93,0,5,439,False,True,True,False,False,True,0,0,0.002348043601928226,Low Risk
775,51,2,123783.25,1,1,1,134901.57,0,2,489,True,False,True,False,True,False,0,0,0.0007172332314757747,Low Risk
741,35,1,0.0,2,1,0,36557.55,0,1,500,False,False,False,False,False,True,0,0,0.01284486889577879,Low Risk
681,67,7,0.0,2,0,1,163714.92,0,1,444,False,True,True,False,False,True,0,0,0.0002598990597721222,Low Risk
807,33,10,101952.97,2,1,0,178153.65,0,2,634,False,False,True,True,False,False,0,0,0.0005183344495442346,Low Risk
523,34,2,161588.89,1,1,1,51358.66,0,3,940,False,False,True,False,True,False,0,0,9.278371625343151e-05,Low Risk
558,47,9,0.0,2,1,0,103787.28,0,2,251,False,False,False,False,True,False,0,0,0.01900635089019376,Low Risk
494,37,5,107106.33,2,1,0,172063.09,0,3,586,True,False,True,False,True,False,0,0,0.003978797996521204,Low Risk
710,38,4,0.0,2,1,1,136390.88,0,4,411,False,True,False,False,False,False,0,0,0.0006228241444943246,Low Risk
758,35,5,0.0,2,0,0,100365.51,0,1,833,False,True,False,False,False,False,0,0,0.006725772584208235,Low Risk
727,37,9,101191.83,1,1,1,34551.35,1,2,613,True,False,True,False,True,False,1,1,0.9827301574361806,High Risk
639,35,1,103015.12,2,1,1,139094.12,0,1,467,False,False,False,False,True,False,0,0,0.000633167049588272,Low Risk
644,49,10,0.0,2,1,1,145089.64,0,4,511,False,True,True,False,False,True,0,0,9.929065450906911e-05,Low Risk
796,39,5,86350.87,2,0,0,105080.53,0,1,570,True,False,True,True,False,False,0,0,0.005372520332350595,Low Risk
615,64,0,81564.1,2,0,1,35896.09,0,3,586,False,False,True,False,False,True,0,0,0.0002689668764531936,Low Risk
613,51,7,147262.11,1,1,1,53630.9,1,1,669,True,False,False,False,False,True,1,1,0.9963911442098455,High Risk
850,43,7,0.0,2,1,1,173851.11,0,3,368,False,False,True,False,False,False,0,0,0.00018804677791181356,Low Risk
570,36,3,0.0,2,1,0,92118.75,0,2,971,False,False,False,False,False,False,0,0,0.006126746070845333,Low Risk
717,36,2,99472.76,2,1,0,94274.72,1,4,472,False,False,False,False,False,False,1,1,0.9982609772811978,High Risk
788,70,1,0.0,2,1,1,41610.62,0,3,844,False,True,False,False,False,False,0,0,0.0004341721358170022,Low Risk
700,37,7,0.0,2,1,0,17040.82,0,3,341,False,False,False,False,False,False,0,0,0.017025058886354166,Low Risk
714,29,9,0.0,2,1,0,129192.55,0,3,323,False,True,True,False,False,False,0,0,0.0017283621806281728,Low Risk
422,54,4,0.0,2,1,1,7166.71,0,5,733,False,True,False,False,True,False,0,0,0.0005411699447589562,Low Risk
738,31,9,82674.15,1,1,0,41970.72,0,4,234,False,False,True,False,False,False,0,0,0.004530450949791273,Low Risk
771,67,8,0.0,2,1,1,51219.8,0,1,352,False,True,False,True,False,False,0,0,0.0007312072700171107,Low Risk
629,41,10,150148.51,1,0,0,6936.27,0,2,799,False,True,True,False,False,False,0,0,0.0018064174152465108,Low Risk
752,45,3,105426.5,2,0,1,89773.45,0,2,244,True,False,False,False,False,True,0,0,0.005341139086795604,Low Risk
716,31,8,109578.04,2,1,1,51503.51,0,1,393,False,False,True,False,False,False,0,0,0.0001699777757360014,Low Risk
744,30,1,124037.28,1,1,1,142210.94,0,5,334,False,True,False,False,False,False,0,0,0.0006625345060593446,Low Risk
635,31,1,0.0,2,1,0,135382.23,0,5,510,False,True,True,False,True,False,0,0,0.0010624957477426784,Low Risk
745,21,4,137910.45,1,1,1,177235.23,0,3,923,False,False,True,False,True,False,0,0,5.5901994315158874e-05,Low Risk
629,37,10,99546.25,3,0,1,25136.95,1,1,878,False,False,False,False,True,False,1,1,0.9589105049951899,High Risk
637,30,1,122185.53,1,1,0,102566.46,1,2,782,True,False,True,True,False,False,1,1,0.9971471261035632,High Risk
693,43,4,152341.55,1,1,0,9241.78,0,5,299,False,False,False,False,False,True,0,0,0.013995948138428247,Low Risk
513,29,10,0.0,2,0,1,25514.77,0,5,536,False,False,True,True,False,False,0,0,0.00021404484674569817,Low Risk
850,43,5,129305.09,2,0,1,19244.58,0,4,615,True,False,True,False,True,False,0,0,0.00039640913916178086,Low Risk
539,20,0,83459.86,1,1,1,146752.67,0,4,814,False,False,True,False,False,False,0,0,0.00014420982890018925,Low Risk
421,34,6,90723.36,1,1,1,12162.76,0,5,417,False,True,True,True,False,False,0,0,0.00016783931689435646,Low Risk
487,44,6,61691.45,1,1,1,53087.98,0,1,936,False,True,True,False,False,True,0,0,0.00012718474383030347,Low Risk
688,52,1,0.0,2,1,1,172033.57,0,1,635,False,False,True,False,False,False,0,0,0.0001943016067673929,Low Risk
581,26,3,105099.45,1,1,1,184520.0,1,5,877,True,False,False,False,False,False,1,1,0.9925966232967322,High Risk
650,25,2,114330.95,1,1,1,25325.07,0,1,876,True,False,False,False,False,False,0,0,0.002736389292084927,Low Risk
612,38,1,0.0,2,1,1,9209.21,0,2,673,False,False,False,False,False,True,0,0,0.0009396968104111851,Low Risk
622,39,9,83456.79,2,0,0,38882.34,0,3,342,False,False,False,True,False,False,0,0,0.012182898111995336,Low Risk
644,44,8,106022.73,2,0,0,148727.42,0,1,934,True,False,False,False,False,False,0,0,0.01969840624749412,Low Risk
747,29,7,117726.33,1,1,1,175398.34,0,5,942,True,False,True,True,False,False,0,0,0.00014155379534282363,Low Risk
495,47,10,137682.68,1,1,0,71071.47,0,5,908,False,False,True,False,False,True,0,0,0.0010894382049741035,Low Risk
779,32,10,80728.15,1,1,0,86306.75,0,5,379,False,False,True,True,False,False,0,0,0.00175951840908628,Low Risk
572,48,3,152827.99,1,1,0,38411.79,1,5,352,True,False,False,True,False,False,1,1,0.9997012993824941,High Risk
667,39,4,83765.35,2,1,0,118358.54,0,3,609,True,False,False,False,True,False,0,0,0.018436498453407134,Low Risk
679,35,8,119182.73,1,0,0,121210.09,0,3,369,False,True,False,False,False,True,0,0,0.012890199621044207,Low Risk
721,38,7,0.0,1,0,1,53534.8,0,3,932,False,True,True,True,False,False,0,0,0.00012391727553914903,Low Risk
631,33,8,0.0,2,0,0,117374.22,0,5,970,False,False,False,False,True,False,0,0,0.005127507436474481,Low Risk
588,41,2,131341.46,2,0,1,7034.94,0,2,306,True,False,True,False,True,False,0,0,0.0012237923091675028,Low Risk
639,28,8,97840.72,1,1,1,178222.77,0,2,260,False,True,False,False,False,False,0,0,0.00105530238598384,Low Risk
707,48,7,105086.74,1,1,1,180344.69,1,5,744,True,False,False,False,True,False,1,1,0.9926660284720407,High Risk
796,56,6,94231.13,1,0,0,121164.6,1,2,667,False,True,True,True,False,False,1,1,0.992075051813378,High Risk
789,27,8,66201.96,1,1,1,79458.12,0,1,332,False,False,False,False,False,False,0,0,0.0018534883413680392,Low Risk
489,38,5,117289.92,1,0,0,85231.88,0,2,655,False,False,False,True,False,False,0,0,0.013997540274902331,Low Risk
613,29,6,185709.28,2,1,1,77242.19,0,2,784,False,False,False,False,False,True,0,0,0.0002299732558760295,Low Risk
573,36,1,0.0,1,1,1,56905.38,0,1,417,False,False,False,False,False,True,0,0,0.003079454608473056,Low Risk
687,28,7,108116.66,1,1,1,27411.19,0,3,387,False,False,True,False,True,False,0,0,0.00025953474903629123,Low Risk
634,25,9,0.0,2,1,1,8227.91,0,2,730,False,True,True,True,False,False,0,0,6.615354633578019e-05,Low Risk
589,36,8,114435.47,1,1,0,26955.72,0,5,688,False,False,True,False,False,True,0,0,0.0017129581692465249,Low Risk
636,30,8,141787.31,2,1,1,109685.61,0,3,405,True,False,True,False,False,True,0,0,0.000364757827007268,Low Risk
626,49,9,171787.84,2,1,0,187192.23,0,5,398,True,False,True,False,False,True,0,0,0.003030065129258239,Low Risk
707,42,10,0.0,2,1,1,152944.39,0,4,845,False,False,False,False,False,True,0,0,0.00034052102864896177,Low Risk
712,48,8,0.0,2,1,0,183235.33,0,2,923,False,True,False,False,False,True,0,0,0.0025989762049649107,Low Risk
535,45,2,0.0,2,1,0,125658.28,0,5,430,False,False,True,False,False,False,0,0,0.0029267095911300065,Low Risk
636,33,0,0.0,1,1,0,92277.47,1,2,618,False,True,False,False,False,True,1,1,0.9990384106251027,High Risk
634,29,8,130036.21,2,0,1,69849.55,0,3,713,True,False,False,True,False,False,0,0,0.0013304028768589644,Low Risk
712,33,3,153819.58,1,1,0,79176.09,1,3,942,False,False,True,True,False,False,1,1,0.9814210913076549,High Risk
684,34,9,100628.0,2,1,1,190263.78,0,2,451,False,True,True,False,True,False,0,0,6.113153724452589e-05,Low Risk
630,39,7,135483.17,1,1,0,140881.2,1,1,309,False,True,False,False,False,True,1,1,0.9988717216392703,High Risk
558,25,10,111363.1,2,1,0,197264.35,0,4,837,True,False,True,False,True,False,0,0,0.0016684689661741823,Low Risk
821,31,2,68927.57,1,1,1,25445.0,0,4,369,True,False,False,True,False,False,0,0,0.0036777435819714058,Low Risk
671,34,6,37266.67,2,0,0,156917.12,0,3,565,True,False,False,False,False,True,0,0,0.03616928798865781,Low Risk
680,43,4,0.0,2,1,1,58761.33,0,1,528,False,False,False,False,False,True,0,0,0.0011054858726387519,Low Risk
653,27,6,107751.68,2,1,1,33389.42,0,3,563,False,True,False,True,False,False,0,0,0.00022676092460980336,Low Risk
774,42,2,132193.94,2,1,1,162865.52,0,1,851,True,False,True,False,False,True,0,0,0.00017712284988870188,Low Risk
710,21,4,109130.96,2,1,1,56191.99,0,5,627,False,False,True,False,False,True,0,0,6.633915514914401e-05,Low Risk
679,33,1,0.0,2,0,0,69608.48,0,5,999,False,False,False,False,False,False,0,0,0.006735184788175604,Low Risk
850,31,8,0.0,2,1,0,178667.7,0,4,541,False,False,True,True,False,False,0,0,0.0008280856249888807,Low Risk
638,44,9,77637.35,2,1,1,111346.22,0,4,343,False,True,True,False,False,True,0,0,9.79829919355861e-05,Low Risk
560,27,5,0.0,2,1,0,131919.48,0,2,563,False,False,False,False,False,False,0,0,0.011156275435874188,Low Risk
740,51,4,0.0,2,1,1,178929.84,0,4,850,False,False,False,False,False,True,0,0,0.0003584723492911926,Low Risk
568,26,6,0.0,2,0,0,166495.2,0,5,634,False,True,False,False,False,True,0,0,0.006133761291048913,Low Risk
609,53,6,0.0,2,1,1,124218.27,0,3,645,False,False,False,True,False,False,0,0,0.0005493097089600826,Low Risk
793,25,3,100913.57,1,0,0,10579.72,0,5,793,False,True,True,False,False,True,0,0,0.001249222854193199,Low Risk
539,37,1,130922.81,2,0,0,2186.83,0,1,319,False,True,False,False,True,False,0,0,0.013192016441910367,Low Risk
667,23,6,136100.69,2,0,0,169669.33,1,1,606,False,True,False,False,False,False,1,1,0.9974611417986369,High Risk
611,31,0,107884.81,2,1,1,183487.98,0,2,388,True,False,True,False,False,False,0,0,0.0005679730909570913,Low Risk
502,35,6,0.0,2,1,1,80618.47,0,5,808,False,False,False,False,True,False,0,0,0.0004876199308265259,Low Risk
698,47,6,0.0,1,1,0,50213.81,1,4,625,False,True,False,False,True,False,1,1,0.9988139760198562,High Risk
687,39,7,0.0,2,1,0,26848.25,0,1,895,False,False,True,False,True,False,0,0,0.0012884683040486939,Low Risk
750,37,6,0.0,1,1,1,117948.0,1,2,298,False,False,False,True,False,False,1,1,0.9931878268559023,High Risk
707,35,9,0.0,2,1,1,70403.65,0,2,860,False,False,False,False,False,True,0,0,0.00044959466133472824,Low Risk
670,43,1,97792.21,1,0,0,120225.62,0,4,701,False,True,True,False,False,True,0,0,0.0017964916878379594,Low Risk
545,53,5,114421.55,1,1,0,180598.28,1,3,490,True,False,True,False,True,False,1,1,0.9987458884350378,High Risk
628,45,9,0.0,2,1,1,96862.56,0,1,429,False,False,True,True,False,False,0,0,0.00019311736050981113,Low Risk
636,44,2,0.0,2,0,0,86414.41,0,1,663,False,False,True,False,False,True,0,0,0.0035591371838809304,Low Risk
587,62,7,121286.27,1,0,1,6776.92,0,5,500,False,True,True,False,False,False,0,0,0.0003108191954468247,Low Risk
610,27,9,159561.93,1,0,1,103381.47,0,3,513,False,False,False,False,False,False,0,0,0.0013379715144759788,Low Risk
736,30,9,0.0,2,1,0,34180.33,0,3,341,False,False,False,True,False,False,0,0,0.009327014084110692,Low Risk
726,34,9,0.0,2,0,0,14121.61,0,3,616,False,False,True,False,False,True,0,0,0.0028363775700216472,Low Risk
674,47,6,106901.94,1,1,1,2079.2,1,4,363,True,False,True,True,False,False,1,1,0.9865381686195329,High Risk
650,60,8,0.0,2,1,1,102925.76,0,3,256,False,False,True,True,False,False,0,0,0.00024390533475731455,Low Risk
799,31,9,154586.92,1,0,1,88604.89,1,4,665,True,False,True,False,False,True,1,1,0.9779417851820846,High Risk
592,39,7,0.0,2,1,0,83084.33,0,5,563,False,False,True,False,False,True,0,0,0.0017777716195055164,Low Risk
551,32,4,0.0,2,1,0,53420.53,0,3,921,False,True,True,False,False,False,0,0,0.0008867209577005809,Low Risk
652,36,9,150956.71,1,0,0,72350.17,0,2,507,True,False,True,True,False,False,0,0,0.009370171712295604,Low Risk
773,40,10,0.0,2,0,1,69303.15,0,3,826,False,False,False,False,True,False,0,0,0.00064856411436468,Low Risk
453,38,8,120623.21,1,1,0,129697.99,0,5,364,True,False,False,True,False,False,0,0,0.03649746449372264,Low Risk
656,30,3,0.0,2,0,1,17104.0,0,1,320,False,False,True,False,True,False,0,0,0.0005629136163033769,Low Risk
590,37,6,169902.92,1,1,1,128256.18,0,3,987,False,True,True,True,False,False,0,0,3.0143580644308343e-05,Low Risk
555,29,4,128744.04,1,1,1,47454.93,0,3,899,False,False,True,True,False,False,0,0,8.20950490524862e-05,Low Risk
529,61,1,0.0,2,1,1,191370.97,0,5,589,False,False,True,False,False,True,0,0,0.00016200837988629207,Low Risk
593,41,4,119703.1,2,1,1,109783.29,0,3,814,True,False,False,True,False,False,0,0,0.000798243674790448,Low Risk
658,39,7,0.0,2,1,0,48378.4,0,4,850,False,False,True,False,False,False,0,0,0.0012929213205288143,Low Risk
671,32,6,123912.78,2,1,1,146636.44,0,1,748,False,True,True,False,True,False,0,0,3.895250301669602e-05,Low Risk
696,36,7,0.0,2,1,1,82298.59,0,3,291,False,True,False,False,True,False,0,0,0.0007560717579351706,Low Risk
589,34,6,0.0,2,1,1,177896.92,0,1,261,False,False,True,False,False,True,0,0,0.0003094561882573629,Low Risk
606,61,5,108166.09,2,0,1,8643.21,0,3,386,False,False,True,False,False,False,0,0,0.0003852646946686893,Low Risk
601,48,9,163630.76,1,0,1,41816.49,1,1,490,True,False,True,False,False,False,1,1,0.9929270288467806,High Risk
668,32,7,0.0,2,1,1,777.37,0,2,883,False,False,True,True,False,False,0,0,8.206463709586557e-05,Low Risk
812,33,2,127154.14,2,0,1,105383.49,0,1,344,True,False,True,False,False,True,0,0,0.000771399336184161,Low Risk
416,41,10,122189.66,2,1,0,98301.61,0,3,281,True,False,False,False,False,True,0,0,0.03799104033009386,Low Risk
550,51,5,0.0,2,1,0,153917.41,0,2,977,False,True,True,False,False,True,0,0,0.0006914569962248462,Low Risk
712,27,2,133009.51,1,1,0,126809.15,0,5,584,False,False,False,False,True,False,0,0,0.006188915284371672,Low Risk
669,42,1,103873.39,1,1,0,148611.52,0,2,964,True,False,False,False,False,True,0,0,0.019277927020299016,Low Risk
577,29,2,0.0,1,1,1,168924.41,0,2,665,False,True,True,True,False,False,0,0,0.00013134402055264385,Low Risk
597,30,2,119370.11,1,1,1,182726.22,1,4,851,False,True,False,False,False,True,1,1,0.957021680083398,High Risk
608,50,6,0.0,1,1,0,93568.77,1,4,343,False,False,True,False,False,True,1,1,0.9980689494808376,High Risk
471,36,5,90063.74,2,1,1,96366.7,0,1,368,True,False,False,False,False,True,0,0,0.0039060522607014046,Low Risk
729,39,6,127415.85,1,1,1,184977.2,1,3,902,True,False,True,False,False,True,1,1,0.9557665225123001,High Risk
690,35,6,112689.95,1,1,0,176962.31,0,3,828,False,False,True,False,False,True,0,0,0.0010507716865387044,Low Risk
685,43,4,97392.18,2,1,0,43956.83,0,1,689,False,True,True,False,True,False,0,0,0.0007782215078750149,Low Risk
659,56,9,123785.24,1,1,0,99504.03,1,4,928,False,False,False,True,False,False,1,1,0.9966847887112649,High Risk
748,26,1,77780.29,1,0,1,183049.41,0,3,340,False,False,False,True,False,False,0,0,0.001421726265603035,Low Risk
614,43,8,140733.74,1,1,1,166588.76,0,2,912,True,False,True,False,False,False,0,0,0.0003549384718983582,Low Risk
413,35,2,0.0,2,1,1,60972.84,0,1,541,False,True,True,True,False,False,0,0,0.0001455576774410611,Low Risk
546,36,7,85660.96,1,0,0,134778.01,0,4,527,False,True,False,False,True,False,0,0,0.011737399741256054,Low Risk
694,31,5,0.0,1,1,0,35593.18,0,2,636,False,True,True,False,True,False,0,0,0.0023007382442697824,Low Risk
666,53,5,64646.7,1,1,0,128019.48,1,3,580,False,False,True,True,False,False,1,1,0.9942827689845434,High Risk
792,50,9,0.0,4,1,1,194700.81,1,4,369,False,False,True,False,False,False,1,1,0.7954866084623042,High Risk
671,29,6,0.0,2,0,0,12048.67,0,2,328,False,True,False,True,False,False,0,0,0.012723043691110476,Low Risk
661,35,5,150725.53,2,0,1,113656.85,1,1,770,True,False,False,True,False,False,0,1,0.9905360195552115,High Risk
607,27,2,0.0,2,1,0,63495.86,0,3,377,False,False,False,False,False,False,0,0,0.016370949122732723,Low Risk
550,38,2,103391.38,1,0,1,90878.13,0,3,960,True,False,True,False,False,False,0,0,0.0007796097235026692,Low Risk
600,50,6,94684.27,1,1,1,50488.91,0,3,981,False,True,False,False,False,False,0,0,0.00041597166532796303,Low Risk
501,27,4,95331.83,2,1,0,132104.76,0,1,301,True,False,True,False,False,False,0,0,0.010418807913960774,Low Risk
749,60,6,0.0,1,1,0,17978.68,1,5,718,False,False,False,False,False,True,1,1,0.9991402175559214,High Risk
850,40,4,166082.15,2,0,1,44406.17,0,1,563,True,False,True,False,False,True,0,0,0.00046364665431137116,Low Risk
549,55,1,137592.31,2,0,1,116548.02,1,4,319,True,False,False,False,True,False,1,1,0.99728193637534,High Risk
566,42,6,0.0,1,1,0,180702.12,1,3,420,False,False,False,True,False,False,1,1,0.9992967883460631,High Risk
792,36,5,115725.24,2,0,0,1871.25,0,5,515,True,False,True,False,False,False,0,0,0.006924150304619025,Low Risk
624,35,0,180303.24,2,1,0,163587.9,0,5,501,True,False,False,False,False,False,0,0,0.014159990152600197,Low Risk
744,34,3,0.0,2,1,0,27244.35,0,2,764,False,True,True,False,True,False,0,0,0.0009196947188048212,Low Risk
657,34,5,154983.98,1,1,0,27738.01,0,2,762,False,True,True,False,True,False,0,0,0.0009166760893003174,Low Risk
735,29,10,0.0,2,1,1,95025.27,0,2,439,False,True,True,False,False,False,0,0,0.0001341167927103993,Low Risk
520,31,4,93249.4,1,1,0,77335.75,0,1,759,False,False,True,False,False,False,0,0,0.002746816789138438,Low Risk
673,72,1,0.0,2,0,1,111981.19,0,3,865,False,False,True,False,False,True,0,0,0.00019811506667781936,Low Risk
687,47,7,0.0,2,1,1,177624.01,0,1,517,False,False,False,False,False,False,0,0,0.0009997744705648561,Low Risk
465,51,8,122522.32,1,0,0,181297.65,1,5,828,False,False,False,False,False,True,1,1,0.9987243587869744,High Risk
692,28,9,118945.09,1,0,0,16064.25,1,3,735,False,True,True,False,False,True,1,1,0.9925863833545469,High Risk
461,35,5,0.0,1,1,1,54209.02,0,2,710,False,False,False,True,False,False,0,0,0.0013020109688725522,Low Risk
586,47,5,157099.47,2,1,1,65481.86,0,1,576,True,False,False,False,False,False,0,0,0.002189126350310512,Low Risk
637,33,0,132255.99,2,0,1,74588.41,0,1,284,False,False,True,True,False,False,0,0,0.00023393989177134355,Low Risk
620,70,3,87926.24,2,1,0,33350.26,1,3,909,False,False,False,False,False,True,1,1,0.9975249215605891,High Risk
701,39,2,0.0,2,1,1,82526.92,0,4,812,False,False,True,False,False,False,0,0,0.00011399031586705437,Low Risk
657,36,8,0.0,2,0,1,123866.43,0,4,932,False,True,True,False,False,False,0,0,8.205745000863182e-05,Low Risk
594,40,0,152092.44,2,1,1,83508.93,0,5,373,True,False,True,False,False,False,0,0,0.00048289935006250797,Low Risk
481,37,8,152303.66,2,1,1,175082.2,0,1,517,False,False,True,False,True,False,0,0,9.864412411716654e-05,Low Risk
669,42,9,0.0,2,0,0,135630.32,0,2,526,False,False,False,False,True,False,0,0,0.014616583007133135,Low Risk
504,43,7,102365.49,1,1,0,194690.77,1,4,940,True,False,False,False,False,True,1,1,0.9993400860377739,High Risk
681,33,10,0.0,1,0,0,158336.36,0,1,818,False,True,True,False,True,False,0,0,0.002163245920468498,Low Risk
733,28,5,0.0,2,0,0,12761.16,0,5,777,False,False,False,False,False,True,0,0,0.008398908142164882,Low Risk
687,27,9,152328.88,2,0,0,126494.82,0,5,769,True,False,False,False,False,False,0,0,0.013171625634411705,Low Risk
704,39,10,102556.18,2,1,0,171971.25,1,3,906,True,False,False,False,False,True,1,1,0.9985135468898619,High Risk
496,29,4,0.0,2,1,0,164806.89,0,3,720,False,False,False,False,False,False,0,0,0.007977323471393271,Low Risk
518,45,8,0.0,2,1,1,36193.07,0,1,916,False,False,False,False,False,True,0,0,0.0006529423374274634,Low Risk
751,52,8,0.0,2,0,1,179291.85,0,5,629,False,True,True,False,False,True,0,0,0.0001021812675489195,Low Risk
663,44,2,117028.6,2,0,1,144680.18,0,4,919,True,False,True,False,False,False,0,0,0.00029592250844339535,Low Risk
423,36,5,97665.61,1,1,0,118372.55,1,2,936,False,False,False,False,False,True,1,1,0.9984592326718543,High Risk
655,67,6,148363.38,1,1,1,186995.17,0,5,241,True,False,True,False,True,False,0,0,0.0008600013242639349,Low Risk
683,29,0,133702.89,1,1,0,55582.54,1,1,388,False,True,True,False,True,False,1,1,0.9944911860338814,High Risk
669,29,7,0.0,2,1,1,138145.62,0,2,913,False,False,True,True,False,False,0,0,5.738916727072593e-05,Low Risk
649,38,1,122214.0,1,0,1,88965.46,0,3,591,False,False,True,False,False,False,0,0,0.00035226856220047696,Low Risk
625,55,8,118772.71,4,0,0,135853.62,1,1,532,True,False,False,False,True,False,1,1,0.9987741852065732,High Risk
789,27,6,0.0,2,1,0,103603.65,0,5,859,False,False,True,True,False,False,0,0,0.0005266496390156254,Low Risk
714,25,4,0.0,2,0,0,82500.84,0,4,327,False,False,False,True,False,False,0,0,0.013836801768009038,Low Risk
589,20,2,121093.29,2,1,0,3529.72,0,1,683,True,False,False,True,False,False,0,0,0.015318255399670074,Low Risk
489,28,1,79460.98,2,1,1,167973.63,0,3,232,True,False,True,False,True,False,0,0,0.0007744068558450898,Low Risk
691,30,7,101231.77,2,0,0,156529.44,0,2,368,True,False,True,True,False,False,0,0,0.006252568779346034,Low Risk
680,31,9,119825.75,2,1,1,101139.3,0,5,307,False,True,False,False,False,False,0,0,0.0003773212298434278,Low Risk
704,39,1,124640.51,1,1,0,116511.12,1,5,565,True,False,False,False,False,False,1,1,0.9996467415290006,High Risk
815,37,2,110777.26,2,1,0,2383.59,0,3,623,True,False,True,True,False,False,0,0,0.0027674300637698917,Low Risk
671,23,9,123943.18,1,1,1,159553.27,0,2,873,True,False,False,False,True,False,0,0,0.0013161078449218243,Low Risk
626,35,4,88109.81,1,1,1,32825.5,0,5,279,True,False,True,False,False,True,0,0,0.001308805701923829,Low Risk
628,43,3,184926.61,1,1,0,122937.57,0,4,642,False,True,True,True,False,False,0,0,0.0006006825058593884,Low Risk
574,39,5,119013.86,1,1,0,103421.91,0,4,904,False,False,False,False,False,False,0,0,0.006185220882224522,Low Risk
521,39,7,0.0,2,0,1,653.58,0,4,912,False,False,True,False,True,False,0,0,0.00017541319033838502,Low Risk
559,62,6,118756.62,1,1,1,20367.68,0,5,931,False,False,True,False,True,False,0,0,0.00011457981948512885,Low Risk
623,29,1,0.0,2,0,0,39382.06,0,2,252,False,False,False,False,False,True,0,0,0.03312756006282378,Low Risk
769,34,7,115101.5,1,0,0,57841.89,1,2,804,True,False,True,False,False,True,1,1,0.9985060754061229,High Risk
723,37,3,94661.53,2,1,0,121239.65,0,2,279,True,False,True,False,False,True,0,0,0.007303871705510863,Low Risk
700,46,5,56580.95,2,0,1,45424.13,0,2,868,False,True,False,False,False,True,0,0,0.0004236756180113269,Low Risk
729,45,7,91091.06,2,1,0,71133.12,0,1,632,False,True,False,False,True,False,0,0,0.0036575131610423056,Low Risk
599,36,3,128960.21,2,1,1,40318.33,0,4,662,True,False,True,False,False,False,0,0,0.0003456598129971468,Low Risk
778,33,9,151772.63,2,0,0,180249.94,1,5,708,False,False,False,False,False,False,1,1,0.9965760130312064,High Risk
632,65,6,129472.33,1,1,1,85179.48,0,1,289,True,False,True,False,False,True,0,0,0.0015810763842148059,Low Risk
610,31,6,107784.65,1,1,1,141137.53,0,4,998,False,False,False,False,True,False,0,0,0.0003243913629613836,Low Risk
541,36,5,0.0,2,1,0,124795.84,0,2,920,False,False,True,False,True,False,0,0,0.0011204022805293664,Low Risk
445,33,7,0.0,2,1,0,122625.68,0,1,894,False,False,False,False,False,False,0,0,0.00780464473305786,Low Risk
731,30,5,0.0,2,1,0,189528.72,0,4,418,False,False,False,False,False,True,0,0,0.007835654600257501,Low Risk
589,48,5,126111.61,1,0,1,133961.19,0,2,249,True,False,True,True,False,False,0,0,0.0016466627449790757,Low Risk
693,39,0,0.0,2,0,0,81901.6,0,1,450,False,True,False,False,False,True,0,0,0.014799305175500623,Low Risk
717,39,6,0.0,2,1,0,93275.61,0,3,988,False,True,False,False,False,False,0,0,0.0028175662380784195,Low Risk
559,34,2,137390.11,2,1,0,9677.0,0,4,796,False,False,True,False,True,False,0,0,0.0007678431599868633,Low Risk
692,69,10,154953.94,1,1,1,70849.47,0,3,648,False,False,True,False,False,True,0,0,0.0001521510647151404,Low Risk
731,29,5,179539.2,1,0,0,112010.02,0,5,826,False,False,True,False,False,False,0,0,0.0012676671710273846,Low Risk
548,33,0,101084.36,1,1,0,42749.85,0,5,860,True,False,False,False,False,False,0,0,0.028895181432746747,Low Risk
529,72,5,94216.05,1,1,1,78695.68,0,2,712,True,False,True,False,False,False,0,0,0.0011110022785290987,Low Risk
608,56,10,129255.2,2,1,0,142492.04,1,2,281,False,False,False,False,True,False,1,1,0.9986541918759301,High Risk
613,33,3,155736.42,2,1,1,57751.21,0,4,633,True,False,True,False,True,False,0,0,0.0002465941361079597,Low Risk
718,33,4,70541.06,1,0,0,88592.8,0,2,811,True,False,False,False,False,False,0,0,0.052630508114465596,Low Risk
502,45,0,0.0,1,0,0,84663.21,0,5,553,False,False,True,False,False,True,0,0,0.007533717099401975,Low Risk
363,28,6,146098.43,3,1,0,100615.14,1,2,324,False,True,False,False,False,True,1,1,0.9963351055816875,High Risk
550,39,2,116120.19,2,1,1,195638.13,0,1,805,False,True,True,True,False,False,0,0,3.285335601569711e-05,Low Risk
531,31,2,118899.45,2,0,0,41409.36,0,2,349,False,True,True,False,False,False,0,0,0.0027491183304285418,Low Risk
798,32,7,0.0,2,0,1,37731.95,0,4,856,False,False,True,True,False,False,0,0,9.333704269959035e-05,Low Risk
649,29,2,45022.23,1,1,1,173495.77,0,4,595,False,True,True,False,True,False,0,0,0.00011888837194797351,Low Risk
447,43,2,0.0,2,1,0,33879.26,1,5,348,False,False,True,True,False,False,1,1,0.9959265528182191,High Risk
667,23,1,0.0,2,1,0,91573.19,0,3,474,False,False,True,False,False,True,0,0,0.0021861644798605783,Low Risk
587,37,6,104414.03,1,1,0,192026.02,0,4,749,True,False,False,False,False,False,0,0,0.025299405399289522,Low Risk
545,37,8,114754.08,1,1,0,136050.44,1,5,958,True,False,False,True,False,False,1,1,0.998939153541621,High Risk
728,59,4,0.0,1,1,1,163365.85,1,5,296,False,False,False,True,False,False,1,1,0.9922164297207942,High Risk
681,48,5,139714.4,2,0,0,73066.72,0,3,541,True,False,True,True,False,False,0,0,0.00481473263054222,Low Risk
773,43,7,138150.57,1,1,1,177357.16,0,2,936,False,True,True,False,False,True,0,0,4.240297888553182e-05,Low Risk
670,65,1,0.0,1,1,1,177655.68,1,2,915,False,True,False,True,False,False,1,1,0.974043189586942,High Risk
527,25,6,0.0,2,0,1,96758.58,0,3,430,False,False,False,False,False,True,0,0,0.0017451848533962958,Low Risk
581,31,6,116891.72,1,1,0,107137.3,0,2,258,True,False,True,False,False,True,0,0,0.015060914385898197,Low Risk
850,37,3,212778.2,1,0,1,69372.88,0,2,661,False,False,False,False,False,True,0,0,0.0006840068084212366,Low Risk
676,48,3,80697.44,1,0,0,101397.86,0,3,856,True,False,True,False,False,True,0,0,0.00933956842863949,Low Risk
850,26,8,123126.29,1,1,0,74425.41,0,5,240,True,False,False,False,False,False,0,0,0.04423115214085625,Low Risk
605,36,7,128829.25,1,1,0,190588.59,0,2,879,False,False,True,False,False,True,0,0,0.0010312854055107735,Low Risk
559,43,1,0.0,1,0,1,86634.3,0,5,830,False,False,False,False,True,False,0,0,0.0015852789978587367,Low Risk
556,43,6,0.0,3,0,0,125154.57,1,4,877,False,False,False,True,False,False,1,1,0.9961952314819881,High Risk
572,26,4,118287.01,2,0,0,60427.3,0,4,958,True,False,True,False,False,False,0,0,0.003600700548500653,Low Risk
839,47,2,136911.07,1,1,1,168184.62,1,3,674,True,False,True,False,False,False,1,1,0.9737688354247036,High Risk
676,48,2,124442.38,1,1,0,15068.53,1,4,879,True,False,False,True,False,False,1,1,0.9993146298143738,High Risk
735,50,2,0.0,2,0,1,147075.69,0,3,863,False,False,True,True,False,False,0,0,0.00010666044836838993,Low Risk
629,40,9,0.0,1,1,0,106.67,0,3,558,False,False,True,False,True,False,0,0,0.00447287492258085,Low Risk
535,44,2,114427.86,1,1,1,136330.26,0,1,948,False,False,False,False,True,False,0,0,0.0005772990678982345,Low Risk
557,32,3,123502.53,1,1,1,69826.8,0,4,723,False,False,False,False,False,False,0,0,0.0007881565299052742,Low Risk
807,42,5,0.0,2,1,1,74900.9,0,2,791,False,True,True,False,False,False,0,0,7.793289589307582e-05,Low Risk
510,65,2,0.0,2,1,1,48071.61,0,1,280,False,False,True,False,False,True,0,0,0.0005674778300466645,Low Risk
564,26,7,84006.88,2,0,0,183490.99,0,5,984,False,False,True,False,False,True,0,0,0.0006683972284113573,Low Risk
709,23,8,73314.04,2,1,0,63446.47,0,3,706,True,False,True,False,False,False,0,0,0.0037254961798191865,Low Risk
758,51,8,81710.46,1,1,1,116520.07,0,4,688,False,False,True,False,True,False,0,0,0.00013634341636318203,Low Risk
732,25,0,110942.9,1,0,0,172576.56,0,3,845,False,False,True,False,False,True,0,0,0.0016346529125285554,Low Risk
771,47,3,72664.0,2,1,1,107874.39,0,4,862,False,True,False,True,False,False,0,0,0.00012614916127837606,Low Risk
735,25,3,91718.8,1,0,0,28411.23,0,3,906,False,False,False,False,True,False,0,0,0.0092299065950286,Low Risk
778,37,0,105617.73,2,1,1,133699.82,1,1,607,True,False,False,True,False,False,1,1,0.9899972525652564,High Risk
528,32,0,68138.37,1,1,1,170309.19,0,2,871,False,True,False,False,False,True,0,0,0.00045501790997314154,Low Risk
849,35,4,110837.73,1,0,0,126419.8,0,3,599,False,False,True,False,True,False,0,0,0.0023892597399346976,Low Risk
589,21,3,0.0,2,0,1,55601.44,0,1,427,False,False,False,False,False,True,0,0,0.002134390110865036,Low Risk
738,58,2,133745.44,4,1,0,28373.86,1,4,725,True,False,True,True,False,False,1,1,0.9799427520193043,High Risk
504,49,7,0.0,3,0,1,87822.14,1,5,408,False,False,False,False,False,True,1,1,0.9876318372818329,High Risk
630,40,7,0.0,2,1,1,34453.17,0,4,777,False,False,False,True,False,False,0,0,0.00041292544235423735,Low Risk
527,36,6,0.0,2,1,1,102280.29,0,5,823,False,True,False,False,False,False,0,0,0.0003396856633964702,Low Risk
698,52,10,107304.39,3,1,0,28806.32,1,4,352,True,False,True,False,True,False,1,1,0.9961430868688712,High Risk
703,58,4,92930.92,1,0,1,85148.78,0,4,243,False,True,True,False,False,False,0,0,0.0004743221782931665,Low Risk
590,36,1,0.0,2,1,0,48876.84,0,1,614,False,False,True,False,False,True,0,0,0.0026284487411978702,Low Risk
579,37,4,0.0,2,1,1,32246.63,0,3,464,False,True,True,False,False,True,0,0,0.00016237472339300523,Low Risk
683,43,2,112499.42,2,1,0,30375.18,0,1,469,False,False,True,False,False,True,0,0,0.0018908925158844956,Low Risk
732,42,2,118889.66,2,0,0,87422.15,0,3,226,True,False,False,True,False,False,0,0,0.04023758401642227,Low Risk
648,43,7,139972.18,1,1,0,143668.58,0,5,586,False,False,False,False,True,False,0,0,0.006468953220803799,Low Risk
786,40,6,0.0,2,0,0,41248.8,0,5,326,False,True,True,False,True,False,0,0,0.002418118421122572,Low Risk
652,42,4,0.0,2,1,1,38152.01,0,5,230,False,True,False,True,False,False,0,0,0.0006912570802146685,Low Risk
730,39,6,140094.59,1,1,0,172450.04,1,4,408,False,True,False,True,False,False,1,1,0.9970999007935681,High Risk
616,32,6,0.0,2,1,1,43001.46,0,5,512,False,True,False,True,False,False,0,0,0.00038113113339897513,Low Risk
490,41,0,139659.04,1,1,1,176254.12,0,5,312,True,False,False,False,False,True,0,0,0.004414727803943564,Low Risk
514,66,9,0.0,2,1,1,14234.31,0,5,383,False,True,True,False,True,False,0,0,0.0001957272569870287,Low Risk
702,44,9,0.0,1,0,0,59207.41,1,4,977,False,True,True,False,False,False,1,1,0.993967958999624,High Risk
680,44,7,108724.98,1,0,1,72330.46,0,4,973,False,False,True,True,False,False,0,0,0.00010184335032070649,Low Risk
777,23,6,0.0,2,1,1,163225.48,0,4,605,False,False,True,False,True,False,0,0,9.062352200533452e-05,Low Risk
786,29,7,80895.44,2,1,0,64945.57,0,1,841,False,True,True,False,False,False,0,0,0.0005584157696379147,Low Risk
704,44,3,0.0,2,0,1,152884.85,0,5,323,False,False,True,False,False,False,0,0,0.00037636411160589306,Low Risk
737,28,8,0.0,2,1,0,106390.01,0,2,934,False,False,True,False,False,True,0,0,0.0008322682139056959,Low Risk
756,26,5,155143.52,1,0,1,135034.57,1,1,518,True,False,False,False,False,False,1,1,0.9975515756532966,High Risk
709,35,2,0.0,2,1,0,104982.39,0,2,422,False,True,True,True,False,False,0,0,0.0012246248612317575,Low Risk
815,57,5,0.0,3,0,0,38941.44,1,4,693,False,True,False,False,False,True,1,1,0.9967658905528259,High Risk
648,41,5,123049.21,1,0,1,5066.76,0,3,946,True,False,True,False,False,False,0,0,0.0007458619211995739,Low Risk
788,39,3,135139.33,1,0,1,113086.08,0,1,444,False,False,False,False,False,True,0,0,0.0016510327577219728,Low Risk
611,30,9,0.0,2,1,1,148887.69,0,4,973,False,False,True,True,False,False,0,0,4.433745767408785e-05,Low Risk
654,24,8,145081.73,1,1,1,130075.07,0,3,814,False,False,False,False,True,False,0,0,0.0003711395710754956,Low Risk
834,38,8,0.0,2,1,1,66485.26,0,3,539,False,True,True,True,False,False,0,0,6.685563421984848e-05,Low Risk
663,53,6,150200.23,1,0,1,151317.27,1,3,654,False,True,False,True,False,False,1,1,0.9752667867263424,High Risk
516,31,7,0.0,1,1,0,47018.75,0,2,326,False,True,False,True,False,False,0,0,0.01745319330759018,Low Risk
681,38,6,153722.47,1,1,0,101319.76,0,2,580,False,False,True,False,True,False,0,0,0.00172401209622703,Low Risk
656,27,3,150905.03,2,1,0,16998.72,0,4,839,True,False,False,True,False,False,0,0,0.007100053609630782,Low Risk
655,20,7,134397.61,1,0,0,28029.54,0,4,516,False,False,False,True,False,False,0,0,0.01097969505479513,Low Risk
579,41,0,141749.68,1,0,1,9201.53,0,2,602,True,False,True,False,True,False,0,0,0.0013703249587579645,Low Risk
645,40,3,129596.77,1,1,1,103232.6,0,4,897,False,False,False,False,False,True,0,0,0.0004220021690472916,Low Risk
498,29,9,0.0,1,1,0,190035.83,0,4,505,False,False,False,True,False,False,0,0,0.012110944149971468,Low Risk
807,43,1,105799.32,2,1,0,34888.04,1,4,924,False,False,True,False,False,False,1,1,0.9818437910727742,High Risk
636,29,3,97325.15,1,0,1,131924.38,0,3,945,True,False,False,False,False,True,0,0,0.002573658725211644,Low Risk
524,44,10,118569.03,2,0,0,82117.2,0,5,843,False,False,True,True,False,False,0,0,0.0007591374788030539,Low Risk
691,28,1,0.0,2,0,0,92865.41,0,5,569,False,False,True,True,False,False,0,0,0.001857013185256991,Low Risk
850,24,1,0.0,2,0,1,69052.87,0,3,888,False,True,False,False,False,True,0,0,0.0003560870656364277,Low Risk
707,55,1,0.0,2,0,1,54409.48,0,5,709,False,False,False,True,False,False,0,0,0.0007449367121891033,Low Risk
587,38,0,132122.42,2,0,0,31730.32,0,5,916,True,False,False,False,False,False,0,0,0.01870565021529864,Low Risk
756,60,3,115924.89,1,1,0,93524.19,1,3,523,True,False,False,False,False,False,1,1,0.9997618007509194,High Risk
588,34,3,120777.88,1,1,1,131729.52,0,5,512,False,False,False,True,False,False,0,0,0.0005978285430766333,Low Risk
707,47,3,0.0,2,1,0,174303.29,0,5,791,False,False,True,True,False,False,0,0,0.0006924832119037962,Low Risk
753,46,9,113909.69,3,1,0,92320.37,1,3,314,True,False,False,False,True,False,1,1,0.9990962192046561,High Risk
628,45,8,0.0,2,1,0,193903.06,0,2,684,False,False,False,False,False,False,0,0,0.007832742795001254,Low Risk
679,35,1,130463.55,2,1,1,37341.17,0,2,606,True,False,True,False,True,False,0,0,0.000350633317584871,Low Risk
611,43,9,127216.31,2,0,1,17913.25,0,3,564,True,False,False,False,False,False,0,0,0.0034727706079123255,Low Risk
622,28,1,143124.63,2,1,0,81723.8,0,4,295,True,False,False,True,False,False,0,0,0.01924647746234149,Low Risk
696,28,8,0.0,1,0,0,176713.47,0,3,671,False,True,True,False,False,True,0,0,0.0023469437248399404,Low Risk
626,26,8,0.0,2,0,0,191420.71,0,4,701,False,True,True,False,True,False,0,0,0.0010330432302300095,Low Risk
519,38,7,125328.56,1,1,0,188225.67,0,4,545,False,False,False,False,True,False,0,0,0.008473740957527676,Low Risk
679,26,3,76554.06,1,1,1,184800.27,0,5,795,False,True,False,True,False,False,0,0,0.00021107377455645025,Low Risk
791,44,5,0.0,2,1,1,123977.86,1,2,430,False,False,False,False,True,False,1,1,0.9868202672636673,High Risk
664,58,5,98668.18,1,1,1,60887.58,0,1,773,False,False,True,False,False,False,0,0,0.00023085265786132797,Low Risk
716,35,8,112808.18,1,0,1,17848.3,0,1,565,False,False,False,False,False,True,0,0,0.001757419242611961,Low Risk
729,31,8,164870.81,2,1,1,9567.39,0,4,249,False,True,True,False,True,False,0,0,7.412716525675573e-05,Low Risk
399,46,2,127655.22,1,1,0,139994.68,1,5,475,True,False,True,False,True,False,1,1,0.9988087494988346,High Risk
815,25,8,135161.67,1,1,1,136071.05,0,3,784,True,False,False,False,False,False,0,0,0.0014647967066571612,Low Risk
686,22,8,0.0,2,0,0,142331.85,0,2,467,False,True,True,True,False,False,0,0,0.001457104772923955,Low Risk
597,45,7,0.0,2,0,0,167756.45,0,2,972,False,False,True,False,True,False,0,0,0.0014623637884771251,Low Risk
509,32,9,170661.47,1,1,1,21646.2,0,4,994,True,False,True,False,False,True,0,0,0.000266007930414316,Low Risk
812,44,4,115049.15,2,1,0,165038.41,0,2,223,False,False,True,False,False,False,0,0,0.001989602752717112,Low Risk
575,53,1,84903.33,2,0,1,26015.8,0,3,899,False,True,True,True,False,False,0,0,6.757113691135596e-05,Low Risk
815,45,7,0.0,1,0,1,52885.23,1,5,666,False,False,True,False,False,True,1,1,0.9664863520831002,High Risk
671,35,1,144848.74,1,1,1,179012.3,0,5,731,True,False,True,False,True,False,0,0,0.00029902862661352654,Low Risk
623,57,7,71481.79,2,1,1,84421.34,0,3,847,False,False,False,False,False,False,0,0,0.0004462326643241669,Low Risk
580,35,10,136281.41,2,1,1,24799.47,0,3,722,True,False,True,True,False,False,0,0,0.00019536046557060027,Low Risk
787,51,0,58137.08,1,0,1,142538.31,0,5,456,False,False,True,False,False,False,0,0,0.00044059838592413553,Low Risk
588,35,1,103060.63,1,1,0,179866.01,1,5,697,True,False,False,False,False,False,1,1,0.9995885648060169,High Risk
615,58,3,72309.3,1,1,1,85687.09,1,3,648,True,False,True,True,False,False,1,1,0.9827790623014092,High Risk
591,34,3,96127.27,1,0,0,30972.06,0,4,427,False,False,False,False,False,False,0,0,0.03047433234395232,Low Risk
663,35,5,0.0,2,1,1,62634.94,0,5,252,False,True,True,False,False,True,0,0,0.000167193287196884,Low Risk
651,31,7,138008.06,2,1,0,129912.74,0,3,423,True,False,True,False,False,False,0,0,0.004640437861927678,Low Risk
626,38,7,141074.59,1,1,0,52795.56,1,2,323,False,False,True,False,False,False,1,1,0.9971716599029607,High Risk
790,46,8,182364.53,1,0,0,139266.48,1,2,661,False,True,True,True,False,False,1,1,0.9862631592177822,High Risk
738,49,6,106770.82,1,1,0,123499.27,0,1,315,False,False,True,False,True,False,0,0,0.003746922452968526,Low Risk
702,30,2,0.0,2,1,1,145537.32,0,3,786,False,True,True,True,False,False,0,0,4.374091313157202e-05,Low Risk
529,38,2,0.0,1,1,0,146388.85,1,5,339,False,False,False,False,False,False,1,1,0.9996053250037995,High Risk
623,33,2,80002.33,1,1,1,104079.62,0,2,343,True,False,True,False,False,False,0,0,0.0015993861085869911,Low Risk
556,51,8,61354.14,1,1,0,198810.65,1,4,647,False,False,False,True,False,False,1,1,0.9984233621890651,High Risk
607,39,10,0.0,3,1,0,132741.13,1,5,480,False,False,False,False,False,True,1,1,0.9971951951225768,High Risk
554,22,8,0.0,2,0,1,142670.61,0,4,540,False,False,False,False,False,True,0,0,0.0010895201947826033,Low Risk
542,32,2,131945.94,1,0,1,159737.56,0,3,406,False,True,True,False,False,True,0,0,0.00024465449574816736,Low Risk
747,21,4,81025.6,2,1,0,167682.57,0,1,463,False,False,False,False,False,True,0,0,0.0061064152656372895,Low Risk
622,35,8,0.0,2,1,1,131772.51,0,5,574,False,False,True,False,False,True,0,0,0.0001252285785572008,Low Risk
654,32,6,0.0,2,1,1,137898.57,0,5,311,False,False,True,False,False,True,0,0,0.000196566368883521,Low Risk
555,41,10,113270.2,2,1,1,185387.14,0,1,398,True,False,True,False,False,True,0,0,0.0005034415718129955,Low Risk
670,31,9,0.0,1,0,1,76254.83,0,3,761,False,False,False,False,False,False,0,0,0.0018659374375695544,Low Risk
662,22,9,0.0,2,1,1,44377.65,0,1,910,False,False,False,False,False,True,0,0,0.0004540674374747108,Low Risk
596,36,2,0.0,2,1,1,12067.39,0,4,933,False,False,True,False,False,True,0,0,0.00010108831612653363,Low Risk
656,45,5,127864.4,1,1,0,87107.57,0,2,221,False,False,True,False,True,False,0,0,0.004347701709116772,Low Risk
706,46,4,105214.58,1,1,0,108699.59,1,3,635,True,False,False,False,True,False,1,1,0.9996356989165435,High Risk
632,50,2,0.0,2,0,0,57942.88,0,1,419,False,False,True,False,True,False,0,0,0.005998647782927789,Low Risk
539,39,2,0.0,2,1,1,48189.94,0,4,457,False,True,True,True,False,False,0,0,0.00011857099838388068,Low Risk
667,48,2,0.0,2,1,1,148608.39,0,1,797,False,False,False,False,False,True,0,0,0.0006034830099011178,Low Risk
527,28,2,123802.98,2,1,1,155846.69,0,2,805,True,False,False,False,True,False,0,0,0.0010508716769995102,Low Risk
633,26,8,124281.84,1,1,1,60116.57,0,3,663,False,False,False,False,False,False,0,0,0.000789125337611116,Low Risk
445,37,3,0.0,2,1,1,180012.39,0,4,288,False,False,True,True,False,False,0,0,0.00021368714608682702,Low Risk
694,37,8,98218.04,2,1,0,182354.46,1,3,964,True,False,False,True,False,False,1,1,0.9978208565815706,High Risk
476,40,6,0.0,1,1,1,22735.45,0,4,507,False,False,True,False,True,False,0,0,0.0004718744106544607,Low Risk
767,45,7,132746.2,2,1,0,26628.88,1,1,313,True,False,False,False,False,True,1,1,0.9996479657139705,High Risk
513,42,10,0.0,2,0,1,73151.25,0,5,809,False,True,False,False,False,False,0,0,0.0006024125840413976,Low Risk
804,71,8,0.0,2,0,1,147995.96,0,5,455,False,False,False,False,False,True,0,0,0.0011980701504794838,Low Risk
547,35,4,0.0,1,1,1,133287.73,0,1,305,False,False,False,True,False,False,0,0,0.0023564942428017776,Low Risk
618,24,7,128736.39,1,0,1,37147.61,0,2,517,False,False,False,False,False,False,0,0,0.001927020701112715,Low Risk
662,30,5,115286.68,2,1,1,149587.92,0,3,264,True,False,True,True,False,False,0,0,0.00037394222678120915,Low Risk
525,25,10,0.0,2,1,0,69361.95,0,5,428,False,True,False,True,False,False,0,0,0.004918237894189547,Low Risk
661,48,3,120320.54,1,0,0,96463.25,0,5,727,False,False,True,False,True,False,0,0,0.002257501428497027,Low Risk
826,26,5,142662.68,1,0,0,60285.3,0,3,334,False,False,True,False,False,False,0,0,0.004388215088839895,Low Risk
587,32,3,125445.04,2,1,1,130514.78,0,3,764,True,False,False,False,False,True,0,0,0.0010624206422884222,Low Risk
636,36,1,0.0,1,1,0,43134.58,0,3,783,False,True,False,False,False,False,0,0,0.010541359031941788,Low Risk
630,41,7,107511.52,1,0,1,46156.87,0,5,419,False,True,True,False,False,True,0,0,0.00025250534940825725,Low Risk
647,28,6,149594.02,2,1,0,102325.19,0,5,607,False,True,True,False,False,True,0,0,0.00041950124982122444,Low Risk
762,51,3,99286.98,1,0,1,85578.63,0,5,887,False,False,False,False,False,True,0,0,0.0007226752320827191,Low Risk
778,29,7,123229.46,1,1,0,181221.09,0,3,977,True,False,False,False,True,False,0,0,0.010340545433297248,Low Risk
614,50,4,137104.47,1,1,0,127166.49,1,1,958,False,False,True,False,False,False,1,1,0.9916121551422551,High Risk
581,38,1,0.0,2,1,0,46176.22,0,2,950,False,False,True,False,True,False,0,0,0.0012733607826385435,Low Risk
629,35,1,172170.36,1,1,1,159777.37,0,2,230,False,False,True,True,False,False,0,0,0.00020098630446305013,Low Risk
670,42,6,112333.63,1,1,1,65706.86,0,4,569,False,False,False,False,True,False,0,0,0.0008293203288392872,Low Risk
655,41,5,0.0,1,0,0,36548.0,1,2,945,False,False,False,False,False,False,1,1,0.9994398817362677,High Risk
593,38,4,129499.42,1,1,1,154071.27,0,5,337,True,False,False,False,False,True,0,0,0.0037540552151488897,Low Risk
774,76,4,112510.89,1,1,1,143133.18,0,3,914,False,False,True,False,False,False,0,0,0.00011827118041160674,Low Risk
679,43,4,0.0,3,1,0,115136.51,1,2,961,False,False,False,False,False,False,1,1,0.9956804910799847,High Risk
665,39,10,46323.57,1,1,0,136812.02,0,2,469,False,False,True,True,False,False,0,0,0.0024960689687298612,Low Risk
715,32,8,175307.32,1,1,0,187051.23,0,3,672,False,False,True,True,False,False,0,0,0.0006876983822555044,Low Risk
422,33,2,0.0,2,1,0,102655.31,0,4,332,False,False,False,False,False,True,0,0,0.01713986049682689,Low Risk
701,26,5,83600.24,1,0,1,59195.05,0,2,916,False,True,True,False,False,False,0,0,0.00013847570038847464,Low Risk
656,33,4,0.0,2,1,0,116706.0,0,4,994,False,True,True,False,False,True,0,0,0.0004758531208359959,Low Risk
581,31,3,0.0,2,0,0,89040.61,0,3,557,False,False,True,False,True,False,0,0,0.0033652601386799925,Low Risk
620,38,0,0.0,2,1,1,38015.34,0,4,630,False,True,True,False,True,False,0,0,0.00010535155468337744,Low Risk
744,26,5,166297.89,1,1,1,181694.44,0,1,526,False,True,False,False,True,False,0,0,0.00037125941932863586,Low Risk
609,39,2,139443.75,2,1,0,9234.06,0,5,423,False,True,True,False,False,True,0,0,0.0009067238894063729,Low Risk
654,55,3,87485.67,1,1,1,3299.01,0,3,668,False,False,True,False,False,False,0,0,0.0002872628495389169,Low Risk
515,28,9,0.0,2,0,0,94141.75,0,3,772,False,False,False,False,True,False,0,0,0.010139697249203872,Low Risk
715,32,10,0.0,2,1,0,60907.49,0,3,852,False,False,False,False,False,False,0,0,0.005459345160157168,Low Risk
605,31,1,117992.59,1,1,1,183598.77,0,2,496,True,False,False,False,False,True,0,0,0.0035317581367011732,Low Risk
678,39,6,0.0,1,0,1,185366.56,0,4,965,False,True,False,True,False,False,0,0,0.0004171405965362334,Low Risk
714,40,9,46520.69,1,1,1,96687.25,0,4,860,False,False,True,False,True,False,0,0,0.00011779885191801055,Low Risk
663,42,1,82228.67,2,1,0,71359.78,0,5,366,False,False,False,False,False,True,0,0,0.008435883789550161,Low Risk
623,42,1,149332.48,2,1,0,100834.22,0,4,320,True,False,True,False,False,False,0,0,0.006342417555441688,Low Risk
751,28,10,132932.14,2,1,1,46630.47,0,5,411,True,False,False,False,False,False,0,0,0.0016315302716065755,Low Risk
525,36,2,114628.4,1,0,1,168290.06,0,1,969,False,False,True,False,False,True,0,0,0.00017830180188794503,Low Risk
682,27,1,97893.2,1,1,0,166144.98,0,5,635,False,False,False,False,False,False,0,0,0.007828601948813995,Low Risk
734,33,5,121898.58,1,1,0,61829.89,0,4,659,True,False,True,False,True,False,0,0,0.005265689259223151,Low Risk
525,30,5,0.0,2,0,1,149195.44,0,4,802,False,True,False,False,False,True,0,0,0.0004812471549444313,Low Risk
561,37,1,100443.36,2,0,1,101693.73,0,2,722,False,False,True,True,False,False,0,0,0.00011636211151932036,Low Risk
610,46,5,91897.8,1,1,0,54394.28,0,1,914,False,True,True,False,False,True,0,0,0.0011676571218894524,Low Risk
667,27,2,138032.15,1,1,0,166317.71,0,2,904,True,False,True,True,False,False,0,0,0.0024775866528604917,Low Risk
444,34,2,144318.97,1,1,0,112668.06,0,4,310,False,False,True,False,False,True,0,0,0.0035605123405485673,Low Risk
721,40,3,0.0,1,1,1,144874.67,0,1,391,False,False,True,False,False,True,0,0,0.0004751861848278115,Low Risk
708,47,0,126589.12,2,0,1,132730.07,1,5,856,False,False,False,True,False,False,1,1,0.9541977809086253,High Risk
703,45,5,0.0,2,1,0,131906.44,0,3,599,False,False,False,False,True,False,0,0,0.007568546566108574,Low Risk
684,32,9,100249.41,2,0,1,67599.69,0,2,702,False,False,True,False,False,True,0,0,0.00012859910645834373,Low Risk
706,54,9,117444.51,1,1,1,186238.85,0,2,344,False,False,True,False,True,False,0,0,0.00024146130981958229,Low Risk
584,44,5,95671.75,2,1,1,106564.88,0,2,662,False,False,False,False,False,True,0,0,0.0004983315087622489,Low Risk
541,51,7,90373.28,2,1,0,179861.79,0,4,935,True,False,True,False,True,False,0,0,0.0020489146201891953,Low Risk
619,46,8,62400.48,1,1,1,132498.39,1,5,862,False,True,True,True,False,False,1,1,0.8200940765605936,High Risk
373,42,7,0.0,1,1,0,77786.37,1,3,986,False,False,True,True,False,False,1,1,0.9938016075370814,High Risk
670,36,7,0.0,2,0,0,59571.5,0,2,871,False,False,True,False,False,False,0,0,0.0022683646878878415,Low Risk
583,39,1,129299.28,2,1,0,73107.6,0,1,378,False,False,True,False,False,False,0,0,0.002449824747855881,Low Risk
605,52,7,0.0,2,1,1,173952.5,0,3,435,False,False,True,False,True,False,0,0,0.0001994912597323972,Low Risk
719,44,4,0.0,1,0,0,84972.9,1,5,582,False,True,True,False,False,False,1,1,0.9968681364809022,High Risk
808,25,7,0.0,2,0,1,23180.37,0,4,387,False,True,True,True,False,False,0,0,0.00013898838704541082,Low Risk
359,44,6,128747.69,1,1,0,146955.71,1,1,981,False,False,False,False,True,False,1,1,0.9982491749543666,High Risk
696,25,8,126442.59,1,1,0,121904.44,0,4,267,False,False,False,False,False,True,0,0,0.012123253318429162,Low Risk
675,21,8,98373.26,1,1,0,18203.0,0,5,985,False,False,False,False,False,True,0,0,0.004118036405480314,Low Risk
647,35,6,112668.7,1,0,1,122584.29,0,3,525,False,False,False,False,True,False,0,0,0.0013942974579861601,Low Risk
709,37,7,0.0,1,1,0,159486.76,0,5,981,False,False,True,False,False,True,0,0,0.0011715669939482232,Low Risk
704,36,2,175509.8,2,1,0,152039.67,0,3,397,False,True,False,False,True,False,0,0,0.0027943988106324895,Low Risk
735,33,4,0.0,2,1,0,149474.69,0,2,999,False,False,False,False,False,False,0,0,0.004065170602301075,Low Risk
588,32,3,109109.33,1,0,1,4993.94,0,3,447,False,True,True,True,False,False,0,0,0.00023834985057461056,Low Risk
731,39,2,126816.18,1,1,1,74850.93,0,1,403,False,True,False,False,False,True,0,0,0.0008567471780945206,Low Risk
535,31,7,111855.04,2,1,1,36278.89,0,1,467,False,False,False,False,False,False,0,0,0.0009082783075550517,Low Risk
609,32,7,71872.19,1,1,1,151924.9,0,2,484,False,False,True,False,False,True,0,0,0.0002585632771445575,Low Risk
580,31,2,0.0,2,0,1,64014.24,0,1,316,False,False,True,False,True,False,0,0,0.0005799509764215339,Low Risk
533,22,10,115743.6,1,0,0,43852.05,0,3,706,True,False,False,True,False,False,0,0,0.03558259105186988,Low Risk
